month,phase,portfolio,factor,cut,r_portfolio,r_benchmark,excess
2007-01,exploration,decile,momentum,含 2008,-0.06912560468283835,-0.026835681946643986,-0.04228992273619436
2007-02,exploration,decile,momentum,含 2008,0.07532181011380645,0.01851851851851838,0.056803291595288075
2007-03,exploration,decile,momentum,含 2008,-0.008945537855749586,-0.02251082251082248,0.013565284655072896
2007-04,exploration,decile,momentum,含 2008,-0.0024121598307672576,0.00797165633303809,-0.010383816163805348
2007-05,exploration,decile,momentum,含 2008,0.03463052348263784,0.05008787346221455,-0.015457349979576707
2007-06,exploration,decile,momentum,含 2008,0.0802621423233425,0.08786610878661061,-0.007603966463268108
2007-07,exploration,decile,momentum,含 2008,0.125355908857387,0.02000000000000024,0.10535590885738677
2007-08,exploration,decile,momentum,含 2008,-0.12040010307281002,-0.010558069381598978,-0.10984203369121104
2007-09,exploration,decile,momentum,含 2008,0.01698607107583827,0.05716463414634143,-0.04017856307050316
2007-10,exploration,decile,momentum,含 2008,-0.08159687713116315,0.04941733974063767,-0.13101421687180081
2007-11,exploration,decile,momentum,含 2008,-0.174540015041727,-0.11965811965811957,-0.05488189538360744
2007-12,exploration,decile,momentum,含 2008,-0.03839919069459763,-0.005663430420712046,-0.032735760273885584
2008-01,exploration,decile,momentum,含 2008,-0.1964162138101495,-0.1057770545158665,-0.09063915929428301
2008-02,exploration,decile,momentum,含 2008,0.22488733095866897,0.10737033666969964,0.11751699428896933
2008-03,exploration,decile,momentum,含 2008,0.03268204033987776,-0.006573541495480617,0.03925558183535838
2008-04,exploration,decile,momentum,含 2008,0.06427944119442497,0.05707196029776673,0.007207480896658236
2008-05,exploration,decile,momentum,含 2008,-0.05397745141453636,-0.026604068857589924,-0.027373382556946435
2008-06,exploration,decile,momentum,含 2008,-0.20059220611739126,-0.11575562700964648,-0.08483657910774478
2008-07,exploration,decile,momentum,含 2008,0.02427077632089958,-0.047272727272727355,0.07154350359362693
2008-08,exploration,decile,momentum,含 2008,-0.01490496860960211,0.02385496183206115,-0.03875993044166326
2008-09,exploration,decile,momentum,含 2008,-0.2846048308045648,-0.16868592730661702,-0.11591890349794776
2008-10,exploration,decile,momentum,含 2008,-0.15113010899340773,-0.1318196964161692,-0.019310412577238534
2008-11,exploration,decile,momentum,含 2008,-0.07429226345086848,-0.12068965517241359,0.04639739172154511
2008-12,exploration,decile,momentum,含 2008,0.07644272631364091,0.02303143479614045,0.05341129151750046
2009-01,exploration,decile,momentum,含 2008,-0.05198274999437624,-0.07210222087009421,0.02011947087571797
2009-02,exploration,decile,momentum,含 2008,0.04749916397887577,0.08360655737704903,-0.03610739339817326
2009-03,exploration,decile,momentum,含 2008,0.13630505042451246,0.10862329803328308,0.027681752391229386
2009-04,exploration,decile,momentum,含 2008,0.10594992587385699,0.15038209606986874,-0.044432170196011755
2009-05,exploration,decile,momentum,含 2008,0.13881085406043758,0.1387900355871885,2.081847324908459e-05
2009-06,exploration,decile,momentum,含 2008,-0.050097546006337645,-0.07374999999999987,0.023652453993662226
2009-07,exploration,decile,momentum,含 2008,0.10963075305232572,0.10256410256410242,0.007066650488223303
2009-08,exploration,decile,momentum,含 2008,-0.06689483073794067,-0.011627906976744207,-0.05526692376119646
2009-09,exploration,decile,momentum,含 2008,0.07305088720742936,0.10010319917440658,-0.027052311966977216
2009-10,exploration,decile,momentum,含 2008,-0.0002909181893077095,-0.012568932432865498,0.012278014243557789
2009-11,exploration,decile,momentum,含 2008,0.04698639537827787,0.020329138431752325,0.026657256946525543
2009-12,exploration,decile,momentum,含 2008,0.08532691183157848,0.07115749525616688,0.014169416575411597
2010-01,exploration,decile,momentum,含 2008,-0.1446953122661313,-0.0611160318866254,-0.0835792803795059
2010-02,exploration,decile,momentum,含 2008,-0.0007096086756086528,-0.027358490566037785,0.026648881890429132
2010-03,exploration,decile,momentum,含 2008,0.14388144072052444,0.05237633365664407,0.09150510706388038
2010-04,exploration,decile,momentum,含 2008,0.004480206054592317,0.010138248847926246,-0.005658042793333928
2010-05,exploration,decile,momentum,含 2008,-0.09087650250113888,-0.08576642335766416,-0.005110079143474722
2010-06,exploration,decile,momentum,含 2008,-0.030147566041756058,-0.010978043912175828,-0.01916952212958023
2010-07,exploration,decile,momentum,含 2008,0.050514969195223136,0.08779011099899114,-0.03727514180376801
2010-08,exploration,decile,momentum,含 2008,-0.04910152071546425,-0.011131725417439786,-0.03796979529802447
2010-09,exploration,decile,momentum,含 2008,0.13622740099255792,0.0825515947467168,0.05367580624584112
2010-10,exploration,decile,momentum,含 2008,-0.039641489982647604,0.009429465263769421,-0.049070955246417025
2010-11,exploration,decile,momentum,含 2008,-0.012369847844118653,0.019642857142857073,-0.032012704986975726
2010-12,exploration,decile,momentum,含 2008,0.013599226695122368,0.07530647985989458,-0.06170725316477221
2011-01,exploration,decile,momentum,含 2008,-0.026641480525812944,0.026058631921824338,-0.05270011244763728
2011-02,exploration,decile,momentum,含 2008,-0.011123250247455752,-0.05555555555555569,0.04443230530809994
2011-03,exploration,decile,momentum,含 2008,0.006939776237718798,0.0008403361344537785,0.006099440103265019
2011-04,exploration,decile,momentum,含 2008,0.020620855468015176,0.04114189756507147,-0.020521042097056297
2011-05,exploration,decile,momentum,含 2008,0.013283406256965336,0.0,0.013283406256965336
2011-06,exploration,decile,momentum,含 2008,-0.032264035398994695,-0.05080645161290309,0.018542416213908397
2011-07,exploration,decile,momentum,含 2008,0.0398897297356795,0.017841971112999122,0.02204775862268038
2011-08,exploration,decile,momentum,含 2008,-0.12855926396322215,-0.08931552587646074,-0.039243738086761404
2011-09,exploration,decile,momentum,含 2008,-0.12871350134200688,-0.0531622364802935,-0.07555126486171337
2011-10,exploration,decile,momentum,含 2008,0.0676493737090893,0.048804738873702735,0.018844634835386564
2011-11,exploration,decile,momentum,含 2008,-0.15322607786415587,-0.07892720306513423,-0.07429887479902164
2011-12,exploration,decile,momentum,含 2008,0.011266252393835163,0.03598169717138111,-0.024715444777545947
2012-01,exploration,decile,momentum,含 2008,0.0963589418029902,0.04296326038948006,0.05339568141351014
2012-02,exploration,decile,momentum,含 2008,0.1140937331246481,0.0779595765158807,0.0361341566087674
2012-03,exploration,decile,momentum,含 2008,0.00997222563912481,-0.019642857142857073,0.029615082781981883
2012-04,exploration,decile,momentum,含 2008,-0.08355429601944997,-0.051912568306010876,-0.031641727713439094
2012-05,exploration,decile,momentum,含 2008,-0.013803364962870712,-0.036503362151777186,0.022699997188906473
2012-06,exploration,decile,momentum,含 2008,-0.00632011740287064,0.0009970089730808596,-0.007317126375951499
2012-07,exploration,decile,momentum,含 2008,0.03724613071300209,0.017928286852589626,0.019317843860412465
2012-08,exploration,decile,momentum,含 2008,0.025344681045451622,0.03228962818003911,-0.006944947134587487
2012-09,exploration,decile,momentum,含 2008,0.0014934677315205924,0.04549763033175358,-0.04400416260023299
2012-10,exploration,decile,momentum,含 2008,-0.0983207706406809,-0.053010976208595295,-0.045309794432085604
2012-11,exploration,decile,momentum,含 2008,0.05636583948261231,0.06250000000000022,-0.00613416051738791
2012-12,exploration,decile,momentum,含 2008,0.011924759277385233,0.00466853408029877,0.007256225197086463
2013-01,exploration,decile,momentum,含 2008,0.03534618606308482,0.014869888475836479,0.020476297587248338
2013-02,exploration,decile,momentum,含 2008,0.04309388458442376,0.010989010989011172,0.032104873595412586
2013-03,exploration,decile,momentum,含 2008,0.06533265547573408,-0.0018115942028986698,0.06714424967863275
2013-04,exploration,decile,momentum,含 2008,0.005107417410939563,0.023593466424682408,-0.018486049013742845
2013-05,exploration,decile,momentum,含 2008,0.05744823509108188,0.009751773049645474,0.047696462041436405
2013-06,exploration,decile,momentum,含 2008,-0.03667516191474007,-0.032484635645302906,-0.004190526269437167
2013-07,exploration,decile,momentum,含 2008,0.03165982738350914,0.027223230490017958,0.004436596893491185
2013-08,exploration,decile,momentum,含 2008,-0.004118633568092722,-0.013250883392226132,0.00913224982413341
2013-09,exploration,decile,momentum,含 2008,0.005921487585582419,0.02327663384064449,-0.01735514625506207
2013-10,exploration,decile,momentum,含 2008,0.025743036132483965,0.03697194781776969,-0.011228911685285725
2013-11,exploration,decile,momentum,含 2008,0.009607966705605708,-0.006044905008635526,0.015652871714241234
2013-12,exploration,decile,momentum,含 2008,0.04812317069486194,0.019982623805386623,0.028140546889475315
2014-01,exploration,decile,momentum,含 2008,-0.02874558388450188,-0.01873935264054505,-0.010006231243956831
2014-02,exploration,decile,momentum,含 2008,0.09952853252396232,0.012152777777777679,0.08737575474618464
2014-03,exploration,decile,momentum,含 2008,0.01309565866362683,0.030874785591766818,-0.017779126928139988
2014-04,exploration,decile,momentum,含 2008,-0.060286575176652035,0.014975041597337757,-0.07526161677398979
2014-05,exploration,decile,momentum,含 2008,0.06575707827438837,0.03442622950819674,0.03133084876619163
2014-06,exploration,decile,momentum,含 2008,0.03848244727127126,0.045166402535657735,-0.006683955264386476
2014-07,exploration,decile,momentum,含 2008,-0.044545589360530435,0.012130401819560266,-0.0566759911800907
2014-08,exploration,decile,momentum,含 2008,-0.04900919365050804,0.0367041198501874,-0.08571331350069544
2014-09,exploration,decile,momentum,含 2008,-0.04420278658905075,-0.0563583815028903,0.012155594913839551
2014-10,exploration,decile,momentum,含 2008,-0.08443759311010257,0.024409448818897506,-0.10884704192900008
2014-11,exploration,decile,momentum,含 2008,0.010169244189150328,0.03369065849923447,-0.023521414310084143
2014-12,exploration,decile,momentum,含 2008,0.06664401470297432,-0.009629629629629766,0.07627364433260408
2015-01,exploration,decile,momentum,含 2008,-0.008620348617702889,0.01720269259536278,-0.025823041213065667
2015-02,exploration,decile,momentum,含 2008,-0.0052420629112569506,0.03382352941176481,-0.03906559232302176
2015-03,exploration,decile,momentum,含 2008,0.02787920379703257,-0.01778093883357046,0.04566014263060303
2015-04,exploration,decile,momentum,含 2008,-0.04530791655946065,0.0347574221578566,-0.08006533871731725
2015-05,exploration,decile,momentum,含 2008,-0.016825032748053137,-0.004898530440867965,-0.011926502307185172
2015-06,exploration,decile,momentum,含 2008,-0.04922216341772023,-0.023909985935302136,-0.025312177482418097
2015-07,exploration,decile,momentum,含 2008,-0.14971628544840998,-0.046829971181556296,-0.10288631426685368
2015-08,exploration,decile,momentum,含 2008,-0.08008598252426058,-0.058201058201058364,-0.021884924323202215
2015-09,exploration,decile,momentum,含 2008,0.050769151939197066,0.0016051364365972098,0.049164015502599856
2015-10,exploration,decile,momentum,含 2008,0.08201480198091082,0.04452068536575582,0.037494116615155004
2015-11,exploration,decile,momentum,含 2008,-0.022708110867236564,-0.031645569620253,0.008937458753016436
2015-12,exploration,decile,momentum,含 2008,0.022528832579059133,-0.007352941176470673,0.029881773755529806
2007-01,exploration,decile,momentum,排除 2008,-0.06912560468283835,-0.026835681946643986,-0.04228992273619436
2007-02,exploration,decile,momentum,排除 2008,0.07532181011380645,0.01851851851851838,0.056803291595288075
2007-03,exploration,decile,momentum,排除 2008,-0.008945537855749586,-0.02251082251082248,0.013565284655072896
2007-04,exploration,decile,momentum,排除 2008,-0.0024121598307672576,0.00797165633303809,-0.010383816163805348
2007-05,exploration,decile,momentum,排除 2008,0.03463052348263784,0.05008787346221455,-0.015457349979576707
2007-06,exploration,decile,momentum,排除 2008,0.0802621423233425,0.08786610878661061,-0.007603966463268108
2007-07,exploration,decile,momentum,排除 2008,0.125355908857387,0.02000000000000024,0.10535590885738677
2007-08,exploration,decile,momentum,排除 2008,-0.12040010307281002,-0.010558069381598978,-0.10984203369121104
2007-09,exploration,decile,momentum,排除 2008,0.01698607107583827,0.05716463414634143,-0.04017856307050316
2007-10,exploration,decile,momentum,排除 2008,-0.08159687713116315,0.04941733974063767,-0.13101421687180081
2007-11,exploration,decile,momentum,排除 2008,-0.174540015041727,-0.11965811965811957,-0.05488189538360744
2007-12,exploration,decile,momentum,排除 2008,-0.03839919069459763,-0.005663430420712046,-0.032735760273885584
2009-01,exploration,decile,momentum,排除 2008,-0.05198274999437624,-0.07210222087009421,0.02011947087571797
2009-02,exploration,decile,momentum,排除 2008,0.04749916397887577,0.08360655737704903,-0.03610739339817326
2009-03,exploration,decile,momentum,排除 2008,0.13630505042451246,0.10862329803328308,0.027681752391229386
2009-04,exploration,decile,momentum,排除 2008,0.10594992587385699,0.15038209606986874,-0.044432170196011755
2009-05,exploration,decile,momentum,排除 2008,0.13881085406043758,0.1387900355871885,2.081847324908459e-05
2009-06,exploration,decile,momentum,排除 2008,-0.050097546006337645,-0.07374999999999987,0.023652453993662226
2009-07,exploration,decile,momentum,排除 2008,0.10963075305232572,0.10256410256410242,0.007066650488223303
2009-08,exploration,decile,momentum,排除 2008,-0.06689483073794067,-0.011627906976744207,-0.05526692376119646
2009-09,exploration,decile,momentum,排除 2008,0.07305088720742936,0.10010319917440658,-0.027052311966977216
2009-10,exploration,decile,momentum,排除 2008,-0.0002909181893077095,-0.012568932432865498,0.012278014243557789
2009-11,exploration,decile,momentum,排除 2008,0.04698639537827787,0.020329138431752325,0.026657256946525543
2009-12,exploration,decile,momentum,排除 2008,0.08532691183157848,0.07115749525616688,0.014169416575411597
2010-01,exploration,decile,momentum,排除 2008,-0.1446953122661313,-0.0611160318866254,-0.0835792803795059
2010-02,exploration,decile,momentum,排除 2008,-0.0007096086756086528,-0.027358490566037785,0.026648881890429132
2010-03,exploration,decile,momentum,排除 2008,0.14388144072052444,0.05237633365664407,0.09150510706388038
2010-04,exploration,decile,momentum,排除 2008,0.004480206054592317,0.010138248847926246,-0.005658042793333928
2010-05,exploration,decile,momentum,排除 2008,-0.09087650250113888,-0.08576642335766416,-0.005110079143474722
2010-06,exploration,decile,momentum,排除 2008,-0.030147566041756058,-0.010978043912175828,-0.01916952212958023
2010-07,exploration,decile,momentum,排除 2008,0.050514969195223136,0.08779011099899114,-0.03727514180376801
2010-08,exploration,decile,momentum,排除 2008,-0.04910152071546425,-0.011131725417439786,-0.03796979529802447
2010-09,exploration,decile,momentum,排除 2008,0.13622740099255792,0.0825515947467168,0.05367580624584112
2010-10,exploration,decile,momentum,排除 2008,-0.039641489982647604,0.009429465263769421,-0.049070955246417025
2010-11,exploration,decile,momentum,排除 2008,-0.012369847844118653,0.019642857142857073,-0.032012704986975726
2010-12,exploration,decile,momentum,排除 2008,0.013599226695122368,0.07530647985989458,-0.06170725316477221
2011-01,exploration,decile,momentum,排除 2008,-0.026641480525812944,0.026058631921824338,-0.05270011244763728
2011-02,exploration,decile,momentum,排除 2008,-0.011123250247455752,-0.05555555555555569,0.04443230530809994
2011-03,exploration,decile,momentum,排除 2008,0.006939776237718798,0.0008403361344537785,0.006099440103265019
2011-04,exploration,decile,momentum,排除 2008,0.020620855468015176,0.04114189756507147,-0.020521042097056297
2011-05,exploration,decile,momentum,排除 2008,0.013283406256965336,0.0,0.013283406256965336
2011-06,exploration,decile,momentum,排除 2008,-0.032264035398994695,-0.05080645161290309,0.018542416213908397
2011-07,exploration,decile,momentum,排除 2008,0.0398897297356795,0.017841971112999122,0.02204775862268038
2011-08,exploration,decile,momentum,排除 2008,-0.12855926396322215,-0.08931552587646074,-0.039243738086761404
2011-09,exploration,decile,momentum,排除 2008,-0.12871350134200688,-0.0531622364802935,-0.07555126486171337
2011-10,exploration,decile,momentum,排除 2008,0.0676493737090893,0.048804738873702735,0.018844634835386564
2011-11,exploration,decile,momentum,排除 2008,-0.15322607786415587,-0.07892720306513423,-0.07429887479902164
2011-12,exploration,decile,momentum,排除 2008,0.011266252393835163,0.03598169717138111,-0.024715444777545947
2012-01,exploration,decile,momentum,排除 2008,0.0963589418029902,0.04296326038948006,0.05339568141351014
2012-02,exploration,decile,momentum,排除 2008,0.1140937331246481,0.0779595765158807,0.0361341566087674
2012-03,exploration,decile,momentum,排除 2008,0.00997222563912481,-0.019642857142857073,0.029615082781981883
2012-04,exploration,decile,momentum,排除 2008,-0.08355429601944997,-0.051912568306010876,-0.031641727713439094
2012-05,exploration,decile,momentum,排除 2008,-0.013803364962870712,-0.036503362151777186,0.022699997188906473
2012-06,exploration,decile,momentum,排除 2008,-0.00632011740287064,0.0009970089730808596,-0.007317126375951499
2012-07,exploration,decile,momentum,排除 2008,0.03724613071300209,0.017928286852589626,0.019317843860412465
2012-08,exploration,decile,momentum,排除 2008,0.025344681045451622,0.03228962818003911,-0.006944947134587487
2012-09,exploration,decile,momentum,排除 2008,0.0014934677315205924,0.04549763033175358,-0.04400416260023299
2012-10,exploration,decile,momentum,排除 2008,-0.0983207706406809,-0.053010976208595295,-0.045309794432085604
2012-11,exploration,decile,momentum,排除 2008,0.05636583948261231,0.06250000000000022,-0.00613416051738791
2012-12,exploration,decile,momentum,排除 2008,0.011924759277385233,0.00466853408029877,0.007256225197086463
2013-01,exploration,decile,momentum,排除 2008,0.03534618606308482,0.014869888475836479,0.020476297587248338
2013-02,exploration,decile,momentum,排除 2008,0.04309388458442376,0.010989010989011172,0.032104873595412586
2013-03,exploration,decile,momentum,排除 2008,0.06533265547573408,-0.0018115942028986698,0.06714424967863275
2013-04,exploration,decile,momentum,排除 2008,0.005107417410939563,0.023593466424682408,-0.018486049013742845
2013-05,exploration,decile,momentum,排除 2008,0.05744823509108188,0.009751773049645474,0.047696462041436405
2013-06,exploration,decile,momentum,排除 2008,-0.03667516191474007,-0.032484635645302906,-0.004190526269437167
2013-07,exploration,decile,momentum,排除 2008,0.03165982738350914,0.027223230490017958,0.004436596893491185
2013-08,exploration,decile,momentum,排除 2008,-0.004118633568092722,-0.013250883392226132,0.00913224982413341
2013-09,exploration,decile,momentum,排除 2008,0.005921487585582419,0.02327663384064449,-0.01735514625506207
2013-10,exploration,decile,momentum,排除 2008,0.025743036132483965,0.03697194781776969,-0.011228911685285725
2013-11,exploration,decile,momentum,排除 2008,0.009607966705605708,-0.006044905008635526,0.015652871714241234
2013-12,exploration,decile,momentum,排除 2008,0.04812317069486194,0.019982623805386623,0.028140546889475315
2014-01,exploration,decile,momentum,排除 2008,-0.02874558388450188,-0.01873935264054505,-0.010006231243956831
2014-02,exploration,decile,momentum,排除 2008,0.09952853252396232,0.012152777777777679,0.08737575474618464
2014-03,exploration,decile,momentum,排除 2008,0.01309565866362683,0.030874785591766818,-0.017779126928139988
2014-04,exploration,decile,momentum,排除 2008,-0.060286575176652035,0.014975041597337757,-0.07526161677398979
2014-05,exploration,decile,momentum,排除 2008,0.06575707827438837,0.03442622950819674,0.03133084876619163
2014-06,exploration,decile,momentum,排除 2008,0.03848244727127126,0.045166402535657735,-0.006683955264386476
2014-07,exploration,decile,momentum,排除 2008,-0.044545589360530435,0.012130401819560266,-0.0566759911800907
2014-08,exploration,decile,momentum,排除 2008,-0.04900919365050804,0.0367041198501874,-0.08571331350069544
2014-09,exploration,decile,momentum,排除 2008,-0.04420278658905075,-0.0563583815028903,0.012155594913839551
2014-10,exploration,decile,momentum,排除 2008,-0.08443759311010257,0.024409448818897506,-0.10884704192900008
2014-11,exploration,decile,momentum,排除 2008,0.010169244189150328,0.03369065849923447,-0.023521414310084143
2014-12,exploration,decile,momentum,排除 2008,0.06664401470297432,-0.009629629629629766,0.07627364433260408
2015-01,exploration,decile,momentum,排除 2008,-0.008620348617702889,0.01720269259536278,-0.025823041213065667
2015-02,exploration,decile,momentum,排除 2008,-0.0052420629112569506,0.03382352941176481,-0.03906559232302176
2015-03,exploration,decile,momentum,排除 2008,0.02787920379703257,-0.01778093883357046,0.04566014263060303
2015-04,exploration,decile,momentum,排除 2008,-0.04530791655946065,0.0347574221578566,-0.08006533871731725
2015-05,exploration,decile,momentum,排除 2008,-0.016825032748053137,-0.004898530440867965,-0.011926502307185172
2015-06,exploration,decile,momentum,排除 2008,-0.04922216341772023,-0.023909985935302136,-0.025312177482418097
2015-07,exploration,decile,momentum,排除 2008,-0.14971628544840998,-0.046829971181556296,-0.10288631426685368
2015-08,exploration,decile,momentum,排除 2008,-0.08008598252426058,-0.058201058201058364,-0.021884924323202215
2015-09,exploration,decile,momentum,排除 2008,0.050769151939197066,0.0016051364365972098,0.049164015502599856
2015-10,exploration,decile,momentum,排除 2008,0.08201480198091082,0.04452068536575582,0.037494116615155004
2015-11,exploration,decile,momentum,排除 2008,-0.022708110867236564,-0.031645569620253,0.008937458753016436
2015-12,exploration,decile,momentum,排除 2008,0.022528832579059133,-0.007352941176470673,0.029881773755529806
2007-01,exploration,decile,size,含 2008,-0.01111941067636324,-0.026835681946643986,0.015716271270280746
2007-02,exploration,decile,size,含 2008,0.03122965155140056,0.01851851851851838,0.012711133032882183
2007-03,exploration,decile,size,含 2008,0.08962641245661973,-0.02251082251082248,0.11213723496744221
2007-04,exploration,decile,size,含 2008,-0.0037389442281099416,0.00797165633303809,-0.011710600561148032
2007-05,exploration,decile,size,含 2008,0.05605187168188697,0.05008787346221455,0.005963998219672417
2007-06,exploration,decile,size,含 2008,0.09384314664231863,0.08786610878661061,0.005977037855708023
2007-07,exploration,decile,size,含 2008,0.09386999019320696,0.02000000000000024,0.07386999019320672
2007-08,exploration,decile,size,含 2008,-0.15585303644125492,-0.010558069381598978,-0.14529496705965594
2007-09,exploration,decile,size,含 2008,0.03265290096394535,0.05716463414634143,-0.024511733182396078
2007-10,exploration,decile,size,含 2008,-0.08221750363156377,0.04941733974063767,-0.13163484337220144
2007-11,exploration,decile,size,含 2008,-0.17618759516254467,-0.11965811965811957,-0.05652947550442511
2007-12,exploration,decile,size,含 2008,-0.06412738938897133,-0.005663430420712046,-0.05846395896825929
2008-01,exploration,decile,size,含 2008,-0.1401972752545374,-0.1057770545158665,-0.034420220738670904
2008-02,exploration,decile,size,含 2008,0.20634123752301448,0.10737033666969964,0.09897090085331484
2008-03,exploration,decile,size,含 2008,0.06392503059792376,-0.006573541495480617,0.07049857209340438
2008-04,exploration,decile,size,含 2008,0.0690570580832548,0.05707196029776673,0.011985097785488064
2008-05,exploration,decile,size,含 2008,-0.013652860906958275,-0.026604068857589924,0.012951207950631649
2008-06,exploration,decile,size,含 2008,-0.20687544732243435,-0.11575562700964648,-0.09111982031278787
2008-07,exploration,decile,size,含 2008,-0.025656766651401375,-0.047272727272727355,0.02161596062132598
2008-08,exploration,decile,size,含 2008,-0.03311045161663628,0.02385496183206115,-0.05696541344869743
2008-09,exploration,decile,size,含 2008,-0.3052132017204432,-0.16868592730661702,-0.13652727441382617
2008-10,exploration,decile,size,含 2008,-0.08235228074889756,-0.1318196964161692,0.04946741566727164
2008-11,exploration,decile,size,含 2008,-0.08371527489217101,-0.12068965517241359,0.03697438028024258
2008-12,exploration,decile,size,含 2008,0.03090396935607198,0.02303143479614045,0.007872534559931532
2009-01,exploration,decile,size,含 2008,-0.06958411363517836,-0.07210222087009421,0.002518107234915856
2009-02,exploration,decile,size,含 2008,0.1680916794129388,0.08360655737704903,0.08448512203588976
2009-03,exploration,decile,size,含 2008,0.21876442873491597,0.10862329803328308,0.1101411307016329
2009-04,exploration,decile,size,含 2008,0.14507533845620002,0.15038209606986874,-0.005306757613668722
2009-05,exploration,decile,size,含 2008,0.22575481057790503,0.1387900355871885,0.08696477499071653
2009-06,exploration,decile,size,含 2008,-0.1289599265393867,-0.07374999999999987,-0.05520992653938683
2009-07,exploration,decile,size,含 2008,0.29154788132991616,0.10256410256410242,0.18898377876581374
2009-08,exploration,decile,size,含 2008,-0.040951431839185926,-0.011627906976744207,-0.02932352486244172
2009-09,exploration,decile,size,含 2008,0.14492595550291698,0.10010319917440658,0.044822756328510405
2009-10,exploration,decile,size,含 2008,-0.028435721033087447,-0.012568932432865498,-0.015866788600221948
2009-11,exploration,decile,size,含 2008,0.10109551591639088,0.020329138431752325,0.08076637748463855
2009-12,exploration,decile,size,含 2008,0.16407897600767019,0.07115749525616688,0.0929214807515033
2010-01,exploration,decile,size,含 2008,-0.1329516971171767,-0.0611160318866254,-0.0718356652305513
2010-02,exploration,decile,size,含 2008,0.005503357386548391,-0.027358490566037785,0.032861847952586176
2010-03,exploration,decile,size,含 2008,0.13957068525303962,0.05237633365664407,0.08719435159639555
2010-04,exploration,decile,size,含 2008,-0.012495832906154969,0.010138248847926246,-0.022634081754081214
2010-05,exploration,decile,size,含 2008,-0.08222917565885768,-0.08576642335766416,0.0035372476988064783
2010-06,exploration,decile,size,含 2008,-0.0021083667760396496,-0.010978043912175828,0.008869677136136178
2010-07,exploration,decile,size,含 2008,0.08215706452387161,0.08779011099899114,-0.00563304647511953
2010-08,exploration,decile,size,含 2008,-0.08196293069643346,-0.011131725417439786,-0.07083120527899367
2010-09,exploration,decile,size,含 2008,0.10616140406643759,0.0825515947467168,0.023609809319720787
2010-10,exploration,decile,size,含 2008,-0.049718068085088496,0.009429465263769421,-0.05914753334885792
2010-11,exploration,decile,size,含 2008,-0.052359454649440806,0.019642857142857073,-0.07200231179229788
2010-12,exploration,decile,size,含 2008,0.059497589775313164,0.07530647985989458,-0.015808890084581417
2011-01,exploration,decile,size,含 2008,-0.020054562617717875,0.026058631921824338,-0.04611319453954221
2011-02,exploration,decile,size,含 2008,-0.04401287792945585,-0.05555555555555569,0.01154267762609984
2011-03,exploration,decile,size,含 2008,-0.023556708495157674,0.0008403361344537785,-0.024397044629611453
2011-04,exploration,decile,size,含 2008,0.013391404259639472,0.04114189756507147,-0.027750493305432
2011-05,exploration,decile,size,含 2008,-0.023999235316684686,0.0,-0.023999235316684686
2011-06,exploration,decile,size,含 2008,-0.04396207605991165,-0.05080645161290309,0.006844375552991444
2011-07,exploration,decile,size,含 2008,-0.0247926404098906,0.017841971112999122,-0.04263461152288972
2011-08,exploration,decile,size,含 2008,-0.12918045499929787,-0.08931552587646074,-0.03986492912283712
2011-09,exploration,decile,size,含 2008,-0.0838949188253485,-0.0531622364802935,-0.030732682345054996
2011-10,exploration,decile,size,含 2008,0.05659184494636649,0.048804738873702735,0.007787106072663752
2011-11,exploration,decile,size,含 2008,-0.15779132780303995,-0.07892720306513423,-0.07886412473790572
2011-12,exploration,decile,size,含 2008,0.04124217144497977,0.03598169717138111,0.005260474273598659
2012-01,exploration,decile,size,含 2008,0.08815708279681367,0.04296326038948006,0.045193822407333606
2012-02,exploration,decile,size,含 2008,0.18791434852690458,0.0779595765158807,0.10995477201102388
2012-03,exploration,decile,size,含 2008,-0.03495421370016183,-0.019642857142857073,-0.015311356557304756
2012-04,exploration,decile,size,含 2008,-0.11368879254743758,-0.051912568306010876,-0.0617762242414267
2012-05,exploration,decile,size,含 2008,-0.01820207742558999,-0.036503362151777186,0.018301284726187195
2012-06,exploration,decile,size,含 2008,-0.003303392434629293,0.0009970089730808596,-0.004300401407710153
2012-07,exploration,decile,size,含 2008,-0.005235671720916657,0.017928286852589626,-0.023163958573506283
2012-08,exploration,decile,size,含 2008,0.0457641921599945,0.03228962818003911,0.01347456397995539
2012-09,exploration,decile,size,含 2008,0.008828720156296654,0.04549763033175358,-0.036668910175456926
2012-10,exploration,decile,size,含 2008,-0.14381340252047314,-0.053010976208595295,-0.09080242631187785
2012-11,exploration,decile,size,含 2008,0.0371035283820913,0.06250000000000022,-0.025396471617908922
2012-12,exploration,decile,size,含 2008,0.05158422026839249,0.00466853408029877,0.04691568618809372
2013-01,exploration,decile,size,含 2008,0.02022725106825951,0.014869888475836479,0.005357362592423032
2013-02,exploration,decile,size,含 2008,0.04944091701354658,0.010989010989011172,0.03845190602453541
2013-03,exploration,decile,size,含 2008,0.029327070377743958,-0.0018115942028986698,0.031138664580642628
2013-04,exploration,decile,size,含 2008,-0.03272422109838535,0.023593466424682408,-0.05631768752306776
2013-05,exploration,decile,size,含 2008,0.06270157256615927,0.009751773049645474,0.052949799516513796
2013-06,exploration,decile,size,含 2008,-0.026509009920334115,-0.032484635645302906,0.005975625724968792
2013-07,exploration,decile,size,含 2008,0.019808158971072576,0.027223230490017958,-0.007415071518945382
2013-08,exploration,decile,size,含 2008,-0.017568825026398005,-0.013250883392226132,-0.0043179416341718735
2013-09,exploration,decile,size,含 2008,0.03396469888514142,0.02327663384064449,0.01068806504449693
2013-10,exploration,decile,size,含 2008,0.039044862761466126,0.03697194781776969,0.0020729149436964356
2013-11,exploration,decile,size,含 2008,-0.017901612699707692,-0.006044905008635526,-0.011856707691072166
2013-12,exploration,decile,size,含 2008,0.07088793863060983,0.019982623805386623,0.0509053148252232
2014-01,exploration,decile,size,含 2008,-0.006039975284972132,-0.01873935264054505,0.012699377355572916
2014-02,exploration,decile,size,含 2008,0.09599979257052471,0.012152777777777679,0.08384701479274703
2014-03,exploration,decile,size,含 2008,0.04518350747250799,0.030874785591766818,0.014308721880741171
2014-04,exploration,decile,size,含 2008,-0.0558910907798551,0.014975041597337757,-0.07086613237719286
2014-05,exploration,decile,size,含 2008,0.07232730152694211,0.03442622950819674,0.037901072018745374
2014-06,exploration,decile,size,含 2008,0.05151380633852365,0.045166402535657735,0.006347403802865914
2014-07,exploration,decile,size,含 2008,-0.02652290606289054,0.012130401819560266,-0.038653307882450805
2014-08,exploration,decile,size,含 2008,-0.034481577824217347,0.0367041198501874,-0.07118569767440475
2014-09,exploration,decile,size,含 2008,-0.030248712995543436,-0.0563583815028903,0.02610966850734686
2014-10,exploration,decile,size,含 2008,-0.08436198679720242,0.024409448818897506,-0.10877143561609992
2014-11,exploration,decile,size,含 2008,0.004360580526823421,0.03369065849923447,-0.02933007797241105
2014-12,exploration,decile,size,含 2008,0.10445786147647063,-0.009629629629629766,0.11408749110610039
2015-01,exploration,decile,size,含 2008,-0.023337722122997895,0.01720269259536278,-0.04054041471836067
2015-02,exploration,decile,size,含 2008,-0.006941608190431325,0.03382352941176481,-0.04076513760219613
2015-03,exploration,decile,size,含 2008,0.01133210129212503,-0.01778093883357046,0.02911304012569549
2015-04,exploration,decile,size,含 2008,-0.028577686718232687,0.0347574221578566,-0.06333510887608929
2015-05,exploration,decile,size,含 2008,-0.056048322994119326,-0.004898530440867965,-0.05114979255325136
2015-06,exploration,decile,size,含 2008,-0.08689698435767235,-0.023909985935302136,-0.06298699842237021
2015-07,exploration,decile,size,含 2008,-0.1213800628391446,-0.046829971181556296,-0.0745500916575883
2015-08,exploration,decile,size,含 2008,-0.07324503437843388,-0.058201058201058364,-0.015043976177375518
2015-09,exploration,decile,size,含 2008,0.0930655310476598,0.0016051364365972098,0.09146039461106259
2015-10,exploration,decile,size,含 2008,0.0713493710989288,0.04452068536575582,0.026828685733172986
2015-11,exploration,decile,size,含 2008,0.0009221312034197737,-0.031645569620253,0.032567700823672774
2015-12,exploration,decile,size,含 2008,0.02839472901123985,-0.007352941176470673,0.03574767018771052
2007-01,exploration,decile,size,排除 2008,-0.01111941067636324,-0.026835681946643986,0.015716271270280746
2007-02,exploration,decile,size,排除 2008,0.03122965155140056,0.01851851851851838,0.012711133032882183
2007-03,exploration,decile,size,排除 2008,0.08962641245661973,-0.02251082251082248,0.11213723496744221
2007-04,exploration,decile,size,排除 2008,-0.0037389442281099416,0.00797165633303809,-0.011710600561148032
2007-05,exploration,decile,size,排除 2008,0.05605187168188697,0.05008787346221455,0.005963998219672417
2007-06,exploration,decile,size,排除 2008,0.09384314664231863,0.08786610878661061,0.005977037855708023
2007-07,exploration,decile,size,排除 2008,0.09386999019320696,0.02000000000000024,0.07386999019320672
2007-08,exploration,decile,size,排除 2008,-0.15585303644125492,-0.010558069381598978,-0.14529496705965594
2007-09,exploration,decile,size,排除 2008,0.03265290096394535,0.05716463414634143,-0.024511733182396078
2007-10,exploration,decile,size,排除 2008,-0.08221750363156377,0.04941733974063767,-0.13163484337220144
2007-11,exploration,decile,size,排除 2008,-0.17618759516254467,-0.11965811965811957,-0.05652947550442511
2007-12,exploration,decile,size,排除 2008,-0.06412738938897133,-0.005663430420712046,-0.05846395896825929
2009-01,exploration,decile,size,排除 2008,-0.06958411363517836,-0.07210222087009421,0.002518107234915856
2009-02,exploration,decile,size,排除 2008,0.1680916794129388,0.08360655737704903,0.08448512203588976
2009-03,exploration,decile,size,排除 2008,0.21876442873491597,0.10862329803328308,0.1101411307016329
2009-04,exploration,decile,size,排除 2008,0.14507533845620002,0.15038209606986874,-0.005306757613668722
2009-05,exploration,decile,size,排除 2008,0.22575481057790503,0.1387900355871885,0.08696477499071653
2009-06,exploration,decile,size,排除 2008,-0.1289599265393867,-0.07374999999999987,-0.05520992653938683
2009-07,exploration,decile,size,排除 2008,0.29154788132991616,0.10256410256410242,0.18898377876581374
2009-08,exploration,decile,size,排除 2008,-0.040951431839185926,-0.011627906976744207,-0.02932352486244172
2009-09,exploration,decile,size,排除 2008,0.14492595550291698,0.10010319917440658,0.044822756328510405
2009-10,exploration,decile,size,排除 2008,-0.028435721033087447,-0.012568932432865498,-0.015866788600221948
2009-11,exploration,decile,size,排除 2008,0.10109551591639088,0.020329138431752325,0.08076637748463855
2009-12,exploration,decile,size,排除 2008,0.16407897600767019,0.07115749525616688,0.0929214807515033
2010-01,exploration,decile,size,排除 2008,-0.1329516971171767,-0.0611160318866254,-0.0718356652305513
2010-02,exploration,decile,size,排除 2008,0.005503357386548391,-0.027358490566037785,0.032861847952586176
2010-03,exploration,decile,size,排除 2008,0.13957068525303962,0.05237633365664407,0.08719435159639555
2010-04,exploration,decile,size,排除 2008,-0.012495832906154969,0.010138248847926246,-0.022634081754081214
2010-05,exploration,decile,size,排除 2008,-0.08222917565885768,-0.08576642335766416,0.0035372476988064783
2010-06,exploration,decile,size,排除 2008,-0.0021083667760396496,-0.010978043912175828,0.008869677136136178
2010-07,exploration,decile,size,排除 2008,0.08215706452387161,0.08779011099899114,-0.00563304647511953
2010-08,exploration,decile,size,排除 2008,-0.08196293069643346,-0.011131725417439786,-0.07083120527899367
2010-09,exploration,decile,size,排除 2008,0.10616140406643759,0.0825515947467168,0.023609809319720787
2010-10,exploration,decile,size,排除 2008,-0.049718068085088496,0.009429465263769421,-0.05914753334885792
2010-11,exploration,decile,size,排除 2008,-0.052359454649440806,0.019642857142857073,-0.07200231179229788
2010-12,exploration,decile,size,排除 2008,0.059497589775313164,0.07530647985989458,-0.015808890084581417
2011-01,exploration,decile,size,排除 2008,-0.020054562617717875,0.026058631921824338,-0.04611319453954221
2011-02,exploration,decile,size,排除 2008,-0.04401287792945585,-0.05555555555555569,0.01154267762609984
2011-03,exploration,decile,size,排除 2008,-0.023556708495157674,0.0008403361344537785,-0.024397044629611453
2011-04,exploration,decile,size,排除 2008,0.013391404259639472,0.04114189756507147,-0.027750493305432
2011-05,exploration,decile,size,排除 2008,-0.023999235316684686,0.0,-0.023999235316684686
2011-06,exploration,decile,size,排除 2008,-0.04396207605991165,-0.05080645161290309,0.006844375552991444
2011-07,exploration,decile,size,排除 2008,-0.0247926404098906,0.017841971112999122,-0.04263461152288972
2011-08,exploration,decile,size,排除 2008,-0.12918045499929787,-0.08931552587646074,-0.03986492912283712
2011-09,exploration,decile,size,排除 2008,-0.0838949188253485,-0.0531622364802935,-0.030732682345054996
2011-10,exploration,decile,size,排除 2008,0.05659184494636649,0.048804738873702735,0.007787106072663752
2011-11,exploration,decile,size,排除 2008,-0.15779132780303995,-0.07892720306513423,-0.07886412473790572
2011-12,exploration,decile,size,排除 2008,0.04124217144497977,0.03598169717138111,0.005260474273598659
2012-01,exploration,decile,size,排除 2008,0.08815708279681367,0.04296326038948006,0.045193822407333606
2012-02,exploration,decile,size,排除 2008,0.18791434852690458,0.0779595765158807,0.10995477201102388
2012-03,exploration,decile,size,排除 2008,-0.03495421370016183,-0.019642857142857073,-0.015311356557304756
2012-04,exploration,decile,size,排除 2008,-0.11368879254743758,-0.051912568306010876,-0.0617762242414267
2012-05,exploration,decile,size,排除 2008,-0.01820207742558999,-0.036503362151777186,0.018301284726187195
2012-06,exploration,decile,size,排除 2008,-0.003303392434629293,0.0009970089730808596,-0.004300401407710153
2012-07,exploration,decile,size,排除 2008,-0.005235671720916657,0.017928286852589626,-0.023163958573506283
2012-08,exploration,decile,size,排除 2008,0.0457641921599945,0.03228962818003911,0.01347456397995539
2012-09,exploration,decile,size,排除 2008,0.008828720156296654,0.04549763033175358,-0.036668910175456926
2012-10,exploration,decile,size,排除 2008,-0.14381340252047314,-0.053010976208595295,-0.09080242631187785
2012-11,exploration,decile,size,排除 2008,0.0371035283820913,0.06250000000000022,-0.025396471617908922
2012-12,exploration,decile,size,排除 2008,0.05158422026839249,0.00466853408029877,0.04691568618809372
2013-01,exploration,decile,size,排除 2008,0.02022725106825951,0.014869888475836479,0.005357362592423032
2013-02,exploration,decile,size,排除 2008,0.04944091701354658,0.010989010989011172,0.03845190602453541
2013-03,exploration,decile,size,排除 2008,0.029327070377743958,-0.0018115942028986698,0.031138664580642628
2013-04,exploration,decile,size,排除 2008,-0.03272422109838535,0.023593466424682408,-0.05631768752306776
2013-05,exploration,decile,size,排除 2008,0.06270157256615927,0.009751773049645474,0.052949799516513796
2013-06,exploration,decile,size,排除 2008,-0.026509009920334115,-0.032484635645302906,0.005975625724968792
2013-07,exploration,decile,size,排除 2008,0.019808158971072576,0.027223230490017958,-0.007415071518945382
2013-08,exploration,decile,size,排除 2008,-0.017568825026398005,-0.013250883392226132,-0.0043179416341718735
2013-09,exploration,decile,size,排除 2008,0.03396469888514142,0.02327663384064449,0.01068806504449693
2013-10,exploration,decile,size,排除 2008,0.039044862761466126,0.03697194781776969,0.0020729149436964356
2013-11,exploration,decile,size,排除 2008,-0.017901612699707692,-0.006044905008635526,-0.011856707691072166
2013-12,exploration,decile,size,排除 2008,0.07088793863060983,0.019982623805386623,0.0509053148252232
2014-01,exploration,decile,size,排除 2008,-0.006039975284972132,-0.01873935264054505,0.012699377355572916
2014-02,exploration,decile,size,排除 2008,0.09599979257052471,0.012152777777777679,0.08384701479274703
2014-03,exploration,decile,size,排除 2008,0.04518350747250799,0.030874785591766818,0.014308721880741171
2014-04,exploration,decile,size,排除 2008,-0.0558910907798551,0.014975041597337757,-0.07086613237719286
2014-05,exploration,decile,size,排除 2008,0.07232730152694211,0.03442622950819674,0.037901072018745374
2014-06,exploration,decile,size,排除 2008,0.05151380633852365,0.045166402535657735,0.006347403802865914
2014-07,exploration,decile,size,排除 2008,-0.02652290606289054,0.012130401819560266,-0.038653307882450805
2014-08,exploration,decile,size,排除 2008,-0.034481577824217347,0.0367041198501874,-0.07118569767440475
2014-09,exploration,decile,size,排除 2008,-0.030248712995543436,-0.0563583815028903,0.02610966850734686
2014-10,exploration,decile,size,排除 2008,-0.08436198679720242,0.024409448818897506,-0.10877143561609992
2014-11,exploration,decile,size,排除 2008,0.004360580526823421,0.03369065849923447,-0.02933007797241105
2014-12,exploration,decile,size,排除 2008,0.10445786147647063,-0.009629629629629766,0.11408749110610039
2015-01,exploration,decile,size,排除 2008,-0.023337722122997895,0.01720269259536278,-0.04054041471836067
2015-02,exploration,decile,size,排除 2008,-0.006941608190431325,0.03382352941176481,-0.04076513760219613
2015-03,exploration,decile,size,排除 2008,0.01133210129212503,-0.01778093883357046,0.02911304012569549
2015-04,exploration,decile,size,排除 2008,-0.028577686718232687,0.0347574221578566,-0.06333510887608929
2015-05,exploration,decile,size,排除 2008,-0.056048322994119326,-0.004898530440867965,-0.05114979255325136
2015-06,exploration,decile,size,排除 2008,-0.08689698435767235,-0.023909985935302136,-0.06298699842237021
2015-07,exploration,decile,size,排除 2008,-0.1213800628391446,-0.046829971181556296,-0.0745500916575883
2015-08,exploration,decile,size,排除 2008,-0.07324503437843388,-0.058201058201058364,-0.015043976177375518
2015-09,exploration,decile,size,排除 2008,0.0930655310476598,0.0016051364365972098,0.09146039461106259
2015-10,exploration,decile,size,排除 2008,0.0713493710989288,0.04452068536575582,0.026828685733172986
2015-11,exploration,decile,size,排除 2008,0.0009221312034197737,-0.031645569620253,0.032567700823672774
2015-12,exploration,decile,size,排除 2008,0.02839472901123985,-0.007352941176470673,0.03574767018771052
2007-01,exploration,decile,lowvol,含 2008,-0.018136240283557314,-0.026835681946643986,0.008699441663086671
2007-02,exploration,decile,lowvol,含 2008,0.03385817525690249,0.01851851851851838,0.015339656738384111
2007-03,exploration,decile,lowvol,含 2008,0.01924138178296997,-0.02251082251082248,0.04175220429379245
2007-04,exploration,decile,lowvol,含 2008,0.005985968095267413,0.00797165633303809,-0.0019856882377706775
2007-05,exploration,decile,lowvol,含 2008,0.00570038548576246,0.05008787346221455,-0.04438748797645209
2007-06,exploration,decile,lowvol,含 2008,0.10353494186612466,0.08786610878661061,0.015668833079514055
2007-07,exploration,decile,lowvol,含 2008,0.12694167295790715,0.02000000000000024,0.10694167295790691
2007-08,exploration,decile,lowvol,含 2008,-0.002670628471215575,-0.010558069381598978,0.007887440910383403
2007-09,exploration,decile,lowvol,含 2008,0.06080181938624607,0.05716463414634143,0.003637185239904639
2007-10,exploration,decile,lowvol,含 2008,0.023532481417226858,0.04941733974063767,-0.02588485832341081
2007-11,exploration,decile,lowvol,含 2008,-0.11662694547875363,-0.11965811965811957,0.0030311741793659364
2007-12,exploration,decile,lowvol,含 2008,-0.0009669098523357178,-0.005663430420712046,0.004696520568376328
2008-01,exploration,decile,lowvol,含 2008,-0.0460955384610362,-0.1057770545158665,0.0596815160548303
2008-02,exploration,decile,lowvol,含 2008,0.09143768615517,0.10737033666969964,-0.015932650514529634
2008-03,exploration,decile,lowvol,含 2008,0.06362738802536594,-0.006573541495480617,0.07020092952084656
2008-04,exploration,decile,lowvol,含 2008,0.013672749475083013,0.05707196029776673,-0.04339921082268372
2008-05,exploration,decile,lowvol,含 2008,-0.03214343169065759,-0.026604068857589924,-0.0055393628330676625
2008-06,exploration,decile,lowvol,含 2008,-0.11226959025412853,-0.11575562700964648,0.0034860367555179517
2008-07,exploration,decile,lowvol,含 2008,-0.06698600925923748,-0.047272727272727355,-0.019713281986510123
2008-08,exploration,decile,lowvol,含 2008,-0.0032497152799833007,0.02385496183206115,-0.02710467711204445
2008-09,exploration,decile,lowvol,含 2008,-0.2013464788837146,-0.16868592730661702,-0.032660551577097574
2008-10,exploration,decile,lowvol,含 2008,-0.14058268116341943,-0.1318196964161692,-0.008762984747250235
2008-11,exploration,decile,lowvol,含 2008,-0.04793359252056817,-0.12068965517241359,0.07275606265184542
2008-12,exploration,decile,lowvol,含 2008,0.03283199223449729,0.02303143479614045,0.009800557438356838
2009-01,exploration,decile,lowvol,含 2008,-0.04556805858688573,-0.07210222087009421,0.026534162283208484
2009-02,exploration,decile,lowvol,含 2008,0.027786583745909033,0.08360655737704903,-0.055819973631139996
2009-03,exploration,decile,lowvol,含 2008,0.13374323151550427,0.10862329803328308,0.02511993348222119
2009-04,exploration,decile,lowvol,含 2008,0.12697287430676663,0.15038209606986874,-0.023409221763102117
2009-05,exploration,decile,lowvol,含 2008,0.09886179633840664,0.1387900355871885,-0.03992823924878186
2009-06,exploration,decile,lowvol,含 2008,-0.06044025014149046,-0.07374999999999987,0.013309749858509412
2009-07,exploration,decile,lowvol,含 2008,0.13464833540973786,0.10256410256410242,0.03208423284563544
2009-08,exploration,decile,lowvol,含 2008,-0.0025710660875832847,-0.011627906976744207,0.009056840889160922
2009-09,exploration,decile,lowvol,含 2008,0.0796138333654477,0.10010319917440658,-0.02048936580895888
2009-10,exploration,decile,lowvol,含 2008,0.015519897058423826,-0.012568932432865498,0.028088829491289324
2009-11,exploration,decile,lowvol,含 2008,0.051114083664396626,0.020329138431752325,0.0307849452326443
2009-12,exploration,decile,lowvol,含 2008,0.07735525134182475,0.07115749525616688,0.006197756085657868
2010-01,exploration,decile,lowvol,含 2008,-0.05790817246773583,-0.0611160318866254,0.0032078594188895693
2010-02,exploration,decile,lowvol,含 2008,-0.006212070733342401,-0.027358490566037785,0.021146419832695384
2010-03,exploration,decile,lowvol,含 2008,0.07097793389636209,0.05237633365664407,0.01860160023971802
2010-04,exploration,decile,lowvol,含 2008,0.012933282605135599,0.010138248847926246,0.002795033757209353
2010-05,exploration,decile,lowvol,含 2008,-0.054509627286367435,-0.08576642335766416,0.03125679607129672
2010-06,exploration,decile,lowvol,含 2008,0.012958307221941467,-0.010978043912175828,0.023936351134117295
2010-07,exploration,decile,lowvol,含 2008,0.0877091428385599,0.08779011099899114,-8.096816043123845e-05
2010-08,exploration,decile,lowvol,含 2008,0.014825873233280662,-0.011131725417439786,0.025957598650720448
2010-09,exploration,decile,lowvol,含 2008,0.05350802224970974,0.0825515947467168,-0.029043572497007064
2010-10,exploration,decile,lowvol,含 2008,0.018682979567933078,0.009429465263769421,0.009253514304163657
2010-11,exploration,decile,lowvol,含 2008,0.0026030176100395597,0.019642857142857073,-0.017039839532817513
2010-12,exploration,decile,lowvol,含 2008,0.04439203941782366,0.07530647985989458,-0.030914440442070923
2011-01,exploration,decile,lowvol,含 2008,0.011535093323322032,0.026058631921824338,-0.014523538598502306
2011-02,exploration,decile,lowvol,含 2008,-0.04967708431015416,-0.05555555555555569,0.005878471245401529
2011-03,exploration,decile,lowvol,含 2008,0.03514161031287055,0.0008403361344537785,0.034301274178416774
2011-04,exploration,decile,lowvol,含 2008,0.04281062306927996,0.04114189756507147,0.0016687255042084903
2011-05,exploration,decile,lowvol,含 2008,0.01782912158836214,0.0,0.01782912158836214
2011-06,exploration,decile,lowvol,含 2008,0.0017664844845264316,-0.05080645161290309,0.05257293609742952
2011-07,exploration,decile,lowvol,含 2008,0.051805646325839616,0.017841971112999122,0.033963675212840494
2011-08,exploration,decile,lowvol,含 2008,-0.087715477260914,-0.08931552587646074,0.0016000486155467453
2011-09,exploration,decile,lowvol,含 2008,-0.07606629533624554,-0.0531622364802935,-0.022904058855952036
2011-10,exploration,decile,lowvol,含 2008,0.054257016396682234,0.048804738873702735,0.005452277522979498
2011-11,exploration,decile,lowvol,含 2008,-0.06554589163831992,-0.07892720306513423,0.013381311426814313
2011-12,exploration,decile,lowvol,含 2008,0.0197757840547359,0.03598169717138111,-0.01620591311664521
2012-01,exploration,decile,lowvol,含 2008,0.03261842360487144,0.04296326038948006,-0.010344836784608624
2012-02,exploration,decile,lowvol,含 2008,0.07227917822875063,0.0779595765158807,-0.005680398287130073
2012-03,exploration,decile,lowvol,含 2008,0.008219823379187696,-0.019642857142857073,0.02786268052204477
2012-04,exploration,decile,lowvol,含 2008,-0.031635480677032035,-0.051912568306010876,0.02027708762897884
2012-05,exploration,decile,lowvol,含 2008,-0.01389282729584762,-0.036503362151777186,0.022610534855929565
2012-06,exploration,decile,lowvol,含 2008,-0.005938264531917592,0.0009970089730808596,-0.0069352735049984515
2012-07,exploration,decile,lowvol,含 2008,0.031179414373402103,0.017928286852589626,0.013251127520812478
2012-08,exploration,decile,lowvol,含 2008,0.02696238470478174,0.03228962818003911,-0.0053272434752573705
2012-09,exploration,decile,lowvol,含 2008,0.01618382264202367,0.04549763033175358,-0.02931380768972991
2012-10,exploration,decile,lowvol,含 2008,-0.05577734384578348,-0.053010976208595295,-0.002766367637188183
2012-11,exploration,decile,lowvol,含 2008,0.02994976778262437,0.06250000000000022,-0.03255023221737585
2012-12,exploration,decile,lowvol,含 2008,0.02393437453262859,0.00466853408029877,0.01926584045232982
2013-01,exploration,decile,lowvol,含 2008,0.020015390227247076,0.014869888475836479,0.005145501751410597
2013-02,exploration,decile,lowvol,含 2008,0.01825879667205288,0.010989010989011172,0.007269785683041707
2013-03,exploration,decile,lowvol,含 2008,0.012084321071091697,-0.0018115942028986698,0.013895915273990367
2013-04,exploration,decile,lowvol,含 2008,0.011527015057848589,0.023593466424682408,-0.01206645136683382
2013-05,exploration,decile,lowvol,含 2008,0.024906497144345563,0.009751773049645474,0.01515472409470009
2013-06,exploration,decile,lowvol,含 2008,-0.013878608560216277,-0.032484635645302906,0.01860602708508663
2013-07,exploration,decile,lowvol,含 2008,0.06036411229331051,0.027223230490017958,0.033140881803292555
2013-08,exploration,decile,lowvol,含 2008,0.0013140890311698072,-0.013250883392226132,0.014564972423395939
2013-09,exploration,decile,lowvol,含 2008,0.022799551965828613,0.02327663384064449,-0.0004770818748158767
2013-10,exploration,decile,lowvol,含 2008,0.03807829126981099,0.03697194781776969,0.001106343452041303
2013-11,exploration,decile,lowvol,含 2008,0.009922738789762908,-0.006044905008635526,0.015967643798398434
2013-12,exploration,decile,lowvol,含 2008,0.012332921475924019,0.019982623805386623,-0.007649702329462604
2014-01,exploration,decile,lowvol,含 2008,0.00022096066938859238,-0.01873935264054505,0.01896031330993364
2014-02,exploration,decile,lowvol,含 2008,0.01979735827713247,0.012152777777777679,0.007644580499354792
2014-03,exploration,decile,lowvol,含 2008,0.017159045004640383,0.030874785591766818,-0.013715740587126435
2014-04,exploration,decile,lowvol,含 2008,-0.023657828669572556,0.014975041597337757,-0.03863287026691031
2014-05,exploration,decile,lowvol,含 2008,0.036854496423502026,0.03442622950819674,0.0024282669153052883
2014-06,exploration,decile,lowvol,含 2008,0.023803735607413223,0.045166402535657735,-0.02136266692824451
2014-07,exploration,decile,lowvol,含 2008,0.007613747666410431,0.012130401819560266,-0.004516654153149835
2014-08,exploration,decile,lowvol,含 2008,0.020111262518181627,0.0367041198501874,-0.016592857332005773
2014-09,exploration,decile,lowvol,含 2008,-0.03484337067918819,-0.0563583815028903,0.021515010823702108
2014-10,exploration,decile,lowvol,含 2008,0.012111467281484156,0.024409448818897506,-0.01229798153741335
2014-11,exploration,decile,lowvol,含 2008,0.00935469796580124,0.03369065849923447,-0.024335960533433232
2014-12,exploration,decile,lowvol,含 2008,0.026792618303367988,-0.009629629629629766,0.03642224793299775
2015-01,exploration,decile,lowvol,含 2008,-0.006080040758325578,0.01720269259536278,-0.023282733353688356
2015-02,exploration,decile,lowvol,含 2008,0.010128574832275028,0.03382352941176481,-0.02369495457948978
2015-03,exploration,decile,lowvol,含 2008,0.010762670408424269,-0.01778093883357046,0.028543609241994727
2015-04,exploration,decile,lowvol,含 2008,0.0329890010343048,0.0347574221578566,-0.0017684211235518
2015-05,exploration,decile,lowvol,含 2008,-0.027455573120703347,-0.004898530440867965,-0.022557042679835382
2015-06,exploration,decile,lowvol,含 2008,-0.03583735668699217,-0.023909985935302136,-0.011927370751690036
2015-07,exploration,decile,lowvol,含 2008,-0.033169980094672424,-0.046829971181556296,0.013659991086883871
2015-08,exploration,decile,lowvol,含 2008,-0.05087740343558189,-0.058201058201058364,0.007323654765476473
2015-09,exploration,decile,lowvol,含 2008,0.011564469154540458,0.0016051364365972098,0.009959332717943248
2015-10,exploration,decile,lowvol,含 2008,0.04017615120043727,0.04452068536575582,-0.004344534165318548
2015-11,exploration,decile,lowvol,含 2008,-0.04505774010010577,-0.031645569620253,-0.01341217047985277
2015-12,exploration,decile,lowvol,含 2008,0.0051411604478661665,-0.007352941176470673,0.01249410162433684
2007-01,exploration,decile,lowvol,排除 2008,-0.018136240283557314,-0.026835681946643986,0.008699441663086671
2007-02,exploration,decile,lowvol,排除 2008,0.03385817525690249,0.01851851851851838,0.015339656738384111
2007-03,exploration,decile,lowvol,排除 2008,0.01924138178296997,-0.02251082251082248,0.04175220429379245
2007-04,exploration,decile,lowvol,排除 2008,0.005985968095267413,0.00797165633303809,-0.0019856882377706775
2007-05,exploration,decile,lowvol,排除 2008,0.00570038548576246,0.05008787346221455,-0.04438748797645209
2007-06,exploration,decile,lowvol,排除 2008,0.10353494186612466,0.08786610878661061,0.015668833079514055
2007-07,exploration,decile,lowvol,排除 2008,0.12694167295790715,0.02000000000000024,0.10694167295790691
2007-08,exploration,decile,lowvol,排除 2008,-0.002670628471215575,-0.010558069381598978,0.007887440910383403
2007-09,exploration,decile,lowvol,排除 2008,0.06080181938624607,0.05716463414634143,0.003637185239904639
2007-10,exploration,decile,lowvol,排除 2008,0.023532481417226858,0.04941733974063767,-0.02588485832341081
2007-11,exploration,decile,lowvol,排除 2008,-0.11662694547875363,-0.11965811965811957,0.0030311741793659364
2007-12,exploration,decile,lowvol,排除 2008,-0.0009669098523357178,-0.005663430420712046,0.004696520568376328
2009-01,exploration,decile,lowvol,排除 2008,-0.04556805858688573,-0.07210222087009421,0.026534162283208484
2009-02,exploration,decile,lowvol,排除 2008,0.027786583745909033,0.08360655737704903,-0.055819973631139996
2009-03,exploration,decile,lowvol,排除 2008,0.13374323151550427,0.10862329803328308,0.02511993348222119
2009-04,exploration,decile,lowvol,排除 2008,0.12697287430676663,0.15038209606986874,-0.023409221763102117
2009-05,exploration,decile,lowvol,排除 2008,0.09886179633840664,0.1387900355871885,-0.03992823924878186
2009-06,exploration,decile,lowvol,排除 2008,-0.06044025014149046,-0.07374999999999987,0.013309749858509412
2009-07,exploration,decile,lowvol,排除 2008,0.13464833540973786,0.10256410256410242,0.03208423284563544
2009-08,exploration,decile,lowvol,排除 2008,-0.0025710660875832847,-0.011627906976744207,0.009056840889160922
2009-09,exploration,decile,lowvol,排除 2008,0.0796138333654477,0.10010319917440658,-0.02048936580895888
2009-10,exploration,decile,lowvol,排除 2008,0.015519897058423826,-0.012568932432865498,0.028088829491289324
2009-11,exploration,decile,lowvol,排除 2008,0.051114083664396626,0.020329138431752325,0.0307849452326443
2009-12,exploration,decile,lowvol,排除 2008,0.07735525134182475,0.07115749525616688,0.006197756085657868
2010-01,exploration,decile,lowvol,排除 2008,-0.05790817246773583,-0.0611160318866254,0.0032078594188895693
2010-02,exploration,decile,lowvol,排除 2008,-0.006212070733342401,-0.027358490566037785,0.021146419832695384
2010-03,exploration,decile,lowvol,排除 2008,0.07097793389636209,0.05237633365664407,0.01860160023971802
2010-04,exploration,decile,lowvol,排除 2008,0.012933282605135599,0.010138248847926246,0.002795033757209353
2010-05,exploration,decile,lowvol,排除 2008,-0.054509627286367435,-0.08576642335766416,0.03125679607129672
2010-06,exploration,decile,lowvol,排除 2008,0.012958307221941467,-0.010978043912175828,0.023936351134117295
2010-07,exploration,decile,lowvol,排除 2008,0.0877091428385599,0.08779011099899114,-8.096816043123845e-05
2010-08,exploration,decile,lowvol,排除 2008,0.014825873233280662,-0.011131725417439786,0.025957598650720448
2010-09,exploration,decile,lowvol,排除 2008,0.05350802224970974,0.0825515947467168,-0.029043572497007064
2010-10,exploration,decile,lowvol,排除 2008,0.018682979567933078,0.009429465263769421,0.009253514304163657
2010-11,exploration,decile,lowvol,排除 2008,0.0026030176100395597,0.019642857142857073,-0.017039839532817513
2010-12,exploration,decile,lowvol,排除 2008,0.04439203941782366,0.07530647985989458,-0.030914440442070923
2011-01,exploration,decile,lowvol,排除 2008,0.011535093323322032,0.026058631921824338,-0.014523538598502306
2011-02,exploration,decile,lowvol,排除 2008,-0.04967708431015416,-0.05555555555555569,0.005878471245401529
2011-03,exploration,decile,lowvol,排除 2008,0.03514161031287055,0.0008403361344537785,0.034301274178416774
2011-04,exploration,decile,lowvol,排除 2008,0.04281062306927996,0.04114189756507147,0.0016687255042084903
2011-05,exploration,decile,lowvol,排除 2008,0.01782912158836214,0.0,0.01782912158836214
2011-06,exploration,decile,lowvol,排除 2008,0.0017664844845264316,-0.05080645161290309,0.05257293609742952
2011-07,exploration,decile,lowvol,排除 2008,0.051805646325839616,0.017841971112999122,0.033963675212840494
2011-08,exploration,decile,lowvol,排除 2008,-0.087715477260914,-0.08931552587646074,0.0016000486155467453
2011-09,exploration,decile,lowvol,排除 2008,-0.07606629533624554,-0.0531622364802935,-0.022904058855952036
2011-10,exploration,decile,lowvol,排除 2008,0.054257016396682234,0.048804738873702735,0.005452277522979498
2011-11,exploration,decile,lowvol,排除 2008,-0.06554589163831992,-0.07892720306513423,0.013381311426814313
2011-12,exploration,decile,lowvol,排除 2008,0.0197757840547359,0.03598169717138111,-0.01620591311664521
2012-01,exploration,decile,lowvol,排除 2008,0.03261842360487144,0.04296326038948006,-0.010344836784608624
2012-02,exploration,decile,lowvol,排除 2008,0.07227917822875063,0.0779595765158807,-0.005680398287130073
2012-03,exploration,decile,lowvol,排除 2008,0.008219823379187696,-0.019642857142857073,0.02786268052204477
2012-04,exploration,decile,lowvol,排除 2008,-0.031635480677032035,-0.051912568306010876,0.02027708762897884
2012-05,exploration,decile,lowvol,排除 2008,-0.01389282729584762,-0.036503362151777186,0.022610534855929565
2012-06,exploration,decile,lowvol,排除 2008,-0.005938264531917592,0.0009970089730808596,-0.0069352735049984515
2012-07,exploration,decile,lowvol,排除 2008,0.031179414373402103,0.017928286852589626,0.013251127520812478
2012-08,exploration,decile,lowvol,排除 2008,0.02696238470478174,0.03228962818003911,-0.0053272434752573705
2012-09,exploration,decile,lowvol,排除 2008,0.01618382264202367,0.04549763033175358,-0.02931380768972991
2012-10,exploration,decile,lowvol,排除 2008,-0.05577734384578348,-0.053010976208595295,-0.002766367637188183
2012-11,exploration,decile,lowvol,排除 2008,0.02994976778262437,0.06250000000000022,-0.03255023221737585
2012-12,exploration,decile,lowvol,排除 2008,0.02393437453262859,0.00466853408029877,0.01926584045232982
2013-01,exploration,decile,lowvol,排除 2008,0.020015390227247076,0.014869888475836479,0.005145501751410597
2013-02,exploration,decile,lowvol,排除 2008,0.01825879667205288,0.010989010989011172,0.007269785683041707
2013-03,exploration,decile,lowvol,排除 2008,0.012084321071091697,-0.0018115942028986698,0.013895915273990367
2013-04,exploration,decile,lowvol,排除 2008,0.011527015057848589,0.023593466424682408,-0.01206645136683382
2013-05,exploration,decile,lowvol,排除 2008,0.024906497144345563,0.009751773049645474,0.01515472409470009
2013-06,exploration,decile,lowvol,排除 2008,-0.013878608560216277,-0.032484635645302906,0.01860602708508663
2013-07,exploration,decile,lowvol,排除 2008,0.06036411229331051,0.027223230490017958,0.033140881803292555
2013-08,exploration,decile,lowvol,排除 2008,0.0013140890311698072,-0.013250883392226132,0.014564972423395939
2013-09,exploration,decile,lowvol,排除 2008,0.022799551965828613,0.02327663384064449,-0.0004770818748158767
2013-10,exploration,decile,lowvol,排除 2008,0.03807829126981099,0.03697194781776969,0.001106343452041303
2013-11,exploration,decile,lowvol,排除 2008,0.009922738789762908,-0.006044905008635526,0.015967643798398434
2013-12,exploration,decile,lowvol,排除 2008,0.012332921475924019,0.019982623805386623,-0.007649702329462604
2014-01,exploration,decile,lowvol,排除 2008,0.00022096066938859238,-0.01873935264054505,0.01896031330993364
2014-02,exploration,decile,lowvol,排除 2008,0.01979735827713247,0.012152777777777679,0.007644580499354792
2014-03,exploration,decile,lowvol,排除 2008,0.017159045004640383,0.030874785591766818,-0.013715740587126435
2014-04,exploration,decile,lowvol,排除 2008,-0.023657828669572556,0.014975041597337757,-0.03863287026691031
2014-05,exploration,decile,lowvol,排除 2008,0.036854496423502026,0.03442622950819674,0.0024282669153052883
2014-06,exploration,decile,lowvol,排除 2008,0.023803735607413223,0.045166402535657735,-0.02136266692824451
2014-07,exploration,decile,lowvol,排除 2008,0.007613747666410431,0.012130401819560266,-0.004516654153149835
2014-08,exploration,decile,lowvol,排除 2008,0.020111262518181627,0.0367041198501874,-0.016592857332005773
2014-09,exploration,decile,lowvol,排除 2008,-0.03484337067918819,-0.0563583815028903,0.021515010823702108
2014-10,exploration,decile,lowvol,排除 2008,0.012111467281484156,0.024409448818897506,-0.01229798153741335
2014-11,exploration,decile,lowvol,排除 2008,0.00935469796580124,0.03369065849923447,-0.024335960533433232
2014-12,exploration,decile,lowvol,排除 2008,0.026792618303367988,-0.009629629629629766,0.03642224793299775
2015-01,exploration,decile,lowvol,排除 2008,-0.006080040758325578,0.01720269259536278,-0.023282733353688356
2015-02,exploration,decile,lowvol,排除 2008,0.010128574832275028,0.03382352941176481,-0.02369495457948978
2015-03,exploration,decile,lowvol,排除 2008,0.010762670408424269,-0.01778093883357046,0.028543609241994727
2015-04,exploration,decile,lowvol,排除 2008,0.0329890010343048,0.0347574221578566,-0.0017684211235518
2015-05,exploration,decile,lowvol,排除 2008,-0.027455573120703347,-0.004898530440867965,-0.022557042679835382
2015-06,exploration,decile,lowvol,排除 2008,-0.03583735668699217,-0.023909985935302136,-0.011927370751690036
2015-07,exploration,decile,lowvol,排除 2008,-0.033169980094672424,-0.046829971181556296,0.013659991086883871
2015-08,exploration,decile,lowvol,排除 2008,-0.05087740343558189,-0.058201058201058364,0.007323654765476473
2015-09,exploration,decile,lowvol,排除 2008,0.011564469154540458,0.0016051364365972098,0.009959332717943248
2015-10,exploration,decile,lowvol,排除 2008,0.04017615120043727,0.04452068536575582,-0.004344534165318548
2015-11,exploration,decile,lowvol,排除 2008,-0.04505774010010577,-0.031645569620253,-0.01341217047985277
2015-12,exploration,decile,lowvol,排除 2008,0.0051411604478661665,-0.007352941176470673,0.01249410162433684
2007-01,exploration,decile,value,含 2008,-0.08994688499939085,-0.026835681946643986,-0.06311120305274687
2007-02,exploration,decile,value,含 2008,0.01254515478122653,0.01851851851851838,-0.005973363737291848
2007-03,exploration,decile,value,含 2008,0.04841577806382613,-0.02251082251082248,0.07092660057464861
2007-04,exploration,decile,value,含 2008,0.08505706521300449,0.00797165633303809,0.0770854088799664
2007-05,exploration,decile,value,含 2008,0.023647145555864002,0.05008787346221455,-0.026440727906350547
2007-06,exploration,decile,value,含 2008,0.13831992772263924,0.08786610878661061,0.05045381893602863
2007-07,exploration,decile,value,含 2008,0.18507533883033545,0.02000000000000024,0.1650753388303352
2007-08,exploration,decile,value,含 2008,-0.10895310851948692,-0.010558069381598978,-0.09839503913788794
2007-09,exploration,decile,value,含 2008,0.08836847630791644,0.05716463414634143,0.031203842161575013
2007-10,exploration,decile,value,含 2008,-0.031429356551049614,0.04941733974063767,-0.08084669629168728
2007-11,exploration,decile,value,含 2008,-0.1540922549835111,-0.11965811965811957,-0.034434135325391524
2007-12,exploration,decile,value,含 2008,-0.024152468088700085,-0.005663430420712046,-0.01848903766798804
2008-01,exploration,decile,value,含 2008,-0.08658749715318181,-0.1057770545158665,0.019189557362684684
2008-02,exploration,decile,value,含 2008,0.17824290011257782,0.10737033666969964,0.07087256344287818
2008-03,exploration,decile,value,含 2008,0.0728085010834052,-0.006573541495480617,0.07938204257888581
2008-04,exploration,decile,value,含 2008,0.03447571014173878,0.05707196029776673,-0.022596250156027953
2008-05,exploration,decile,value,含 2008,-0.005563932773657632,-0.026604068857589924,0.021040136083932293
2008-06,exploration,decile,value,含 2008,-0.1895576522648812,-0.11575562700964648,-0.07380202525523472
2008-07,exploration,decile,value,含 2008,-0.04558765698928202,-0.047272727272727355,0.0016850702834453335
2008-08,exploration,decile,value,含 2008,-0.0223698310632503,0.02385496183206115,-0.04622479289531145
2008-09,exploration,decile,value,含 2008,-0.2857502708381815,-0.16868592730661702,-0.11706434353156447
2008-10,exploration,decile,value,含 2008,-0.12987371572629136,-0.1318196964161692,0.0019459806898778353
2008-11,exploration,decile,value,含 2008,-0.035972856823410115,-0.12068965517241359,0.08471679834900347
2008-12,exploration,decile,value,含 2008,0.03817666988697721,0.02303143479614045,0.015145235090836762
2009-01,exploration,decile,value,含 2008,-0.08505358790780437,-0.07210222087009421,-0.01295136703771016
2009-02,exploration,decile,value,含 2008,0.15945835017884646,0.08360655737704903,0.07585179280179744
2009-03,exploration,decile,value,含 2008,0.268578316353397,0.10862329803328308,0.15995501832011394
2009-04,exploration,decile,value,含 2008,0.17967788961492537,0.15038209606986874,0.029295793545056625
2009-05,exploration,decile,value,含 2008,0.2222016609581372,0.1387900355871885,0.0834116253709487
2009-06,exploration,decile,value,含 2008,-0.09984558679528333,-0.07374999999999987,-0.026095586795283454
2009-07,exploration,decile,value,含 2008,0.18289646624076394,0.10256410256410242,0.08033236367666152
2009-08,exploration,decile,value,含 2008,-0.06672570860340343,-0.011627906976744207,-0.055097801626659226
2009-09,exploration,decile,value,含 2008,0.13745620852798623,0.10010319917440658,0.03735300935357966
2009-10,exploration,decile,value,含 2008,-0.015909471781850315,-0.012568932432865498,-0.0033405393489848167
2009-11,exploration,decile,value,含 2008,0.05594919690490041,0.020329138431752325,0.035620058473148086
2009-12,exploration,decile,value,含 2008,0.1536387829371495,0.07115749525616688,0.08248128768098262
2010-01,exploration,decile,value,含 2008,-0.07576367021346575,-0.0611160318866254,-0.014647638326840351
2010-02,exploration,decile,value,含 2008,-0.03453569255260602,-0.027358490566037785,-0.007177201986568238
2010-03,exploration,decile,value,含 2008,0.09135837456055196,0.05237633365664407,0.03898204090390789
2010-04,exploration,decile,value,含 2008,0.027900174538154854,0.010138248847926246,0.017761925690228608
2010-05,exploration,decile,value,含 2008,-0.0853254782084304,-0.08576642335766416,0.0004409451492337624
2010-06,exploration,decile,value,含 2008,0.009374213617730165,-0.010978043912175828,0.020352257529905993
2010-07,exploration,decile,value,含 2008,0.10514050509627992,0.08779011099899114,0.01735039409728878
2010-08,exploration,decile,value,含 2008,0.013947094136649962,-0.011131725417439786,0.02507881955408975
2010-09,exploration,decile,value,含 2008,0.09088672852456137,0.0825515947467168,0.008335133777844561
2010-10,exploration,decile,value,含 2008,0.03237739894352054,0.009429465263769421,0.02294793367975112
2010-11,exploration,decile,value,含 2008,-0.012242205380444071,0.019642857142857073,-0.031885062523301144
2010-12,exploration,decile,value,含 2008,0.12338397859538386,0.07530647985989458,0.04807749873548928
2011-01,exploration,decile,value,含 2008,0.022612371144251187,0.026058631921824338,-0.0034462607775731513
2011-02,exploration,decile,value,含 2008,-0.06824760486797754,-0.05555555555555569,-0.01269204931242185
2011-03,exploration,decile,value,含 2008,0.005093863994649617,0.0008403361344537785,0.004253527860195838
2011-04,exploration,decile,value,含 2008,0.004062120050627005,0.04114189756507147,-0.03707977751444447
2011-05,exploration,decile,value,含 2008,-0.027414238556806247,0.0,-0.027414238556806247
2011-06,exploration,decile,value,含 2008,-0.033076755139149205,-0.05080645161290309,0.017729696473753886
2011-07,exploration,decile,value,含 2008,-0.001711361728652272,0.017841971112999122,-0.019553332841651394
2011-08,exploration,decile,value,含 2008,-0.10258694668275004,-0.08931552587646074,-0.013271420806289291
2011-09,exploration,decile,value,含 2008,-0.07762772992292788,-0.0531622364802935,-0.02446549344263438
2011-10,exploration,decile,value,含 2008,0.03314634873453026,0.048804738873702735,-0.015658390139172473
2011-11,exploration,decile,value,含 2008,-0.12174021105840027,-0.07892720306513423,-0.04281300799326604
2011-12,exploration,decile,value,含 2008,0.011695081749157454,0.03598169717138111,-0.024286615422223656
2012-01,exploration,decile,value,含 2008,0.11262308672101451,0.04296326038948006,0.06965982633153445
2012-02,exploration,decile,value,含 2008,0.20957897980433837,0.0779595765158807,0.13161940328845767
2012-03,exploration,decile,value,含 2008,-0.09785148409846545,-0.019642857142857073,-0.07820862695560837
2012-04,exploration,decile,value,含 2008,-0.09432038467299553,-0.051912568306010876,-0.04240781636698465
2012-05,exploration,decile,value,含 2008,-0.02346954422124503,-0.036503362151777186,0.013033817930532154
2012-06,exploration,decile,value,含 2008,-0.0010424405207366538,0.0009970089730808596,-0.0020394494938175134
2012-07,exploration,decile,value,含 2008,-0.06586839694314994,0.017928286852589626,-0.08379668379573957
2012-08,exploration,decile,value,含 2008,0.03916492608240718,0.03228962818003911,0.006875297902368072
2012-09,exploration,decile,value,含 2008,0.08636440345765495,0.04549763033175358,0.04086677312590137
2012-10,exploration,decile,value,含 2008,-0.15201805951763203,-0.053010976208595295,-0.09900708330903674
2012-11,exploration,decile,value,含 2008,0.07647333812245916,0.06250000000000022,0.013973338122458934
2012-12,exploration,decile,value,含 2008,0.0786765653857795,0.00466853408029877,0.07400803130548073
2013-01,exploration,decile,value,含 2008,0.026641695520557285,0.014869888475836479,0.011771807044720806
2013-02,exploration,decile,value,含 2008,0.02301289414360319,0.010989010989011172,0.012023883154592019
2013-03,exploration,decile,value,含 2008,0.026789620482994048,-0.0018115942028986698,0.028601214685892717
2013-04,exploration,decile,value,含 2008,0.04080236754443378,0.023593466424682408,0.017208901119751374
2013-05,exploration,decile,value,含 2008,0.10840135182282618,0.009751773049645474,0.0986495787731807
2013-06,exploration,decile,value,含 2008,-0.062192677849182365,-0.032484635645302906,-0.02970804220387946
2013-07,exploration,decile,value,含 2008,-0.012107285168689086,0.027223230490017958,-0.039330515658707044
2013-08,exploration,decile,value,含 2008,0.0032813384263619128,-0.013250883392226132,0.016532221818588044
2013-09,exploration,decile,value,含 2008,0.061297881753699546,0.02327663384064449,0.038021247913055056
2013-10,exploration,decile,value,含 2008,0.03152871754871667,0.03697194781776969,-0.005443230269053023
2013-11,exploration,decile,value,含 2008,0.03445168860402403,-0.006044905008635526,0.04049659361265956
2013-12,exploration,decile,value,含 2008,0.05711458815091763,0.019982623805386623,0.03713196434553101
2014-01,exploration,decile,value,含 2008,-0.005763589176233874,-0.01873935264054505,0.012975763464311174
2014-02,exploration,decile,value,含 2008,0.05599560960499095,0.012152777777777679,0.04384283182721327
2014-03,exploration,decile,value,含 2008,0.008524279819321023,0.030874785591766818,-0.022350505772445795
2014-04,exploration,decile,value,含 2008,-0.014368714814254058,0.014975041597337757,-0.029343756411591815
2014-05,exploration,decile,value,含 2008,0.051085967618923256,0.03442622950819674,0.01665973811072652
2014-06,exploration,decile,value,含 2008,0.03377112098926238,0.045166402535657735,-0.011395281546395353
2014-07,exploration,decile,value,含 2008,0.01702369819749827,0.012130401819560266,0.004893296377938006
2014-08,exploration,decile,value,含 2008,0.009807534202349588,0.0367041198501874,-0.026896585647837812
2014-09,exploration,decile,value,含 2008,-0.05117252100133207,-0.0563583815028903,0.005185860501558226
2014-10,exploration,decile,value,含 2008,-0.017795840734281754,0.024409448818897506,-0.04220528955317926
2014-11,exploration,decile,value,含 2008,0.018636070724954212,0.03369065849923447,-0.01505458777428026
2014-12,exploration,decile,value,含 2008,0.05891035030118785,-0.009629629629629766,0.06853997993081762
2015-01,exploration,decile,value,含 2008,-0.004902686053322891,0.01720269259536278,-0.02210537864868567
2015-02,exploration,decile,value,含 2008,0.005854930253843316,0.03382352941176481,-0.027968599157921492
2015-03,exploration,decile,value,含 2008,0.001357176097235513,-0.01778093883357046,0.01913811493080597
2015-04,exploration,decile,value,含 2008,0.004511702730034539,0.0347574221578566,-0.03024571942782206
2015-05,exploration,decile,value,含 2008,-0.0326842189881722,-0.004898530440867965,-0.027785688547304233
2015-06,exploration,decile,value,含 2008,-0.05402026114621705,-0.023909985935302136,-0.030110275210914916
2015-07,exploration,decile,value,含 2008,-0.08899404301720315,-0.046829971181556296,-0.042164071835646855
2015-08,exploration,decile,value,含 2008,-0.05025286449279176,-0.058201058201058364,0.007948193708266604
2015-09,exploration,decile,value,含 2008,0.06160034262528802,0.0016051364365972098,0.05999520618869081
2015-10,exploration,decile,value,含 2008,0.08387499996067804,0.04452068536575582,0.039354314594922224
2015-11,exploration,decile,value,含 2008,-0.026251966093806756,-0.031645569620253,0.0053936035264462445
2015-12,exploration,decile,value,含 2008,0.024053846068678997,-0.007352941176470673,0.03140678724514967
2007-01,exploration,decile,value,排除 2008,-0.08994688499939085,-0.026835681946643986,-0.06311120305274687
2007-02,exploration,decile,value,排除 2008,0.01254515478122653,0.01851851851851838,-0.005973363737291848
2007-03,exploration,decile,value,排除 2008,0.04841577806382613,-0.02251082251082248,0.07092660057464861
2007-04,exploration,decile,value,排除 2008,0.08505706521300449,0.00797165633303809,0.0770854088799664
2007-05,exploration,decile,value,排除 2008,0.023647145555864002,0.05008787346221455,-0.026440727906350547
2007-06,exploration,decile,value,排除 2008,0.13831992772263924,0.08786610878661061,0.05045381893602863
2007-07,exploration,decile,value,排除 2008,0.18507533883033545,0.02000000000000024,0.1650753388303352
2007-08,exploration,decile,value,排除 2008,-0.10895310851948692,-0.010558069381598978,-0.09839503913788794
2007-09,exploration,decile,value,排除 2008,0.08836847630791644,0.05716463414634143,0.031203842161575013
2007-10,exploration,decile,value,排除 2008,-0.031429356551049614,0.04941733974063767,-0.08084669629168728
2007-11,exploration,decile,value,排除 2008,-0.1540922549835111,-0.11965811965811957,-0.034434135325391524
2007-12,exploration,decile,value,排除 2008,-0.024152468088700085,-0.005663430420712046,-0.01848903766798804
2009-01,exploration,decile,value,排除 2008,-0.08505358790780437,-0.07210222087009421,-0.01295136703771016
2009-02,exploration,decile,value,排除 2008,0.15945835017884646,0.08360655737704903,0.07585179280179744
2009-03,exploration,decile,value,排除 2008,0.268578316353397,0.10862329803328308,0.15995501832011394
2009-04,exploration,decile,value,排除 2008,0.17967788961492537,0.15038209606986874,0.029295793545056625
2009-05,exploration,decile,value,排除 2008,0.2222016609581372,0.1387900355871885,0.0834116253709487
2009-06,exploration,decile,value,排除 2008,-0.09984558679528333,-0.07374999999999987,-0.026095586795283454
2009-07,exploration,decile,value,排除 2008,0.18289646624076394,0.10256410256410242,0.08033236367666152
2009-08,exploration,decile,value,排除 2008,-0.06672570860340343,-0.011627906976744207,-0.055097801626659226
2009-09,exploration,decile,value,排除 2008,0.13745620852798623,0.10010319917440658,0.03735300935357966
2009-10,exploration,decile,value,排除 2008,-0.015909471781850315,-0.012568932432865498,-0.0033405393489848167
2009-11,exploration,decile,value,排除 2008,0.05594919690490041,0.020329138431752325,0.035620058473148086
2009-12,exploration,decile,value,排除 2008,0.1536387829371495,0.07115749525616688,0.08248128768098262
2010-01,exploration,decile,value,排除 2008,-0.07576367021346575,-0.0611160318866254,-0.014647638326840351
2010-02,exploration,decile,value,排除 2008,-0.03453569255260602,-0.027358490566037785,-0.007177201986568238
2010-03,exploration,decile,value,排除 2008,0.09135837456055196,0.05237633365664407,0.03898204090390789
2010-04,exploration,decile,value,排除 2008,0.027900174538154854,0.010138248847926246,0.017761925690228608
2010-05,exploration,decile,value,排除 2008,-0.0853254782084304,-0.08576642335766416,0.0004409451492337624
2010-06,exploration,decile,value,排除 2008,0.009374213617730165,-0.010978043912175828,0.020352257529905993
2010-07,exploration,decile,value,排除 2008,0.10514050509627992,0.08779011099899114,0.01735039409728878
2010-08,exploration,decile,value,排除 2008,0.013947094136649962,-0.011131725417439786,0.02507881955408975
2010-09,exploration,decile,value,排除 2008,0.09088672852456137,0.0825515947467168,0.008335133777844561
2010-10,exploration,decile,value,排除 2008,0.03237739894352054,0.009429465263769421,0.02294793367975112
2010-11,exploration,decile,value,排除 2008,-0.012242205380444071,0.019642857142857073,-0.031885062523301144
2010-12,exploration,decile,value,排除 2008,0.12338397859538386,0.07530647985989458,0.04807749873548928
2011-01,exploration,decile,value,排除 2008,0.022612371144251187,0.026058631921824338,-0.0034462607775731513
2011-02,exploration,decile,value,排除 2008,-0.06824760486797754,-0.05555555555555569,-0.01269204931242185
2011-03,exploration,decile,value,排除 2008,0.005093863994649617,0.0008403361344537785,0.004253527860195838
2011-04,exploration,decile,value,排除 2008,0.004062120050627005,0.04114189756507147,-0.03707977751444447
2011-05,exploration,decile,value,排除 2008,-0.027414238556806247,0.0,-0.027414238556806247
2011-06,exploration,decile,value,排除 2008,-0.033076755139149205,-0.05080645161290309,0.017729696473753886
2011-07,exploration,decile,value,排除 2008,-0.001711361728652272,0.017841971112999122,-0.019553332841651394
2011-08,exploration,decile,value,排除 2008,-0.10258694668275004,-0.08931552587646074,-0.013271420806289291
2011-09,exploration,decile,value,排除 2008,-0.07762772992292788,-0.0531622364802935,-0.02446549344263438
2011-10,exploration,decile,value,排除 2008,0.03314634873453026,0.048804738873702735,-0.015658390139172473
2011-11,exploration,decile,value,排除 2008,-0.12174021105840027,-0.07892720306513423,-0.04281300799326604
2011-12,exploration,decile,value,排除 2008,0.011695081749157454,0.03598169717138111,-0.024286615422223656
2012-01,exploration,decile,value,排除 2008,0.11262308672101451,0.04296326038948006,0.06965982633153445
2012-02,exploration,decile,value,排除 2008,0.20957897980433837,0.0779595765158807,0.13161940328845767
2012-03,exploration,decile,value,排除 2008,-0.09785148409846545,-0.019642857142857073,-0.07820862695560837
2012-04,exploration,decile,value,排除 2008,-0.09432038467299553,-0.051912568306010876,-0.04240781636698465
2012-05,exploration,decile,value,排除 2008,-0.02346954422124503,-0.036503362151777186,0.013033817930532154
2012-06,exploration,decile,value,排除 2008,-0.0010424405207366538,0.0009970089730808596,-0.0020394494938175134
2012-07,exploration,decile,value,排除 2008,-0.06586839694314994,0.017928286852589626,-0.08379668379573957
2012-08,exploration,decile,value,排除 2008,0.03916492608240718,0.03228962818003911,0.006875297902368072
2012-09,exploration,decile,value,排除 2008,0.08636440345765495,0.04549763033175358,0.04086677312590137
2012-10,exploration,decile,value,排除 2008,-0.15201805951763203,-0.053010976208595295,-0.09900708330903674
2012-11,exploration,decile,value,排除 2008,0.07647333812245916,0.06250000000000022,0.013973338122458934
2012-12,exploration,decile,value,排除 2008,0.0786765653857795,0.00466853408029877,0.07400803130548073
2013-01,exploration,decile,value,排除 2008,0.026641695520557285,0.014869888475836479,0.011771807044720806
2013-02,exploration,decile,value,排除 2008,0.02301289414360319,0.010989010989011172,0.012023883154592019
2013-03,exploration,decile,value,排除 2008,0.026789620482994048,-0.0018115942028986698,0.028601214685892717
2013-04,exploration,decile,value,排除 2008,0.04080236754443378,0.023593466424682408,0.017208901119751374
2013-05,exploration,decile,value,排除 2008,0.10840135182282618,0.009751773049645474,0.0986495787731807
2013-06,exploration,decile,value,排除 2008,-0.062192677849182365,-0.032484635645302906,-0.02970804220387946
2013-07,exploration,decile,value,排除 2008,-0.012107285168689086,0.027223230490017958,-0.039330515658707044
2013-08,exploration,decile,value,排除 2008,0.0032813384263619128,-0.013250883392226132,0.016532221818588044
2013-09,exploration,decile,value,排除 2008,0.061297881753699546,0.02327663384064449,0.038021247913055056
2013-10,exploration,decile,value,排除 2008,0.03152871754871667,0.03697194781776969,-0.005443230269053023
2013-11,exploration,decile,value,排除 2008,0.03445168860402403,-0.006044905008635526,0.04049659361265956
2013-12,exploration,decile,value,排除 2008,0.05711458815091763,0.019982623805386623,0.03713196434553101
2014-01,exploration,decile,value,排除 2008,-0.005763589176233874,-0.01873935264054505,0.012975763464311174
2014-02,exploration,decile,value,排除 2008,0.05599560960499095,0.012152777777777679,0.04384283182721327
2014-03,exploration,decile,value,排除 2008,0.008524279819321023,0.030874785591766818,-0.022350505772445795
2014-04,exploration,decile,value,排除 2008,-0.014368714814254058,0.014975041597337757,-0.029343756411591815
2014-05,exploration,decile,value,排除 2008,0.051085967618923256,0.03442622950819674,0.01665973811072652
2014-06,exploration,decile,value,排除 2008,0.03377112098926238,0.045166402535657735,-0.011395281546395353
2014-07,exploration,decile,value,排除 2008,0.01702369819749827,0.012130401819560266,0.004893296377938006
2014-08,exploration,decile,value,排除 2008,0.009807534202349588,0.0367041198501874,-0.026896585647837812
2014-09,exploration,decile,value,排除 2008,-0.05117252100133207,-0.0563583815028903,0.005185860501558226
2014-10,exploration,decile,value,排除 2008,-0.017795840734281754,0.024409448818897506,-0.04220528955317926
2014-11,exploration,decile,value,排除 2008,0.018636070724954212,0.03369065849923447,-0.01505458777428026
2014-12,exploration,decile,value,排除 2008,0.05891035030118785,-0.009629629629629766,0.06853997993081762
2015-01,exploration,decile,value,排除 2008,-0.004902686053322891,0.01720269259536278,-0.02210537864868567
2015-02,exploration,decile,value,排除 2008,0.005854930253843316,0.03382352941176481,-0.027968599157921492
2015-03,exploration,decile,value,排除 2008,0.001357176097235513,-0.01778093883357046,0.01913811493080597
2015-04,exploration,decile,value,排除 2008,0.004511702730034539,0.0347574221578566,-0.03024571942782206
2015-05,exploration,decile,value,排除 2008,-0.0326842189881722,-0.004898530440867965,-0.027785688547304233
2015-06,exploration,decile,value,排除 2008,-0.05402026114621705,-0.023909985935302136,-0.030110275210914916
2015-07,exploration,decile,value,排除 2008,-0.08899404301720315,-0.046829971181556296,-0.042164071835646855
2015-08,exploration,decile,value,排除 2008,-0.05025286449279176,-0.058201058201058364,0.007948193708266604
2015-09,exploration,decile,value,排除 2008,0.06160034262528802,0.0016051364365972098,0.05999520618869081
2015-10,exploration,decile,value,排除 2008,0.08387499996067804,0.04452068536575582,0.039354314594922224
2015-11,exploration,decile,value,排除 2008,-0.026251966093806756,-0.031645569620253,0.0053936035264462445
2015-12,exploration,decile,value,排除 2008,0.024053846068678997,-0.007352941176470673,0.03140678724514967
2007-01,exploration,top10,momentum,含 2008,-0.07534876139915081,-0.026835681946643986,-0.048513079452506824
2007-02,exploration,top10,momentum,含 2008,0.07447191275674858,0.01851851851851838,0.0559533942382302
2007-03,exploration,top10,momentum,含 2008,-0.035678521979490174,-0.02251082251082248,-0.013167699468667693
2007-04,exploration,top10,momentum,含 2008,-0.0006044092101887832,0.00797165633303809,-0.008576065543226874
2007-05,exploration,top10,momentum,含 2008,0.09205227120887227,0.05008787346221455,0.04196439774665772
2007-06,exploration,top10,momentum,含 2008,0.14951599678220728,0.08786610878661061,0.061649887995596675
2007-07,exploration,top10,momentum,含 2008,0.05142677575738963,0.02000000000000024,0.03142677575738939
2007-08,exploration,top10,momentum,含 2008,-0.10960696241583967,-0.010558069381598978,-0.09904889303424069
2007-09,exploration,top10,momentum,含 2008,-0.009734166955924994,0.05716463414634143,-0.06689880110226643
2007-10,exploration,top10,momentum,含 2008,-0.12179245255896232,0.04941733974063767,-0.17120979229959998
2007-11,exploration,top10,momentum,含 2008,-0.16405324210726968,-0.11965811965811957,-0.044395122449150115
2007-12,exploration,top10,momentum,含 2008,0.018049034122669783,-0.005663430420712046,0.023712464543381828
2008-01,exploration,top10,momentum,含 2008,-0.2285265998728131,-0.1057770545158665,-0.1227495453569466
2008-02,exploration,top10,momentum,含 2008,0.20462003647696525,0.10737033666969964,0.09724969980726561
2008-03,exploration,top10,momentum,含 2008,0.04486559554873937,-0.006573541495480617,0.051439137044219985
2008-04,exploration,top10,momentum,含 2008,0.14163717074332038,0.05707196029776673,0.08456521044555365
2008-05,exploration,top10,momentum,含 2008,-0.019876511793094576,-0.026604068857589924,0.006727557064495349
2008-06,exploration,top10,momentum,含 2008,-0.20888295257880996,-0.11575562700964648,-0.09312732556916348
2008-07,exploration,top10,momentum,含 2008,0.04728940493274725,-0.047272727272727355,0.0945621322054746
2008-08,exploration,top10,momentum,含 2008,0.01317539997720063,0.02385496183206115,-0.01067956185486052
2008-09,exploration,top10,momentum,含 2008,-0.31355641115779576,-0.16868592730661702,-0.14487048385117873
2008-10,exploration,top10,momentum,含 2008,-0.23240328975642477,-0.1318196964161692,-0.10058359334025557
2008-11,exploration,top10,momentum,含 2008,-0.017983478927454777,-0.12068965517241359,0.10270617624495881
2008-12,exploration,top10,momentum,含 2008,0.13974622958380478,0.02303143479614045,0.11671479478766433
2009-01,exploration,top10,momentum,含 2008,-0.05540538237575565,-0.07210222087009421,0.01669683849433856
2009-02,exploration,top10,momentum,含 2008,0.028139300439063986,0.08360655737704903,-0.05546725693798504
2009-03,exploration,top10,momentum,含 2008,0.09106614137049052,0.10862329803328308,-0.01755715666279256
2009-04,exploration,top10,momentum,含 2008,0.046655310792920845,0.15038209606986874,-0.1037267852769479
2009-05,exploration,top10,momentum,含 2008,0.07402241833664092,0.1387900355871885,-0.06476761725054758
2009-06,exploration,top10,momentum,含 2008,-0.06238488652519547,-0.07374999999999987,0.0113651134748044
2009-07,exploration,top10,momentum,含 2008,0.13351692127564418,0.10256410256410242,0.030952818711541763
2009-08,exploration,top10,momentum,含 2008,-0.06288945395716394,-0.011627906976744207,-0.05126154698041974
2009-09,exploration,top10,momentum,含 2008,0.06411503532029283,0.10010319917440658,-0.03598816385411374
2009-10,exploration,top10,momentum,含 2008,0.05154941936673518,-0.012568932432865498,0.06411835179960068
2009-11,exploration,top10,momentum,含 2008,0.0003420889158693985,0.020329138431752325,-0.019987049515882926
2009-12,exploration,top10,momentum,含 2008,0.06967534972701017,0.07115749525616688,-0.0014821455291567087
2010-01,exploration,top10,momentum,含 2008,-0.1371418509089728,-0.0611160318866254,-0.0760258190223474
2010-02,exploration,top10,momentum,含 2008,-0.02681629784939099,-0.027358490566037785,0.0005421927166467944
2010-03,exploration,top10,momentum,含 2008,0.1394372435432627,0.05237633365664407,0.08706090988661863
2010-04,exploration,top10,momentum,含 2008,-0.015178129703495635,0.010138248847926246,-0.02531637855142188
2010-05,exploration,top10,momentum,含 2008,-0.12696096696040504,-0.08576642335766416,-0.041194543602740885
2010-06,exploration,top10,momentum,含 2008,-0.05603183337923445,-0.010978043912175828,-0.045053789467058625
2010-07,exploration,top10,momentum,含 2008,0.020413384801513335,0.08779011099899114,-0.06737672619747781
2010-08,exploration,top10,momentum,含 2008,-0.08973399561757278,-0.011131725417439786,-0.078602270200133
2010-09,exploration,top10,momentum,含 2008,0.15383730290761166,0.0825515947467168,0.07128570816089486
2010-10,exploration,top10,momentum,含 2008,-0.05813195006578009,0.009429465263769421,-0.06756141532954951
2010-11,exploration,top10,momentum,含 2008,-0.008031673618826174,0.019642857142857073,-0.027674530761683247
2010-12,exploration,top10,momentum,含 2008,-0.009834469533388068,0.07530647985989458,-0.08514094939328265
2011-01,exploration,top10,momentum,含 2008,-0.027440918574429096,0.026058631921824338,-0.053499550496253434
2011-02,exploration,top10,momentum,含 2008,-0.0008120229965455916,-0.05555555555555569,0.0547435325590101
2011-03,exploration,top10,momentum,含 2008,0.04499261394290954,0.0008403361344537785,0.044152277808455764
2011-04,exploration,top10,momentum,含 2008,0.0360387483664133,0.04114189756507147,-0.0051031491986581745
2011-05,exploration,top10,momentum,含 2008,0.04062675036458141,0.0,0.04062675036458141
2011-06,exploration,top10,momentum,含 2008,-0.024560442511912806,-0.05080645161290309,0.026246009100990286
2011-07,exploration,top10,momentum,含 2008,0.12862138122441458,0.017841971112999122,0.11077941011141546
2011-08,exploration,top10,momentum,含 2008,-0.16030868458226244,-0.08931552587646074,-0.0709931587058017
2011-09,exploration,top10,momentum,含 2008,-0.21025062834250108,-0.0531622364802935,-0.15708839186220758
2011-10,exploration,top10,momentum,含 2008,0.08536584780207002,0.048804738873702735,0.03656110892836728
2011-11,exploration,top10,momentum,含 2008,-0.1735418746314087,-0.07892720306513423,-0.09461467156627446
2011-12,exploration,top10,momentum,含 2008,0.034200207555052264,0.03598169717138111,-0.0017814896163288463
2012-01,exploration,top10,momentum,含 2008,0.10166102942447375,0.04296326038948006,0.058697769034993685
2012-02,exploration,top10,momentum,含 2008,0.059896656218243916,0.0779595765158807,-0.018062920297636786
2012-03,exploration,top10,momentum,含 2008,-0.005133980894764689,-0.019642857142857073,0.014508876248092384
2012-04,exploration,top10,momentum,含 2008,-0.09458592988197145,-0.051912568306010876,-0.04267336157596058
2012-05,exploration,top10,momentum,含 2008,-0.008574049036458642,-0.036503362151777186,0.027929313115318544
2012-06,exploration,top10,momentum,含 2008,-0.019398767168152142,0.0009970089730808596,-0.020395776141233002
2012-07,exploration,top10,momentum,含 2008,0.0514952311862964,0.017928286852589626,0.03356694433370677
2012-08,exploration,top10,momentum,含 2008,0.06553041834258555,0.03228962818003911,0.03324079016254644
2012-09,exploration,top10,momentum,含 2008,-0.03274385294241455,0.04549763033175358,-0.07824148327416813
2012-10,exploration,top10,momentum,含 2008,-0.0817664070193036,-0.053010976208595295,-0.028755430810708305
2012-11,exploration,top10,momentum,含 2008,0.06894715957657715,0.06250000000000022,0.006447159576576933
2012-12,exploration,top10,momentum,含 2008,-0.057152778468498755,0.00466853408029877,-0.061821312548797525
2013-01,exploration,top10,momentum,含 2008,0.08533244893097214,0.014869888475836479,0.07046256045513566
2013-02,exploration,top10,momentum,含 2008,0.09914151959520079,0.010989010989011172,0.08815250860618962
2013-03,exploration,top10,momentum,含 2008,0.03492821219620379,-0.0018115942028986698,0.03673980639910246
2013-04,exploration,top10,momentum,含 2008,-0.030881899351192565,0.023593466424682408,-0.05447536577587497
2013-05,exploration,top10,momentum,含 2008,0.05224933272026511,0.009751773049645474,0.04249755967061963
2013-06,exploration,top10,momentum,含 2008,-0.00958569645921814,-0.032484635645302906,0.022898939186084766
2013-07,exploration,top10,momentum,含 2008,0.029449149470184288,0.027223230490017958,0.0022259189801663304
2013-08,exploration,top10,momentum,含 2008,-0.0047073169559461725,-0.013250883392226132,0.008543566436279959
2013-09,exploration,top10,momentum,含 2008,0.02745108466610313,0.02327663384064449,0.004174450825458642
2013-10,exploration,top10,momentum,含 2008,0.055560795425824816,0.03697194781776969,0.018588847608055126
2013-11,exploration,top10,momentum,含 2008,0.0015418392575674567,-0.006044905008635526,0.007586744266202983
2013-12,exploration,top10,momentum,含 2008,-0.028064518057930976,0.019982623805386623,-0.0480471418633176
2014-01,exploration,top10,momentum,含 2008,-0.008168213621366438,-0.01873935264054505,0.01057113901917861
2014-02,exploration,top10,momentum,含 2008,0.14626187859895912,0.012152777777777679,0.13410910082118144
2014-03,exploration,top10,momentum,含 2008,-0.07645361770812709,0.030874785591766818,-0.1073284032998939
2014-04,exploration,top10,momentum,含 2008,0.011711651858487881,0.014975041597337757,-0.0032633897388498756
2014-05,exploration,top10,momentum,含 2008,0.10725821414578873,0.03442622950819674,0.072831984637592
2014-06,exploration,top10,momentum,含 2008,0.05206754476015396,0.045166402535657735,0.006901142224496226
2014-07,exploration,top10,momentum,含 2008,-0.04817794873116321,0.012130401819560266,-0.06030835055072348
2014-08,exploration,top10,momentum,含 2008,-0.0822847904739219,0.0367041198501874,-0.1189889103241093
2014-09,exploration,top10,momentum,含 2008,-0.06433338754106588,-0.0563583815028903,-0.00797500603817558
2014-10,exploration,top10,momentum,含 2008,-0.08854119687031503,0.024409448818897506,-0.11295064568921254
2014-11,exploration,top10,momentum,含 2008,0.01063125576130508,0.03369065849923447,-0.02305940273792939
2014-12,exploration,top10,momentum,含 2008,0.06110153007028085,-0.009629629629629766,0.07073115969991062
2015-01,exploration,top10,momentum,含 2008,-0.059046375418752683,0.01720269259536278,-0.07624906801411546
2015-02,exploration,top10,momentum,含 2008,0.019395006086932565,0.03382352941176481,-0.014428523324832243
2015-03,exploration,top10,momentum,含 2008,-0.014450864348802384,-0.01778093883357046,0.003330074484768075
2015-04,exploration,top10,momentum,含 2008,-0.05371480608215662,0.0347574221578566,-0.08847222824001322
2015-05,exploration,top10,momentum,含 2008,-0.0023416378096570156,-0.004898530440867965,0.0025568926312109497
2015-06,exploration,top10,momentum,含 2008,-0.02506667068137247,-0.023909985935302136,-0.0011566847460703356
2015-07,exploration,top10,momentum,含 2008,-0.20023311427246238,-0.046829971181556296,-0.15340314309090608
2015-08,exploration,top10,momentum,含 2008,-0.10034637164722793,-0.058201058201058364,-0.04214531344616956
2015-09,exploration,top10,momentum,含 2008,0.04118824281210576,0.0016051364365972098,0.03958310637550855
2015-10,exploration,top10,momentum,含 2008,0.0905775903370778,0.04452068536575582,0.04605690497132198
2015-11,exploration,top10,momentum,含 2008,0.03991067602777765,-0.031645569620253,0.07155624564803065
2015-12,exploration,top10,momentum,含 2008,0.06020965502049824,-0.007352941176470673,0.06756259619696892
2007-01,exploration,top10,momentum,排除 2008,-0.07534876139915081,-0.026835681946643986,-0.048513079452506824
2007-02,exploration,top10,momentum,排除 2008,0.07447191275674858,0.01851851851851838,0.0559533942382302
2007-03,exploration,top10,momentum,排除 2008,-0.035678521979490174,-0.02251082251082248,-0.013167699468667693
2007-04,exploration,top10,momentum,排除 2008,-0.0006044092101887832,0.00797165633303809,-0.008576065543226874
2007-05,exploration,top10,momentum,排除 2008,0.09205227120887227,0.05008787346221455,0.04196439774665772
2007-06,exploration,top10,momentum,排除 2008,0.14951599678220728,0.08786610878661061,0.061649887995596675
2007-07,exploration,top10,momentum,排除 2008,0.05142677575738963,0.02000000000000024,0.03142677575738939
2007-08,exploration,top10,momentum,排除 2008,-0.10960696241583967,-0.010558069381598978,-0.09904889303424069
2007-09,exploration,top10,momentum,排除 2008,-0.009734166955924994,0.05716463414634143,-0.06689880110226643
2007-10,exploration,top10,momentum,排除 2008,-0.12179245255896232,0.04941733974063767,-0.17120979229959998
2007-11,exploration,top10,momentum,排除 2008,-0.16405324210726968,-0.11965811965811957,-0.044395122449150115
2007-12,exploration,top10,momentum,排除 2008,0.018049034122669783,-0.005663430420712046,0.023712464543381828
2009-01,exploration,top10,momentum,排除 2008,-0.05540538237575565,-0.07210222087009421,0.01669683849433856
2009-02,exploration,top10,momentum,排除 2008,0.028139300439063986,0.08360655737704903,-0.05546725693798504
2009-03,exploration,top10,momentum,排除 2008,0.09106614137049052,0.10862329803328308,-0.01755715666279256
2009-04,exploration,top10,momentum,排除 2008,0.046655310792920845,0.15038209606986874,-0.1037267852769479
2009-05,exploration,top10,momentum,排除 2008,0.07402241833664092,0.1387900355871885,-0.06476761725054758
2009-06,exploration,top10,momentum,排除 2008,-0.06238488652519547,-0.07374999999999987,0.0113651134748044
2009-07,exploration,top10,momentum,排除 2008,0.13351692127564418,0.10256410256410242,0.030952818711541763
2009-08,exploration,top10,momentum,排除 2008,-0.06288945395716394,-0.011627906976744207,-0.05126154698041974
2009-09,exploration,top10,momentum,排除 2008,0.06411503532029283,0.10010319917440658,-0.03598816385411374
2009-10,exploration,top10,momentum,排除 2008,0.05154941936673518,-0.012568932432865498,0.06411835179960068
2009-11,exploration,top10,momentum,排除 2008,0.0003420889158693985,0.020329138431752325,-0.019987049515882926
2009-12,exploration,top10,momentum,排除 2008,0.06967534972701017,0.07115749525616688,-0.0014821455291567087
2010-01,exploration,top10,momentum,排除 2008,-0.1371418509089728,-0.0611160318866254,-0.0760258190223474
2010-02,exploration,top10,momentum,排除 2008,-0.02681629784939099,-0.027358490566037785,0.0005421927166467944
2010-03,exploration,top10,momentum,排除 2008,0.1394372435432627,0.05237633365664407,0.08706090988661863
2010-04,exploration,top10,momentum,排除 2008,-0.015178129703495635,0.010138248847926246,-0.02531637855142188
2010-05,exploration,top10,momentum,排除 2008,-0.12696096696040504,-0.08576642335766416,-0.041194543602740885
2010-06,exploration,top10,momentum,排除 2008,-0.05603183337923445,-0.010978043912175828,-0.045053789467058625
2010-07,exploration,top10,momentum,排除 2008,0.020413384801513335,0.08779011099899114,-0.06737672619747781
2010-08,exploration,top10,momentum,排除 2008,-0.08973399561757278,-0.011131725417439786,-0.078602270200133
2010-09,exploration,top10,momentum,排除 2008,0.15383730290761166,0.0825515947467168,0.07128570816089486
2010-10,exploration,top10,momentum,排除 2008,-0.05813195006578009,0.009429465263769421,-0.06756141532954951
2010-11,exploration,top10,momentum,排除 2008,-0.008031673618826174,0.019642857142857073,-0.027674530761683247
2010-12,exploration,top10,momentum,排除 2008,-0.009834469533388068,0.07530647985989458,-0.08514094939328265
2011-01,exploration,top10,momentum,排除 2008,-0.027440918574429096,0.026058631921824338,-0.053499550496253434
2011-02,exploration,top10,momentum,排除 2008,-0.0008120229965455916,-0.05555555555555569,0.0547435325590101
2011-03,exploration,top10,momentum,排除 2008,0.04499261394290954,0.0008403361344537785,0.044152277808455764
2011-04,exploration,top10,momentum,排除 2008,0.0360387483664133,0.04114189756507147,-0.0051031491986581745
2011-05,exploration,top10,momentum,排除 2008,0.04062675036458141,0.0,0.04062675036458141
2011-06,exploration,top10,momentum,排除 2008,-0.024560442511912806,-0.05080645161290309,0.026246009100990286
2011-07,exploration,top10,momentum,排除 2008,0.12862138122441458,0.017841971112999122,0.11077941011141546
2011-08,exploration,top10,momentum,排除 2008,-0.16030868458226244,-0.08931552587646074,-0.0709931587058017
2011-09,exploration,top10,momentum,排除 2008,-0.21025062834250108,-0.0531622364802935,-0.15708839186220758
2011-10,exploration,top10,momentum,排除 2008,0.08536584780207002,0.048804738873702735,0.03656110892836728
2011-11,exploration,top10,momentum,排除 2008,-0.1735418746314087,-0.07892720306513423,-0.09461467156627446
2011-12,exploration,top10,momentum,排除 2008,0.034200207555052264,0.03598169717138111,-0.0017814896163288463
2012-01,exploration,top10,momentum,排除 2008,0.10166102942447375,0.04296326038948006,0.058697769034993685
2012-02,exploration,top10,momentum,排除 2008,0.059896656218243916,0.0779595765158807,-0.018062920297636786
2012-03,exploration,top10,momentum,排除 2008,-0.005133980894764689,-0.019642857142857073,0.014508876248092384
2012-04,exploration,top10,momentum,排除 2008,-0.09458592988197145,-0.051912568306010876,-0.04267336157596058
2012-05,exploration,top10,momentum,排除 2008,-0.008574049036458642,-0.036503362151777186,0.027929313115318544
2012-06,exploration,top10,momentum,排除 2008,-0.019398767168152142,0.0009970089730808596,-0.020395776141233002
2012-07,exploration,top10,momentum,排除 2008,0.0514952311862964,0.017928286852589626,0.03356694433370677
2012-08,exploration,top10,momentum,排除 2008,0.06553041834258555,0.03228962818003911,0.03324079016254644
2012-09,exploration,top10,momentum,排除 2008,-0.03274385294241455,0.04549763033175358,-0.07824148327416813
2012-10,exploration,top10,momentum,排除 2008,-0.0817664070193036,-0.053010976208595295,-0.028755430810708305
2012-11,exploration,top10,momentum,排除 2008,0.06894715957657715,0.06250000000000022,0.006447159576576933
2012-12,exploration,top10,momentum,排除 2008,-0.057152778468498755,0.00466853408029877,-0.061821312548797525
2013-01,exploration,top10,momentum,排除 2008,0.08533244893097214,0.014869888475836479,0.07046256045513566
2013-02,exploration,top10,momentum,排除 2008,0.09914151959520079,0.010989010989011172,0.08815250860618962
2013-03,exploration,top10,momentum,排除 2008,0.03492821219620379,-0.0018115942028986698,0.03673980639910246
2013-04,exploration,top10,momentum,排除 2008,-0.030881899351192565,0.023593466424682408,-0.05447536577587497
2013-05,exploration,top10,momentum,排除 2008,0.05224933272026511,0.009751773049645474,0.04249755967061963
2013-06,exploration,top10,momentum,排除 2008,-0.00958569645921814,-0.032484635645302906,0.022898939186084766
2013-07,exploration,top10,momentum,排除 2008,0.029449149470184288,0.027223230490017958,0.0022259189801663304
2013-08,exploration,top10,momentum,排除 2008,-0.0047073169559461725,-0.013250883392226132,0.008543566436279959
2013-09,exploration,top10,momentum,排除 2008,0.02745108466610313,0.02327663384064449,0.004174450825458642
2013-10,exploration,top10,momentum,排除 2008,0.055560795425824816,0.03697194781776969,0.018588847608055126
2013-11,exploration,top10,momentum,排除 2008,0.0015418392575674567,-0.006044905008635526,0.007586744266202983
2013-12,exploration,top10,momentum,排除 2008,-0.028064518057930976,0.019982623805386623,-0.0480471418633176
2014-01,exploration,top10,momentum,排除 2008,-0.008168213621366438,-0.01873935264054505,0.01057113901917861
2014-02,exploration,top10,momentum,排除 2008,0.14626187859895912,0.012152777777777679,0.13410910082118144
2014-03,exploration,top10,momentum,排除 2008,-0.07645361770812709,0.030874785591766818,-0.1073284032998939
2014-04,exploration,top10,momentum,排除 2008,0.011711651858487881,0.014975041597337757,-0.0032633897388498756
2014-05,exploration,top10,momentum,排除 2008,0.10725821414578873,0.03442622950819674,0.072831984637592
2014-06,exploration,top10,momentum,排除 2008,0.05206754476015396,0.045166402535657735,0.006901142224496226
2014-07,exploration,top10,momentum,排除 2008,-0.04817794873116321,0.012130401819560266,-0.06030835055072348
2014-08,exploration,top10,momentum,排除 2008,-0.0822847904739219,0.0367041198501874,-0.1189889103241093
2014-09,exploration,top10,momentum,排除 2008,-0.06433338754106588,-0.0563583815028903,-0.00797500603817558
2014-10,exploration,top10,momentum,排除 2008,-0.08854119687031503,0.024409448818897506,-0.11295064568921254
2014-11,exploration,top10,momentum,排除 2008,0.01063125576130508,0.03369065849923447,-0.02305940273792939
2014-12,exploration,top10,momentum,排除 2008,0.06110153007028085,-0.009629629629629766,0.07073115969991062
2015-01,exploration,top10,momentum,排除 2008,-0.059046375418752683,0.01720269259536278,-0.07624906801411546
2015-02,exploration,top10,momentum,排除 2008,0.019395006086932565,0.03382352941176481,-0.014428523324832243
2015-03,exploration,top10,momentum,排除 2008,-0.014450864348802384,-0.01778093883357046,0.003330074484768075
2015-04,exploration,top10,momentum,排除 2008,-0.05371480608215662,0.0347574221578566,-0.08847222824001322
2015-05,exploration,top10,momentum,排除 2008,-0.0023416378096570156,-0.004898530440867965,0.0025568926312109497
2015-06,exploration,top10,momentum,排除 2008,-0.02506667068137247,-0.023909985935302136,-0.0011566847460703356
2015-07,exploration,top10,momentum,排除 2008,-0.20023311427246238,-0.046829971181556296,-0.15340314309090608
2015-08,exploration,top10,momentum,排除 2008,-0.10034637164722793,-0.058201058201058364,-0.04214531344616956
2015-09,exploration,top10,momentum,排除 2008,0.04118824281210576,0.0016051364365972098,0.03958310637550855
2015-10,exploration,top10,momentum,排除 2008,0.0905775903370778,0.04452068536575582,0.04605690497132198
2015-11,exploration,top10,momentum,排除 2008,0.03991067602777765,-0.031645569620253,0.07155624564803065
2015-12,exploration,top10,momentum,排除 2008,0.06020965502049824,-0.007352941176470673,0.06756259619696892
2007-01,exploration,top10,size,含 2008,-0.00856432805121643,-0.026835681946643986,0.018271353895427556
2007-02,exploration,top10,size,含 2008,0.020712692450017833,0.01851851851851838,0.0021941739314994546
2007-03,exploration,top10,size,含 2008,0.03651590476887989,-0.02251082251082248,0.05902672727970237
2007-04,exploration,top10,size,含 2008,0.011306613839363377,0.00797165633303809,0.0033349575063252868
2007-05,exploration,top10,size,含 2008,0.06700103154663273,0.05008787346221455,0.01691315808441818
2007-06,exploration,top10,size,含 2008,0.049101539212949685,0.08786610878661061,-0.03876456957366092
2007-07,exploration,top10,size,含 2008,0.08851164590237959,0.02000000000000024,0.06851164590237935
2007-08,exploration,top10,size,含 2008,-0.1851289555336375,-0.010558069381598978,-0.17457088615203853
2007-09,exploration,top10,size,含 2008,0.030930079469944527,0.05716463414634143,-0.026234554676396904
2007-10,exploration,top10,size,含 2008,-0.11313323618695681,0.04941733974063767,-0.16255057592759448
2007-11,exploration,top10,size,含 2008,-0.22130258947432624,-0.11965811965811957,-0.10164446981620667
2007-12,exploration,top10,size,含 2008,-0.04738260105870229,-0.005663430420712046,-0.041719170637990244
2008-01,exploration,top10,size,含 2008,-0.14828292786853148,-0.1057770545158665,-0.04250587335266498
2008-02,exploration,top10,size,含 2008,0.16153947630483212,0.10737033666969964,0.05416913963513248
2008-03,exploration,top10,size,含 2008,0.04809657910851661,-0.006573541495480617,0.05467012060399723
2008-04,exploration,top10,size,含 2008,0.02949943482868056,0.05707196029776673,-0.027572525469086173
2008-05,exploration,top10,size,含 2008,-0.00528368821748515,-0.026604068857589924,0.021320380640104775
2008-06,exploration,top10,size,含 2008,-0.18875323834793178,-0.11575562700964648,-0.0729976113382853
2008-07,exploration,top10,size,含 2008,-0.04698770176324296,-0.047272727272727355,0.0002850255094843934
2008-08,exploration,top10,size,含 2008,0.0021008694185122856,0.02385496183206115,-0.021754092413548864
2008-09,exploration,top10,size,含 2008,-0.2682071423572274,-0.16868592730661702,-0.0995212150506104
2008-10,exploration,top10,size,含 2008,-0.07825868893859944,-0.1318196964161692,0.053561007477569755
2008-11,exploration,top10,size,含 2008,-0.1406065941680863,-0.12068965517241359,-0.019916938995672706
2008-12,exploration,top10,size,含 2008,0.0580378116341298,0.02303143479614045,0.03500637683798935
2009-01,exploration,top10,size,含 2008,-0.08909923649369234,-0.07210222087009421,-0.016997015623598122
2009-02,exploration,top10,size,含 2008,0.2769244368481978,0.08360655737704903,0.19331787947114876
2009-03,exploration,top10,size,含 2008,0.14615877894822105,0.10862329803328308,0.03753548091493797
2009-04,exploration,top10,size,含 2008,0.060993448507155934,0.15038209606986874,-0.08938864756271281
2009-05,exploration,top10,size,含 2008,0.15455487394836975,0.1387900355871885,0.015764838361181255
2009-06,exploration,top10,size,含 2008,-0.11727619910798015,-0.07374999999999987,-0.04352619910798028
2009-07,exploration,top10,size,含 2008,0.18003854396635055,0.10256410256410242,0.07747444140224813
2009-08,exploration,top10,size,含 2008,-0.08156227682677553,-0.011627906976744207,-0.06993436985003132
2009-09,exploration,top10,size,含 2008,0.15250806671911232,0.10010319917440658,0.05240486754470575
2009-10,exploration,top10,size,含 2008,-0.03036765242184636,-0.012568932432865498,-0.01779871998898086
2009-11,exploration,top10,size,含 2008,0.03788678388697919,0.020329138431752325,0.017557645455226867
2009-12,exploration,top10,size,含 2008,0.29111499823820486,0.07115749525616688,0.21995750298203798
2010-01,exploration,top10,size,含 2008,-0.1493935840307834,-0.0611160318866254,-0.088277552144158
2010-02,exploration,top10,size,含 2008,-0.0042211159484986105,-0.027358490566037785,0.023137374617539175
2010-03,exploration,top10,size,含 2008,0.12183685370412323,0.05237633365664407,0.06946052004747916
2010-04,exploration,top10,size,含 2008,-0.0069317389596836865,0.010138248847926246,-0.017069987807609932
2010-05,exploration,top10,size,含 2008,-0.09686664058121663,-0.08576642335766416,-0.011100217223552478
2010-06,exploration,top10,size,含 2008,0.023561115282704437,-0.010978043912175828,0.034539159194880265
2010-07,exploration,top10,size,含 2008,0.06753864641354879,0.08779011099899114,-0.020251464585442358
2010-08,exploration,top10,size,含 2008,-0.05942471386775816,-0.011131725417439786,-0.048292988450318375
2010-09,exploration,top10,size,含 2008,0.03461555046922782,0.0825515947467168,-0.04793604427748899
2010-10,exploration,top10,size,含 2008,-0.010822335795630633,0.009429465263769421,-0.020251801059400054
2010-11,exploration,top10,size,含 2008,-0.04750604938343217,0.019642857142857073,-0.06714890652628924
2010-12,exploration,top10,size,含 2008,0.1458948555272992,0.07530647985989458,0.07058837566740461
2011-01,exploration,top10,size,含 2008,-0.040952789814659885,0.026058631921824338,-0.06701142173648422
2011-02,exploration,top10,size,含 2008,-0.03333787373498076,-0.05555555555555569,0.02221768182057493
2011-03,exploration,top10,size,含 2008,-0.04244549231750516,0.0008403361344537785,-0.04328582845195894
2011-04,exploration,top10,size,含 2008,0.030097460542385823,0.04114189756507147,-0.01104443702268565
2011-05,exploration,top10,size,含 2008,-0.07136605606598623,0.0,-0.07136605606598623
2011-06,exploration,top10,size,含 2008,-0.04669560094015501,-0.05080645161290309,0.004110850672748079
2011-07,exploration,top10,size,含 2008,-0.03066057879573303,0.017841971112999122,-0.04850254990873215
2011-08,exploration,top10,size,含 2008,-0.18660146496685392,-0.08931552587646074,-0.09728593909039318
2011-09,exploration,top10,size,含 2008,-0.09198960228560138,-0.0531622364802935,-0.03882736580530788
2011-10,exploration,top10,size,含 2008,0.07696587801086441,0.048804738873702735,0.028161139137161673
2011-11,exploration,top10,size,含 2008,-0.1765076737838509,-0.07892720306513423,-0.09758047071871667
2011-12,exploration,top10,size,含 2008,0.019804766816174935,0.03598169717138111,-0.016176930355206176
2012-01,exploration,top10,size,含 2008,0.06260360247872909,0.04296326038948006,0.01964034208924903
2012-02,exploration,top10,size,含 2008,0.23378978982746856,0.0779595765158807,0.15583021331158786
2012-03,exploration,top10,size,含 2008,-0.09589728675323572,-0.019642857142857073,-0.07625442961037865
2012-04,exploration,top10,size,含 2008,-0.11782827124585349,-0.051912568306010876,-0.06591570293984261
2012-05,exploration,top10,size,含 2008,0.02731178468697726,-0.036503362151777186,0.06381514683875444
2012-06,exploration,top10,size,含 2008,-0.03521541857491095,0.0009970089730808596,-0.03621242754799181
2012-07,exploration,top10,size,含 2008,0.03851407786621763,0.017928286852589626,0.020585791013628008
2012-08,exploration,top10,size,含 2008,0.09084434123461693,0.03228962818003911,0.05855471305457782
2012-09,exploration,top10,size,含 2008,-0.013978223002301338,0.04549763033175358,-0.05947585333405492
2012-10,exploration,top10,size,含 2008,-0.15823222130886005,-0.053010976208595295,-0.10522124510026476
2012-11,exploration,top10,size,含 2008,0.043684019080024505,0.06250000000000022,-0.018815980919975717
2012-12,exploration,top10,size,含 2008,0.018111334145014535,0.00466853408029877,0.013442800064715765
2013-01,exploration,top10,size,含 2008,0.0953157637256774,0.014869888475836479,0.08044587524984093
2013-02,exploration,top10,size,含 2008,-0.018519393591567623,0.010989010989011172,-0.029508404580578795
2013-03,exploration,top10,size,含 2008,0.07576235654579366,-0.0018115942028986698,0.07757395074869233
2013-04,exploration,top10,size,含 2008,0.024620560441513062,0.023593466424682408,0.0010270940168306542
2013-05,exploration,top10,size,含 2008,0.14658758422207918,0.009751773049645474,0.1368358111724337
2013-06,exploration,top10,size,含 2008,-0.058313891513527616,-0.032484635645302906,-0.02582925586822471
2013-07,exploration,top10,size,含 2008,-0.08649448085637845,0.027223230490017958,-0.11371771134639641
2013-08,exploration,top10,size,含 2008,0.04077159044863232,-0.013250883392226132,0.054022473840858454
2013-09,exploration,top10,size,含 2008,-0.00015579150893652027,0.02327663384064449,-0.02343242534958101
2013-10,exploration,top10,size,含 2008,0.1171591200414639,0.03697194781776969,0.0801871722236942
2013-11,exploration,top10,size,含 2008,-0.08468263694749345,-0.006044905008635526,-0.07863773193885792
2013-12,exploration,top10,size,含 2008,0.11219741108288006,0.019982623805386623,0.09221478727749344
2014-01,exploration,top10,size,含 2008,-0.06997713728490629,-0.01873935264054505,-0.05123778464436124
2014-02,exploration,top10,size,含 2008,0.0966940790556261,0.012152777777777679,0.08454130127784842
2014-03,exploration,top10,size,含 2008,0.03683443024465172,0.030874785591766818,0.005959644652884899
2014-04,exploration,top10,size,含 2008,-0.07760221516924337,0.014975041597337757,-0.09257725676658113
2014-05,exploration,top10,size,含 2008,0.01964184497886956,0.03442622950819674,-0.014784384529327177
2014-06,exploration,top10,size,含 2008,0.06378729376812431,0.045166402535657735,0.018620891232466574
2014-07,exploration,top10,size,含 2008,-0.030225351609788453,0.012130401819560266,-0.04235575342934872
2014-08,exploration,top10,size,含 2008,-0.031226770588299035,0.0367041198501874,-0.06793089043848644
2014-09,exploration,top10,size,含 2008,0.012142156311916175,-0.0563583815028903,0.06850053781480647
2014-10,exploration,top10,size,含 2008,-0.10800482182122606,0.024409448818897506,-0.13241427064012357
2014-11,exploration,top10,size,含 2008,0.0028745989520644333,0.03369065849923447,-0.030816059547170038
2014-12,exploration,top10,size,含 2008,0.11420145659266456,-0.009629629629629766,0.12383108622229433
2015-01,exploration,top10,size,含 2008,-0.04302051344082691,0.01720269259536278,-0.06022320603618969
2015-02,exploration,top10,size,含 2008,-0.010682780038215434,0.03382352941176481,-0.04450630944998024
2015-03,exploration,top10,size,含 2008,-0.005253588260727748,-0.01778093883357046,0.01252735057284271
2015-04,exploration,top10,size,含 2008,-0.016921960771207112,0.0347574221578566,-0.05167938292906371
2015-05,exploration,top10,size,含 2008,-0.06855888484540873,-0.004898530440867965,-0.06366035440454076
2015-06,exploration,top10,size,含 2008,-0.030044505368325702,-0.023909985935302136,-0.006134519433023566
2015-07,exploration,top10,size,含 2008,-0.15934648387320471,-0.046829971181556296,-0.11251651269164842
2015-08,exploration,top10,size,含 2008,-0.044378181418541995,-0.058201058201058364,0.013822876782516369
2015-09,exploration,top10,size,含 2008,0.038768137447322326,0.0016051364365972098,0.037163001010725116
2015-10,exploration,top10,size,含 2008,0.07396065835730026,0.04452068536575582,0.02943997299154444
2015-11,exploration,top10,size,含 2008,0.06220067896512527,-0.031645569620253,0.09384624858537827
2015-12,exploration,top10,size,含 2008,0.024508652901230166,-0.007352941176470673,0.03186159407770084
2007-01,exploration,top10,size,排除 2008,-0.00856432805121643,-0.026835681946643986,0.018271353895427556
2007-02,exploration,top10,size,排除 2008,0.020712692450017833,0.01851851851851838,0.0021941739314994546
2007-03,exploration,top10,size,排除 2008,0.03651590476887989,-0.02251082251082248,0.05902672727970237
2007-04,exploration,top10,size,排除 2008,0.011306613839363377,0.00797165633303809,0.0033349575063252868
2007-05,exploration,top10,size,排除 2008,0.06700103154663273,0.05008787346221455,0.01691315808441818
2007-06,exploration,top10,size,排除 2008,0.049101539212949685,0.08786610878661061,-0.03876456957366092
2007-07,exploration,top10,size,排除 2008,0.08851164590237959,0.02000000000000024,0.06851164590237935
2007-08,exploration,top10,size,排除 2008,-0.1851289555336375,-0.010558069381598978,-0.17457088615203853
2007-09,exploration,top10,size,排除 2008,0.030930079469944527,0.05716463414634143,-0.026234554676396904
2007-10,exploration,top10,size,排除 2008,-0.11313323618695681,0.04941733974063767,-0.16255057592759448
2007-11,exploration,top10,size,排除 2008,-0.22130258947432624,-0.11965811965811957,-0.10164446981620667
2007-12,exploration,top10,size,排除 2008,-0.04738260105870229,-0.005663430420712046,-0.041719170637990244
2009-01,exploration,top10,size,排除 2008,-0.08909923649369234,-0.07210222087009421,-0.016997015623598122
2009-02,exploration,top10,size,排除 2008,0.2769244368481978,0.08360655737704903,0.19331787947114876
2009-03,exploration,top10,size,排除 2008,0.14615877894822105,0.10862329803328308,0.03753548091493797
2009-04,exploration,top10,size,排除 2008,0.060993448507155934,0.15038209606986874,-0.08938864756271281
2009-05,exploration,top10,size,排除 2008,0.15455487394836975,0.1387900355871885,0.015764838361181255
2009-06,exploration,top10,size,排除 2008,-0.11727619910798015,-0.07374999999999987,-0.04352619910798028
2009-07,exploration,top10,size,排除 2008,0.18003854396635055,0.10256410256410242,0.07747444140224813
2009-08,exploration,top10,size,排除 2008,-0.08156227682677553,-0.011627906976744207,-0.06993436985003132
2009-09,exploration,top10,size,排除 2008,0.15250806671911232,0.10010319917440658,0.05240486754470575
2009-10,exploration,top10,size,排除 2008,-0.03036765242184636,-0.012568932432865498,-0.01779871998898086
2009-11,exploration,top10,size,排除 2008,0.03788678388697919,0.020329138431752325,0.017557645455226867
2009-12,exploration,top10,size,排除 2008,0.29111499823820486,0.07115749525616688,0.21995750298203798
2010-01,exploration,top10,size,排除 2008,-0.1493935840307834,-0.0611160318866254,-0.088277552144158
2010-02,exploration,top10,size,排除 2008,-0.0042211159484986105,-0.027358490566037785,0.023137374617539175
2010-03,exploration,top10,size,排除 2008,0.12183685370412323,0.05237633365664407,0.06946052004747916
2010-04,exploration,top10,size,排除 2008,-0.0069317389596836865,0.010138248847926246,-0.017069987807609932
2010-05,exploration,top10,size,排除 2008,-0.09686664058121663,-0.08576642335766416,-0.011100217223552478
2010-06,exploration,top10,size,排除 2008,0.023561115282704437,-0.010978043912175828,0.034539159194880265
2010-07,exploration,top10,size,排除 2008,0.06753864641354879,0.08779011099899114,-0.020251464585442358
2010-08,exploration,top10,size,排除 2008,-0.05942471386775816,-0.011131725417439786,-0.048292988450318375
2010-09,exploration,top10,size,排除 2008,0.03461555046922782,0.0825515947467168,-0.04793604427748899
2010-10,exploration,top10,size,排除 2008,-0.010822335795630633,0.009429465263769421,-0.020251801059400054
2010-11,exploration,top10,size,排除 2008,-0.04750604938343217,0.019642857142857073,-0.06714890652628924
2010-12,exploration,top10,size,排除 2008,0.1458948555272992,0.07530647985989458,0.07058837566740461
2011-01,exploration,top10,size,排除 2008,-0.040952789814659885,0.026058631921824338,-0.06701142173648422
2011-02,exploration,top10,size,排除 2008,-0.03333787373498076,-0.05555555555555569,0.02221768182057493
2011-03,exploration,top10,size,排除 2008,-0.04244549231750516,0.0008403361344537785,-0.04328582845195894
2011-04,exploration,top10,size,排除 2008,0.030097460542385823,0.04114189756507147,-0.01104443702268565
2011-05,exploration,top10,size,排除 2008,-0.07136605606598623,0.0,-0.07136605606598623
2011-06,exploration,top10,size,排除 2008,-0.04669560094015501,-0.05080645161290309,0.004110850672748079
2011-07,exploration,top10,size,排除 2008,-0.03066057879573303,0.017841971112999122,-0.04850254990873215
2011-08,exploration,top10,size,排除 2008,-0.18660146496685392,-0.08931552587646074,-0.09728593909039318
2011-09,exploration,top10,size,排除 2008,-0.09198960228560138,-0.0531622364802935,-0.03882736580530788
2011-10,exploration,top10,size,排除 2008,0.07696587801086441,0.048804738873702735,0.028161139137161673
2011-11,exploration,top10,size,排除 2008,-0.1765076737838509,-0.07892720306513423,-0.09758047071871667
2011-12,exploration,top10,size,排除 2008,0.019804766816174935,0.03598169717138111,-0.016176930355206176
2012-01,exploration,top10,size,排除 2008,0.06260360247872909,0.04296326038948006,0.01964034208924903
2012-02,exploration,top10,size,排除 2008,0.23378978982746856,0.0779595765158807,0.15583021331158786
2012-03,exploration,top10,size,排除 2008,-0.09589728675323572,-0.019642857142857073,-0.07625442961037865
2012-04,exploration,top10,size,排除 2008,-0.11782827124585349,-0.051912568306010876,-0.06591570293984261
2012-05,exploration,top10,size,排除 2008,0.02731178468697726,-0.036503362151777186,0.06381514683875444
2012-06,exploration,top10,size,排除 2008,-0.03521541857491095,0.0009970089730808596,-0.03621242754799181
2012-07,exploration,top10,size,排除 2008,0.03851407786621763,0.017928286852589626,0.020585791013628008
2012-08,exploration,top10,size,排除 2008,0.09084434123461693,0.03228962818003911,0.05855471305457782
2012-09,exploration,top10,size,排除 2008,-0.013978223002301338,0.04549763033175358,-0.05947585333405492
2012-10,exploration,top10,size,排除 2008,-0.15823222130886005,-0.053010976208595295,-0.10522124510026476
2012-11,exploration,top10,size,排除 2008,0.043684019080024505,0.06250000000000022,-0.018815980919975717
2012-12,exploration,top10,size,排除 2008,0.018111334145014535,0.00466853408029877,0.013442800064715765
2013-01,exploration,top10,size,排除 2008,0.0953157637256774,0.014869888475836479,0.08044587524984093
2013-02,exploration,top10,size,排除 2008,-0.018519393591567623,0.010989010989011172,-0.029508404580578795
2013-03,exploration,top10,size,排除 2008,0.07576235654579366,-0.0018115942028986698,0.07757395074869233
2013-04,exploration,top10,size,排除 2008,0.024620560441513062,0.023593466424682408,0.0010270940168306542
2013-05,exploration,top10,size,排除 2008,0.14658758422207918,0.009751773049645474,0.1368358111724337
2013-06,exploration,top10,size,排除 2008,-0.058313891513527616,-0.032484635645302906,-0.02582925586822471
2013-07,exploration,top10,size,排除 2008,-0.08649448085637845,0.027223230490017958,-0.11371771134639641
2013-08,exploration,top10,size,排除 2008,0.04077159044863232,-0.013250883392226132,0.054022473840858454
2013-09,exploration,top10,size,排除 2008,-0.00015579150893652027,0.02327663384064449,-0.02343242534958101
2013-10,exploration,top10,size,排除 2008,0.1171591200414639,0.03697194781776969,0.0801871722236942
2013-11,exploration,top10,size,排除 2008,-0.08468263694749345,-0.006044905008635526,-0.07863773193885792
2013-12,exploration,top10,size,排除 2008,0.11219741108288006,0.019982623805386623,0.09221478727749344
2014-01,exploration,top10,size,排除 2008,-0.06997713728490629,-0.01873935264054505,-0.05123778464436124
2014-02,exploration,top10,size,排除 2008,0.0966940790556261,0.012152777777777679,0.08454130127784842
2014-03,exploration,top10,size,排除 2008,0.03683443024465172,0.030874785591766818,0.005959644652884899
2014-04,exploration,top10,size,排除 2008,-0.07760221516924337,0.014975041597337757,-0.09257725676658113
2014-05,exploration,top10,size,排除 2008,0.01964184497886956,0.03442622950819674,-0.014784384529327177
2014-06,exploration,top10,size,排除 2008,0.06378729376812431,0.045166402535657735,0.018620891232466574
2014-07,exploration,top10,size,排除 2008,-0.030225351609788453,0.012130401819560266,-0.04235575342934872
2014-08,exploration,top10,size,排除 2008,-0.031226770588299035,0.0367041198501874,-0.06793089043848644
2014-09,exploration,top10,size,排除 2008,0.012142156311916175,-0.0563583815028903,0.06850053781480647
2014-10,exploration,top10,size,排除 2008,-0.10800482182122606,0.024409448818897506,-0.13241427064012357
2014-11,exploration,top10,size,排除 2008,0.0028745989520644333,0.03369065849923447,-0.030816059547170038
2014-12,exploration,top10,size,排除 2008,0.11420145659266456,-0.009629629629629766,0.12383108622229433
2015-01,exploration,top10,size,排除 2008,-0.04302051344082691,0.01720269259536278,-0.06022320603618969
2015-02,exploration,top10,size,排除 2008,-0.010682780038215434,0.03382352941176481,-0.04450630944998024
2015-03,exploration,top10,size,排除 2008,-0.005253588260727748,-0.01778093883357046,0.01252735057284271
2015-04,exploration,top10,size,排除 2008,-0.016921960771207112,0.0347574221578566,-0.05167938292906371
2015-05,exploration,top10,size,排除 2008,-0.06855888484540873,-0.004898530440867965,-0.06366035440454076
2015-06,exploration,top10,size,排除 2008,-0.030044505368325702,-0.023909985935302136,-0.006134519433023566
2015-07,exploration,top10,size,排除 2008,-0.15934648387320471,-0.046829971181556296,-0.11251651269164842
2015-08,exploration,top10,size,排除 2008,-0.044378181418541995,-0.058201058201058364,0.013822876782516369
2015-09,exploration,top10,size,排除 2008,0.038768137447322326,0.0016051364365972098,0.037163001010725116
2015-10,exploration,top10,size,排除 2008,0.07396065835730026,0.04452068536575582,0.02943997299154444
2015-11,exploration,top10,size,排除 2008,0.06220067896512527,-0.031645569620253,0.09384624858537827
2015-12,exploration,top10,size,排除 2008,0.024508652901230166,-0.007352941176470673,0.03186159407770084
2007-01,exploration,top10,lowvol,含 2008,-0.016647831661287582,-0.026835681946643986,0.010187850285356403
2007-02,exploration,top10,lowvol,含 2008,0.03902766141430458,0.01851851851851838,0.020509142895786203
2007-03,exploration,top10,lowvol,含 2008,0.025370794647275208,-0.02251082251082248,0.04788161715809769
2007-04,exploration,top10,lowvol,含 2008,-0.00806123892124222,0.00797165633303809,-0.01603289525428031
2007-05,exploration,top10,lowvol,含 2008,0.021049544679538235,0.05008787346221455,-0.029038328782676315
2007-06,exploration,top10,lowvol,含 2008,0.12608736486772743,0.08786610878661061,0.03822125608111682
2007-07,exploration,top10,lowvol,含 2008,0.06227069840427024,0.02000000000000024,0.04227069840427
2007-08,exploration,top10,lowvol,含 2008,0.02049449356558397,-0.010558069381598978,0.03105256294718295
2007-09,exploration,top10,lowvol,含 2008,0.04807693210751318,0.05716463414634143,-0.00908770203882825
2007-10,exploration,top10,lowvol,含 2008,0.04803243450180816,0.04941733974063767,-0.0013849052388295036
2007-11,exploration,top10,lowvol,含 2008,-0.08815325265970497,-0.11965811965811957,0.031504866998414593
2007-12,exploration,top10,lowvol,含 2008,0.008626383499094947,-0.005663430420712046,0.014289813919806993
2008-01,exploration,top10,lowvol,含 2008,-0.014615007608106079,-0.1057770545158665,0.09116204690776042
2008-02,exploration,top10,lowvol,含 2008,0.07287767088624397,0.10737033666969964,-0.03449266578345567
2008-03,exploration,top10,lowvol,含 2008,0.09145919285668502,-0.006573541495480617,0.09803273435216564
2008-04,exploration,top10,lowvol,含 2008,0.047603118905348074,0.05707196029776673,-0.009468841392418659
2008-05,exploration,top10,lowvol,含 2008,-0.026376436726524344,-0.026604068857589924,0.00022763213106558045
2008-06,exploration,top10,lowvol,含 2008,-0.08814621967638614,-0.11575562700964648,0.02760940733326034
2008-07,exploration,top10,lowvol,含 2008,-0.0885982813324161,-0.047272727272727355,-0.04132555405968874
2008-08,exploration,top10,lowvol,含 2008,-0.00036688980755406053,0.02385496183206115,-0.02422185163961521
2008-09,exploration,top10,lowvol,含 2008,-0.23516146137606797,-0.16868592730661702,-0.06647553406945095
2008-10,exploration,top10,lowvol,含 2008,-0.17971374628155312,-0.1318196964161692,-0.047894049865383925
2008-11,exploration,top10,lowvol,含 2008,0.006965855459054149,-0.12068965517241359,0.12765551063146774
2008-12,exploration,top10,lowvol,含 2008,0.0557711096197997,0.02303143479614045,0.03273967482365925
2009-01,exploration,top10,lowvol,含 2008,-0.017200629019062497,-0.07210222087009421,0.05490159185103172
2009-02,exploration,top10,lowvol,含 2008,-0.00642158556059913,0.08360655737704903,-0.09002814293764816
2009-03,exploration,top10,lowvol,含 2008,0.09295734268213707,0.10862329803328308,-0.01566595535114601
2009-04,exploration,top10,lowvol,含 2008,0.08558053121448395,0.15038209606986874,-0.0648015648553848
2009-05,exploration,top10,lowvol,含 2008,0.06757393831613356,0.1387900355871885,-0.07121609727105493
2009-06,exploration,top10,lowvol,含 2008,-0.04849584842360044,-0.07374999999999987,0.02525415157639943
2009-07,exploration,top10,lowvol,含 2008,0.08969461874531626,0.10256410256410242,-0.012869483818786165
2009-08,exploration,top10,lowvol,含 2008,-0.021074357274381228,-0.011627906976744207,-0.009446450297637021
2009-09,exploration,top10,lowvol,含 2008,0.05919611213769471,0.10010319917440658,-0.040907087036711864
2009-10,exploration,top10,lowvol,含 2008,0.014086733714520516,-0.012568932432865498,0.026655666147386015
2009-11,exploration,top10,lowvol,含 2008,0.0471172414100689,0.020329138431752325,0.026788102978316575
2009-12,exploration,top10,lowvol,含 2008,0.07265256293044131,0.07115749525616688,0.0014950676742744307
2010-01,exploration,top10,lowvol,含 2008,-0.039411361533779665,-0.0611160318866254,0.021704670352845734
2010-02,exploration,top10,lowvol,含 2008,0.005908185076251682,-0.027358490566037785,0.03326667564228947
2010-03,exploration,top10,lowvol,含 2008,0.02810240712876033,0.05237633365664407,-0.024273926527883738
2010-04,exploration,top10,lowvol,含 2008,0.023521738379769896,0.010138248847926246,0.01338348953184365
2010-05,exploration,top10,lowvol,含 2008,-0.01163408851353509,-0.08576642335766416,0.07413233484412907
2010-06,exploration,top10,lowvol,含 2008,0.023136796187946285,-0.010978043912175828,0.03411484010012211
2010-07,exploration,top10,lowvol,含 2008,0.05668724780964207,0.08779011099899114,-0.031102863189349073
2010-08,exploration,top10,lowvol,含 2008,0.04730446489992923,-0.011131725417439786,0.05843619031736902
2010-09,exploration,top10,lowvol,含 2008,0.07321655796276838,0.0825515947467168,-0.009335036783948425
2010-10,exploration,top10,lowvol,含 2008,0.0006557819069625825,0.009429465263769421,-0.008773683356806838
2010-11,exploration,top10,lowvol,含 2008,0.001428564701816848,0.019642857142857073,-0.018214292441040225
2010-12,exploration,top10,lowvol,含 2008,0.04562407183139161,0.07530647985989458,-0.02968240802850297
2011-01,exploration,top10,lowvol,含 2008,0.04776555245948222,0.026058631921824338,0.02170692053765788
2011-02,exploration,top10,lowvol,含 2008,-0.022489589674604127,-0.05555555555555569,0.033065965880951564
2011-03,exploration,top10,lowvol,含 2008,0.02128795352837054,0.0008403361344537785,0.02044761739391676
2011-04,exploration,top10,lowvol,含 2008,0.035924278668333365,0.04114189756507147,-0.005217618896738108
2011-05,exploration,top10,lowvol,含 2008,0.06332954566606785,0.0,0.06332954566606785
2011-06,exploration,top10,lowvol,含 2008,0.0067704410812345905,-0.05080645161290309,0.05757689269413768
2011-07,exploration,top10,lowvol,含 2008,0.08884071054586773,0.017841971112999122,0.07099873943286861
2011-08,exploration,top10,lowvol,含 2008,-0.07972713434084944,-0.08931552587646074,0.009588391535611307
2011-09,exploration,top10,lowvol,含 2008,-0.08122213027590408,-0.0531622364802935,-0.02805989379561058
2011-10,exploration,top10,lowvol,含 2008,0.06530618323847937,0.048804738873702735,0.01650144436477663
2011-11,exploration,top10,lowvol,含 2008,-0.013910879563304501,-0.07892720306513423,0.06501632350182973
2011-12,exploration,top10,lowvol,含 2008,-0.007419579710063129,0.03598169717138111,-0.04340127688144424
2012-01,exploration,top10,lowvol,含 2008,0.01623516841597139,0.04296326038948006,-0.026728091973508672
2012-02,exploration,top10,lowvol,含 2008,0.05359960088158533,0.0779595765158807,-0.024359975634295372
2012-03,exploration,top10,lowvol,含 2008,0.03611674235961759,-0.019642857142857073,0.055759599502474666
2012-04,exploration,top10,lowvol,含 2008,-0.028355937133679787,-0.051912568306010876,0.02355663117233109
2012-05,exploration,top10,lowvol,含 2008,-0.008884943937945255,-0.036503362151777186,0.02761841821383193
2012-06,exploration,top10,lowvol,含 2008,-7.789965827231793e-05,0.0009970089730808596,-0.0010749086313531775
2012-07,exploration,top10,lowvol,含 2008,0.02613972345938609,0.017928286852589626,0.008211436606796463
2012-08,exploration,top10,lowvol,含 2008,0.035970073668805336,0.03228962818003911,0.0036804454887662263
2012-09,exploration,top10,lowvol,含 2008,0.01273582345377533,0.04549763033175358,-0.03276180687797825
2012-10,exploration,top10,lowvol,含 2008,-0.03169024623747474,-0.053010976208595295,0.021320729971120556
2012-11,exploration,top10,lowvol,含 2008,0.009459968398077612,0.06250000000000022,-0.05304003160192261
2012-12,exploration,top10,lowvol,含 2008,0.014753707751511191,0.00466853408029877,0.010085173671212422
2013-01,exploration,top10,lowvol,含 2008,0.02076267494920314,0.014869888475836479,0.005892786473366662
2013-02,exploration,top10,lowvol,含 2008,0.01888289352737882,0.010989010989011172,0.007893882538367647
2013-03,exploration,top10,lowvol,含 2008,0.015700784584725458,-0.0018115942028986698,0.017512378787624128
2013-04,exploration,top10,lowvol,含 2008,0.0023187430184505864,0.023593466424682408,-0.02127472340623182
2013-05,exploration,top10,lowvol,含 2008,0.0288788759173102,0.009751773049645474,0.019127102867664725
2013-06,exploration,top10,lowvol,含 2008,-0.00732083165561459,-0.032484635645302906,0.025163803989688316
2013-07,exploration,top10,lowvol,含 2008,0.05110714631972457,0.027223230490017958,0.023883915829706615
2013-08,exploration,top10,lowvol,含 2008,0.006144979896349101,-0.013250883392226132,0.019395863288575232
2013-09,exploration,top10,lowvol,含 2008,0.0044010454305429825,0.02327663384064449,-0.018875588410101507
2013-10,exploration,top10,lowvol,含 2008,0.004354878164804399,0.03697194781776969,-0.03261706965296529
2013-11,exploration,top10,lowvol,含 2008,-0.003582262677237713,-0.006044905008635526,0.002462642331397813
2013-12,exploration,top10,lowvol,含 2008,0.02243282196321772,0.019982623805386623,0.002450198157831096
2014-01,exploration,top10,lowvol,含 2008,0.0023375060220476307,-0.01873935264054505,0.02107685866259268
2014-02,exploration,top10,lowvol,含 2008,0.009813012254115128,0.012152777777777679,-0.0023397655236625514
2014-03,exploration,top10,lowvol,含 2008,0.005885714011800269,0.030874785591766818,-0.02498907157996655
2014-04,exploration,top10,lowvol,含 2008,0.009667149874052372,0.014975041597337757,-0.005307891723285385
2014-05,exploration,top10,lowvol,含 2008,0.03458070349616049,0.03442622950819674,0.00015447398796375467
2014-06,exploration,top10,lowvol,含 2008,0.02038513858525426,0.045166402535657735,-0.024781263950403476
2014-07,exploration,top10,lowvol,含 2008,0.015679802296282075,0.012130401819560266,0.003549400476721809
2014-08,exploration,top10,lowvol,含 2008,0.04543371739729141,0.0367041198501874,0.008729597547104007
2014-09,exploration,top10,lowvol,含 2008,-0.0024394235748349535,-0.0563583815028903,0.053918957928055344
2014-10,exploration,top10,lowvol,含 2008,-0.009456099929557205,0.024409448818897506,-0.03386554874845471
2014-11,exploration,top10,lowvol,含 2008,-0.008591432316023218,0.03369065849923447,-0.04228209081525769
2014-12,exploration,top10,lowvol,含 2008,0.018776625998611518,-0.009629629629629766,0.028406255628241284
2015-01,exploration,top10,lowvol,含 2008,0.0017298306798441132,0.01720269259536278,-0.015472861915518665
2015-02,exploration,top10,lowvol,含 2008,0.017997519921741922,0.03382352941176481,-0.015826009490022885
2015-03,exploration,top10,lowvol,含 2008,0.03024697906226015,-0.01778093883357046,0.04802791789583061
2015-04,exploration,top10,lowvol,含 2008,0.06546104281455167,0.0347574221578566,0.030703620656695074
2015-05,exploration,top10,lowvol,含 2008,-0.020059764473401853,-0.004898530440867965,-0.015161234032533888
2015-06,exploration,top10,lowvol,含 2008,-0.031630968731637066,-0.023909985935302136,-0.00772098279633493
2015-07,exploration,top10,lowvol,含 2008,-0.011998701090775277,-0.046829971181556296,0.03483127009078102
2015-08,exploration,top10,lowvol,含 2008,-0.026216045609338323,-0.058201058201058364,0.03198501259172004
2015-09,exploration,top10,lowvol,含 2008,0.009987090697231471,0.0016051364365972098,0.008381954260634261
2015-10,exploration,top10,lowvol,含 2008,0.027786254477548233,0.04452068536575582,-0.016734430888207585
2015-11,exploration,top10,lowvol,含 2008,-0.017343457674790508,-0.031645569620253,0.014302111945462492
2015-12,exploration,top10,lowvol,含 2008,-0.0023863482007413506,-0.007352941176470673,0.004966592975729323
2007-01,exploration,top10,lowvol,排除 2008,-0.016647831661287582,-0.026835681946643986,0.010187850285356403
2007-02,exploration,top10,lowvol,排除 2008,0.03902766141430458,0.01851851851851838,0.020509142895786203
2007-03,exploration,top10,lowvol,排除 2008,0.025370794647275208,-0.02251082251082248,0.04788161715809769
2007-04,exploration,top10,lowvol,排除 2008,-0.00806123892124222,0.00797165633303809,-0.01603289525428031
2007-05,exploration,top10,lowvol,排除 2008,0.021049544679538235,0.05008787346221455,-0.029038328782676315
2007-06,exploration,top10,lowvol,排除 2008,0.12608736486772743,0.08786610878661061,0.03822125608111682
2007-07,exploration,top10,lowvol,排除 2008,0.06227069840427024,0.02000000000000024,0.04227069840427
2007-08,exploration,top10,lowvol,排除 2008,0.02049449356558397,-0.010558069381598978,0.03105256294718295
2007-09,exploration,top10,lowvol,排除 2008,0.04807693210751318,0.05716463414634143,-0.00908770203882825
2007-10,exploration,top10,lowvol,排除 2008,0.04803243450180816,0.04941733974063767,-0.0013849052388295036
2007-11,exploration,top10,lowvol,排除 2008,-0.08815325265970497,-0.11965811965811957,0.031504866998414593
2007-12,exploration,top10,lowvol,排除 2008,0.008626383499094947,-0.005663430420712046,0.014289813919806993
2009-01,exploration,top10,lowvol,排除 2008,-0.017200629019062497,-0.07210222087009421,0.05490159185103172
2009-02,exploration,top10,lowvol,排除 2008,-0.00642158556059913,0.08360655737704903,-0.09002814293764816
2009-03,exploration,top10,lowvol,排除 2008,0.09295734268213707,0.10862329803328308,-0.01566595535114601
2009-04,exploration,top10,lowvol,排除 2008,0.08558053121448395,0.15038209606986874,-0.0648015648553848
2009-05,exploration,top10,lowvol,排除 2008,0.06757393831613356,0.1387900355871885,-0.07121609727105493
2009-06,exploration,top10,lowvol,排除 2008,-0.04849584842360044,-0.07374999999999987,0.02525415157639943
2009-07,exploration,top10,lowvol,排除 2008,0.08969461874531626,0.10256410256410242,-0.012869483818786165
2009-08,exploration,top10,lowvol,排除 2008,-0.021074357274381228,-0.011627906976744207,-0.009446450297637021
2009-09,exploration,top10,lowvol,排除 2008,0.05919611213769471,0.10010319917440658,-0.040907087036711864
2009-10,exploration,top10,lowvol,排除 2008,0.014086733714520516,-0.012568932432865498,0.026655666147386015
2009-11,exploration,top10,lowvol,排除 2008,0.0471172414100689,0.020329138431752325,0.026788102978316575
2009-12,exploration,top10,lowvol,排除 2008,0.07265256293044131,0.07115749525616688,0.0014950676742744307
2010-01,exploration,top10,lowvol,排除 2008,-0.039411361533779665,-0.0611160318866254,0.021704670352845734
2010-02,exploration,top10,lowvol,排除 2008,0.005908185076251682,-0.027358490566037785,0.03326667564228947
2010-03,exploration,top10,lowvol,排除 2008,0.02810240712876033,0.05237633365664407,-0.024273926527883738
2010-04,exploration,top10,lowvol,排除 2008,0.023521738379769896,0.010138248847926246,0.01338348953184365
2010-05,exploration,top10,lowvol,排除 2008,-0.01163408851353509,-0.08576642335766416,0.07413233484412907
2010-06,exploration,top10,lowvol,排除 2008,0.023136796187946285,-0.010978043912175828,0.03411484010012211
2010-07,exploration,top10,lowvol,排除 2008,0.05668724780964207,0.08779011099899114,-0.031102863189349073
2010-08,exploration,top10,lowvol,排除 2008,0.04730446489992923,-0.011131725417439786,0.05843619031736902
2010-09,exploration,top10,lowvol,排除 2008,0.07321655796276838,0.0825515947467168,-0.009335036783948425
2010-10,exploration,top10,lowvol,排除 2008,0.0006557819069625825,0.009429465263769421,-0.008773683356806838
2010-11,exploration,top10,lowvol,排除 2008,0.001428564701816848,0.019642857142857073,-0.018214292441040225
2010-12,exploration,top10,lowvol,排除 2008,0.04562407183139161,0.07530647985989458,-0.02968240802850297
2011-01,exploration,top10,lowvol,排除 2008,0.04776555245948222,0.026058631921824338,0.02170692053765788
2011-02,exploration,top10,lowvol,排除 2008,-0.022489589674604127,-0.05555555555555569,0.033065965880951564
2011-03,exploration,top10,lowvol,排除 2008,0.02128795352837054,0.0008403361344537785,0.02044761739391676
2011-04,exploration,top10,lowvol,排除 2008,0.035924278668333365,0.04114189756507147,-0.005217618896738108
2011-05,exploration,top10,lowvol,排除 2008,0.06332954566606785,0.0,0.06332954566606785
2011-06,exploration,top10,lowvol,排除 2008,0.0067704410812345905,-0.05080645161290309,0.05757689269413768
2011-07,exploration,top10,lowvol,排除 2008,0.08884071054586773,0.017841971112999122,0.07099873943286861
2011-08,exploration,top10,lowvol,排除 2008,-0.07972713434084944,-0.08931552587646074,0.009588391535611307
2011-09,exploration,top10,lowvol,排除 2008,-0.08122213027590408,-0.0531622364802935,-0.02805989379561058
2011-10,exploration,top10,lowvol,排除 2008,0.06530618323847937,0.048804738873702735,0.01650144436477663
2011-11,exploration,top10,lowvol,排除 2008,-0.013910879563304501,-0.07892720306513423,0.06501632350182973
2011-12,exploration,top10,lowvol,排除 2008,-0.007419579710063129,0.03598169717138111,-0.04340127688144424
2012-01,exploration,top10,lowvol,排除 2008,0.01623516841597139,0.04296326038948006,-0.026728091973508672
2012-02,exploration,top10,lowvol,排除 2008,0.05359960088158533,0.0779595765158807,-0.024359975634295372
2012-03,exploration,top10,lowvol,排除 2008,0.03611674235961759,-0.019642857142857073,0.055759599502474666
2012-04,exploration,top10,lowvol,排除 2008,-0.028355937133679787,-0.051912568306010876,0.02355663117233109
2012-05,exploration,top10,lowvol,排除 2008,-0.008884943937945255,-0.036503362151777186,0.02761841821383193
2012-06,exploration,top10,lowvol,排除 2008,-7.789965827231793e-05,0.0009970089730808596,-0.0010749086313531775
2012-07,exploration,top10,lowvol,排除 2008,0.02613972345938609,0.017928286852589626,0.008211436606796463
2012-08,exploration,top10,lowvol,排除 2008,0.035970073668805336,0.03228962818003911,0.0036804454887662263
2012-09,exploration,top10,lowvol,排除 2008,0.01273582345377533,0.04549763033175358,-0.03276180687797825
2012-10,exploration,top10,lowvol,排除 2008,-0.03169024623747474,-0.053010976208595295,0.021320729971120556
2012-11,exploration,top10,lowvol,排除 2008,0.009459968398077612,0.06250000000000022,-0.05304003160192261
2012-12,exploration,top10,lowvol,排除 2008,0.014753707751511191,0.00466853408029877,0.010085173671212422
2013-01,exploration,top10,lowvol,排除 2008,0.02076267494920314,0.014869888475836479,0.005892786473366662
2013-02,exploration,top10,lowvol,排除 2008,0.01888289352737882,0.010989010989011172,0.007893882538367647
2013-03,exploration,top10,lowvol,排除 2008,0.015700784584725458,-0.0018115942028986698,0.017512378787624128
2013-04,exploration,top10,lowvol,排除 2008,0.0023187430184505864,0.023593466424682408,-0.02127472340623182
2013-05,exploration,top10,lowvol,排除 2008,0.0288788759173102,0.009751773049645474,0.019127102867664725
2013-06,exploration,top10,lowvol,排除 2008,-0.00732083165561459,-0.032484635645302906,0.025163803989688316
2013-07,exploration,top10,lowvol,排除 2008,0.05110714631972457,0.027223230490017958,0.023883915829706615
2013-08,exploration,top10,lowvol,排除 2008,0.006144979896349101,-0.013250883392226132,0.019395863288575232
2013-09,exploration,top10,lowvol,排除 2008,0.0044010454305429825,0.02327663384064449,-0.018875588410101507
2013-10,exploration,top10,lowvol,排除 2008,0.004354878164804399,0.03697194781776969,-0.03261706965296529
2013-11,exploration,top10,lowvol,排除 2008,-0.003582262677237713,-0.006044905008635526,0.002462642331397813
2013-12,exploration,top10,lowvol,排除 2008,0.02243282196321772,0.019982623805386623,0.002450198157831096
2014-01,exploration,top10,lowvol,排除 2008,0.0023375060220476307,-0.01873935264054505,0.02107685866259268
2014-02,exploration,top10,lowvol,排除 2008,0.009813012254115128,0.012152777777777679,-0.0023397655236625514
2014-03,exploration,top10,lowvol,排除 2008,0.005885714011800269,0.030874785591766818,-0.02498907157996655
2014-04,exploration,top10,lowvol,排除 2008,0.009667149874052372,0.014975041597337757,-0.005307891723285385
2014-05,exploration,top10,lowvol,排除 2008,0.03458070349616049,0.03442622950819674,0.00015447398796375467
2014-06,exploration,top10,lowvol,排除 2008,0.02038513858525426,0.045166402535657735,-0.024781263950403476
2014-07,exploration,top10,lowvol,排除 2008,0.015679802296282075,0.012130401819560266,0.003549400476721809
2014-08,exploration,top10,lowvol,排除 2008,0.04543371739729141,0.0367041198501874,0.008729597547104007
2014-09,exploration,top10,lowvol,排除 2008,-0.0024394235748349535,-0.0563583815028903,0.053918957928055344
2014-10,exploration,top10,lowvol,排除 2008,-0.009456099929557205,0.024409448818897506,-0.03386554874845471
2014-11,exploration,top10,lowvol,排除 2008,-0.008591432316023218,0.03369065849923447,-0.04228209081525769
2014-12,exploration,top10,lowvol,排除 2008,0.018776625998611518,-0.009629629629629766,0.028406255628241284
2015-01,exploration,top10,lowvol,排除 2008,0.0017298306798441132,0.01720269259536278,-0.015472861915518665
2015-02,exploration,top10,lowvol,排除 2008,0.017997519921741922,0.03382352941176481,-0.015826009490022885
2015-03,exploration,top10,lowvol,排除 2008,0.03024697906226015,-0.01778093883357046,0.04802791789583061
2015-04,exploration,top10,lowvol,排除 2008,0.06546104281455167,0.0347574221578566,0.030703620656695074
2015-05,exploration,top10,lowvol,排除 2008,-0.020059764473401853,-0.004898530440867965,-0.015161234032533888
2015-06,exploration,top10,lowvol,排除 2008,-0.031630968731637066,-0.023909985935302136,-0.00772098279633493
2015-07,exploration,top10,lowvol,排除 2008,-0.011998701090775277,-0.046829971181556296,0.03483127009078102
2015-08,exploration,top10,lowvol,排除 2008,-0.026216045609338323,-0.058201058201058364,0.03198501259172004
2015-09,exploration,top10,lowvol,排除 2008,0.009987090697231471,0.0016051364365972098,0.008381954260634261
2015-10,exploration,top10,lowvol,排除 2008,0.027786254477548233,0.04452068536575582,-0.016734430888207585
2015-11,exploration,top10,lowvol,排除 2008,-0.017343457674790508,-0.031645569620253,0.014302111945462492
2015-12,exploration,top10,lowvol,排除 2008,-0.0023863482007413506,-0.007352941176470673,0.004966592975729323
2007-01,exploration,top10,value,含 2008,-0.15117449470944289,-0.026835681946643986,-0.1243388127627989
2007-02,exploration,top10,value,含 2008,-0.01864916321896981,0.01851851851851838,-0.03716768173748819
2007-03,exploration,top10,value,含 2008,0.04612113919947758,-0.02251082251082248,0.06863196171030006
2007-04,exploration,top10,value,含 2008,0.04796992640292386,0.00797165633303809,0.039998270069885766
2007-05,exploration,top10,value,含 2008,0.0024167322010324455,0.05008787346221455,-0.047671141261182104
2007-06,exploration,top10,value,含 2008,0.14299164329320968,0.08786610878661061,0.05512553450659907
2007-07,exploration,top10,value,含 2008,0.24266048044802924,0.02000000000000024,0.222660480448029
2007-08,exploration,top10,value,含 2008,-0.08952020575170949,-0.010558069381598978,-0.07896213637011051
2007-09,exploration,top10,value,含 2008,0.05863353722968401,0.05716463414634143,0.0014689030833425765
2007-10,exploration,top10,value,含 2008,-0.06123787005642145,0.04941733974063767,-0.11065520979705912
2007-11,exploration,top10,value,含 2008,-0.13403708283998905,-0.11965811965811957,-0.014378963181869486
2007-12,exploration,top10,value,含 2008,-0.058225944036345956,-0.005663430420712046,-0.05256251361563391
2008-01,exploration,top10,value,含 2008,-0.0830591210585363,-0.1057770545158665,0.022717933457330197
2008-02,exploration,top10,value,含 2008,0.1569298871879259,0.10737033666969964,0.04955955051822625
2008-03,exploration,top10,value,含 2008,0.09054110957154782,-0.006573541495480617,0.09711465106702843
2008-04,exploration,top10,value,含 2008,0.024234704944086305,0.05707196029776673,-0.03283725535368043
2008-05,exploration,top10,value,含 2008,-0.056711390970020537,-0.026604068857589924,-0.030107322112430612
2008-06,exploration,top10,value,含 2008,-0.1426596208043912,-0.11575562700964648,-0.02690399379474473
2008-07,exploration,top10,value,含 2008,-0.046420248763973215,-0.047272727272727355,0.0008524785087541398
2008-08,exploration,top10,value,含 2008,-0.030396359357519165,0.02385496183206115,-0.054251321189580315
2008-09,exploration,top10,value,含 2008,-0.272673917529044,-0.16868592730661702,-0.103987990222427
2008-10,exploration,top10,value,含 2008,-0.11831938281856291,-0.1318196964161692,0.013500313597606284
2008-11,exploration,top10,value,含 2008,-0.05977450598278611,-0.12068965517241359,0.06091514918962748
2008-12,exploration,top10,value,含 2008,0.04486040837827554,0.02303143479614045,0.02182897358213509
2009-01,exploration,top10,value,含 2008,-0.05079685442546966,-0.07210222087009421,0.02130536644462455
2009-02,exploration,top10,value,含 2008,0.23088158932433056,0.08360655737704903,0.14727503194728153
2009-03,exploration,top10,value,含 2008,0.2742189016595733,0.10862329803328308,0.16559560362629022
2009-04,exploration,top10,value,含 2008,0.22001854234769813,0.15038209606986874,0.06963644627782939
2009-05,exploration,top10,value,含 2008,0.2914042873759981,0.1387900355871885,0.1526142517888096
2009-06,exploration,top10,value,含 2008,-0.10509961777573162,-0.07374999999999987,-0.03134961777573175
2009-07,exploration,top10,value,含 2008,0.26106493128025354,0.10256410256410242,0.15850082871615112
2009-08,exploration,top10,value,含 2008,-0.05930701755642209,-0.011627906976744207,-0.047679110579677886
2009-09,exploration,top10,value,含 2008,0.21248541341202154,0.10010319917440658,0.11238221423761496
2009-10,exploration,top10,value,含 2008,-0.06834988677199094,-0.012568932432865498,-0.055780954339125444
2009-11,exploration,top10,value,含 2008,0.06705282963108683,0.020329138431752325,0.046723691199334505
2009-12,exploration,top10,value,含 2008,0.19334978480484666,0.07115749525616688,0.12219228954867978
2010-01,exploration,top10,value,含 2008,-0.04849981603594922,-0.0611160318866254,0.012616215850676182
2010-02,exploration,top10,value,含 2008,-0.053427708443949284,-0.027358490566037785,-0.0260692178779115
2010-03,exploration,top10,value,含 2008,0.11559619711523128,0.05237633365664407,0.06321986345858721
2010-04,exploration,top10,value,含 2008,0.019090358198481372,0.010138248847926246,0.008952109350555126
2010-05,exploration,top10,value,含 2008,-0.08882155680837034,-0.08576642335766416,-0.0030551334507061823
2010-06,exploration,top10,value,含 2008,0.009449818244701813,-0.010978043912175828,0.02042786215687764
2010-07,exploration,top10,value,含 2008,0.107277011816163,0.08779011099899114,0.01948690081717186
2010-08,exploration,top10,value,含 2008,0.06384128073730655,-0.011131725417439786,0.07497300615474634
2010-09,exploration,top10,value,含 2008,0.08573828556590368,0.0825515947467168,0.003186690819186877
2010-10,exploration,top10,value,含 2008,0.04891530026061286,0.009429465263769421,0.03948583499684344
2010-11,exploration,top10,value,含 2008,-0.0358613181247307,0.019642857142857073,-0.055504175267587774
2010-12,exploration,top10,value,含 2008,0.07817825257856836,0.07530647985989458,0.002871772718673782
2011-01,exploration,top10,value,含 2008,0.029808606802005144,0.026058631921824338,0.0037499748801808064
2011-02,exploration,top10,value,含 2008,-0.09175223156384626,-0.05555555555555569,-0.036196676008290574
2011-03,exploration,top10,value,含 2008,-0.014996188990947457,0.0008403361344537785,-0.015836525125401235
2011-04,exploration,top10,value,含 2008,0.014828824584772748,0.04114189756507147,-0.026313072980298724
2011-05,exploration,top10,value,含 2008,-0.046484892658358756,0.0,-0.046484892658358756
2011-06,exploration,top10,value,含 2008,-0.018914068905091508,-0.05080645161290309,0.031892382707811584
2011-07,exploration,top10,value,含 2008,-0.015463063951370759,0.017841971112999122,-0.03330503506436988
2011-08,exploration,top10,value,含 2008,-0.11656780782531984,-0.08931552587646074,-0.02725228194885909
2011-09,exploration,top10,value,含 2008,-0.04793042322820318,-0.0531622364802935,0.005231813252090323
2011-10,exploration,top10,value,含 2008,0.016652393408667976,0.048804738873702735,-0.03215234546503476
2011-11,exploration,top10,value,含 2008,-0.1442881874042311,-0.07892720306513423,-0.06536098433909687
2011-12,exploration,top10,value,含 2008,0.026703303405610557,0.03598169717138111,-0.009278393765770554
2012-01,exploration,top10,value,含 2008,0.14261671803437936,0.04296326038948006,0.0996534576448993
2012-02,exploration,top10,value,含 2008,0.25061501576202905,0.0779595765158807,0.17265543924614835
2012-03,exploration,top10,value,含 2008,-0.11868371397512634,-0.019642857142857073,-0.09904085683226926
2012-04,exploration,top10,value,含 2008,-0.06744820716688249,-0.051912568306010876,-0.015535638860871614
2012-05,exploration,top10,value,含 2008,-0.05704971663211078,-0.036503362151777186,-0.020546354480333595
2012-06,exploration,top10,value,含 2008,-0.008375114790905136,0.0009970089730808596,-0.009372123763985996
2012-07,exploration,top10,value,含 2008,-0.07040536557858534,0.017928286852589626,-0.08833365243117497
2012-08,exploration,top10,value,含 2008,0.021207200421520023,0.03228962818003911,-0.011082427758519087
2012-09,exploration,top10,value,含 2008,0.13473499767576147,0.04549763033175358,0.08923736734400789
2012-10,exploration,top10,value,含 2008,-0.18237703750983048,-0.053010976208595295,-0.12936606130123518
2012-11,exploration,top10,value,含 2008,0.07961269115905445,0.06250000000000022,0.017112691159054227
2012-12,exploration,top10,value,含 2008,0.10954301709666048,0.00466853408029877,0.10487448301636171
2013-01,exploration,top10,value,含 2008,-0.005527822622244494,0.014869888475836479,-0.020397711098080973
2013-02,exploration,top10,value,含 2008,0.05031624542110946,0.010989010989011172,0.03932723443209829
2013-03,exploration,top10,value,含 2008,0.05841507014432157,-0.0018115942028986698,0.06022666434722024
2013-04,exploration,top10,value,含 2008,0.13296504947300347,0.023593466424682408,0.10937158304832106
2013-05,exploration,top10,value,含 2008,0.3108494793823924,0.009751773049645474,0.3010977063327469
2013-06,exploration,top10,value,含 2008,-0.07388483317320271,-0.032484635645302906,-0.04140019752789981
2013-07,exploration,top10,value,含 2008,0.014601420664987153,0.027223230490017958,-0.012621809825030805
2013-08,exploration,top10,value,含 2008,0.013784587677350135,-0.013250883392226132,0.027035471069576267
2013-09,exploration,top10,value,含 2008,0.012335818982166291,0.02327663384064449,-0.010940814858478198
2013-10,exploration,top10,value,含 2008,-0.01636210923268111,0.03697194781776969,-0.0533340570504508
2013-11,exploration,top10,value,含 2008,-0.014092887091304962,-0.006044905008635526,-0.008047982082669436
2013-12,exploration,top10,value,含 2008,0.02898533183234764,0.019982623805386623,0.009002708026961015
2014-01,exploration,top10,value,含 2008,-0.004197526428056375,-0.01873935264054505,0.014541826212488673
2014-02,exploration,top10,value,含 2008,0.08185533665622713,0.012152777777777679,0.06970255887844945
2014-03,exploration,top10,value,含 2008,0.014689076268621815,0.030874785591766818,-0.016185709323145003
2014-04,exploration,top10,value,含 2008,-0.012408684739797615,0.014975041597337757,-0.027383726337135372
2014-05,exploration,top10,value,含 2008,0.0456259654974831,0.03442622950819674,0.011199735989286363
2014-06,exploration,top10,value,含 2008,0.06915608284238739,0.045166402535657735,0.023989680306729655
2014-07,exploration,top10,value,含 2008,0.009032370402720424,0.012130401819560266,-0.0030980314168398415
2014-08,exploration,top10,value,含 2008,0.02245536627407896,0.0367041198501874,-0.014248753576108442
2014-09,exploration,top10,value,含 2008,-0.08591945230693543,-0.0563583815028903,-0.02956107080404513
2014-10,exploration,top10,value,含 2008,0.17076350507515903,0.024409448818897506,0.14635405625626152
2014-11,exploration,top10,value,含 2008,0.033318428999424166,0.03369065849923447,-0.00037222949981030595
2014-12,exploration,top10,value,含 2008,0.051994311464097276,-0.009629629629629766,0.06162394109372704
2015-01,exploration,top10,value,含 2008,0.006082907693697903,0.01720269259536278,-0.011119784901664875
2015-02,exploration,top10,value,含 2008,-0.007667319640347392,0.03382352941176481,-0.0414908490521122
2015-03,exploration,top10,value,含 2008,-0.04076328813813779,-0.01778093883357046,-0.02298234930456733
2015-04,exploration,top10,value,含 2008,-0.03384136950625749,0.0347574221578566,-0.06859879166411409
2015-05,exploration,top10,value,含 2008,-0.05287272141395627,-0.004898530440867965,-0.047974190973088304
2015-06,exploration,top10,value,含 2008,-0.016356142777025795,-0.023909985935302136,0.007553843158276341
2015-07,exploration,top10,value,含 2008,-0.11593346776792857,-0.046829971181556296,-0.06910349658637227
2015-08,exploration,top10,value,含 2008,-0.07492059623739511,-0.058201058201058364,-0.016719538036336745
2015-09,exploration,top10,value,含 2008,0.04086633374753368,0.0016051364365972098,0.03926119731093647
2015-10,exploration,top10,value,含 2008,0.12023239853933387,0.04452068536575582,0.07571171317357805
2015-11,exploration,top10,value,含 2008,-0.07407929634923516,-0.031645569620253,-0.04243372672898216
2015-12,exploration,top10,value,含 2008,0.022420086643215154,-0.007352941176470673,0.029773027819685827
2007-01,exploration,top10,value,排除 2008,-0.15117449470944289,-0.026835681946643986,-0.1243388127627989
2007-02,exploration,top10,value,排除 2008,-0.01864916321896981,0.01851851851851838,-0.03716768173748819
2007-03,exploration,top10,value,排除 2008,0.04612113919947758,-0.02251082251082248,0.06863196171030006
2007-04,exploration,top10,value,排除 2008,0.04796992640292386,0.00797165633303809,0.039998270069885766
2007-05,exploration,top10,value,排除 2008,0.0024167322010324455,0.05008787346221455,-0.047671141261182104
2007-06,exploration,top10,value,排除 2008,0.14299164329320968,0.08786610878661061,0.05512553450659907
2007-07,exploration,top10,value,排除 2008,0.24266048044802924,0.02000000000000024,0.222660480448029
2007-08,exploration,top10,value,排除 2008,-0.08952020575170949,-0.010558069381598978,-0.07896213637011051
2007-09,exploration,top10,value,排除 2008,0.05863353722968401,0.05716463414634143,0.0014689030833425765
2007-10,exploration,top10,value,排除 2008,-0.06123787005642145,0.04941733974063767,-0.11065520979705912
2007-11,exploration,top10,value,排除 2008,-0.13403708283998905,-0.11965811965811957,-0.014378963181869486
2007-12,exploration,top10,value,排除 2008,-0.058225944036345956,-0.005663430420712046,-0.05256251361563391
2009-01,exploration,top10,value,排除 2008,-0.05079685442546966,-0.07210222087009421,0.02130536644462455
2009-02,exploration,top10,value,排除 2008,0.23088158932433056,0.08360655737704903,0.14727503194728153
2009-03,exploration,top10,value,排除 2008,0.2742189016595733,0.10862329803328308,0.16559560362629022
2009-04,exploration,top10,value,排除 2008,0.22001854234769813,0.15038209606986874,0.06963644627782939
2009-05,exploration,top10,value,排除 2008,0.2914042873759981,0.1387900355871885,0.1526142517888096
2009-06,exploration,top10,value,排除 2008,-0.10509961777573162,-0.07374999999999987,-0.03134961777573175
2009-07,exploration,top10,value,排除 2008,0.26106493128025354,0.10256410256410242,0.15850082871615112
2009-08,exploration,top10,value,排除 2008,-0.05930701755642209,-0.011627906976744207,-0.047679110579677886
2009-09,exploration,top10,value,排除 2008,0.21248541341202154,0.10010319917440658,0.11238221423761496
2009-10,exploration,top10,value,排除 2008,-0.06834988677199094,-0.012568932432865498,-0.055780954339125444
2009-11,exploration,top10,value,排除 2008,0.06705282963108683,0.020329138431752325,0.046723691199334505
2009-12,exploration,top10,value,排除 2008,0.19334978480484666,0.07115749525616688,0.12219228954867978
2010-01,exploration,top10,value,排除 2008,-0.04849981603594922,-0.0611160318866254,0.012616215850676182
2010-02,exploration,top10,value,排除 2008,-0.053427708443949284,-0.027358490566037785,-0.0260692178779115
2010-03,exploration,top10,value,排除 2008,0.11559619711523128,0.05237633365664407,0.06321986345858721
2010-04,exploration,top10,value,排除 2008,0.019090358198481372,0.010138248847926246,0.008952109350555126
2010-05,exploration,top10,value,排除 2008,-0.08882155680837034,-0.08576642335766416,-0.0030551334507061823
2010-06,exploration,top10,value,排除 2008,0.009449818244701813,-0.010978043912175828,0.02042786215687764
2010-07,exploration,top10,value,排除 2008,0.107277011816163,0.08779011099899114,0.01948690081717186
2010-08,exploration,top10,value,排除 2008,0.06384128073730655,-0.011131725417439786,0.07497300615474634
2010-09,exploration,top10,value,排除 2008,0.08573828556590368,0.0825515947467168,0.003186690819186877
2010-10,exploration,top10,value,排除 2008,0.04891530026061286,0.009429465263769421,0.03948583499684344
2010-11,exploration,top10,value,排除 2008,-0.0358613181247307,0.019642857142857073,-0.055504175267587774
2010-12,exploration,top10,value,排除 2008,0.07817825257856836,0.07530647985989458,0.002871772718673782
2011-01,exploration,top10,value,排除 2008,0.029808606802005144,0.026058631921824338,0.0037499748801808064
2011-02,exploration,top10,value,排除 2008,-0.09175223156384626,-0.05555555555555569,-0.036196676008290574
2011-03,exploration,top10,value,排除 2008,-0.014996188990947457,0.0008403361344537785,-0.015836525125401235
2011-04,exploration,top10,value,排除 2008,0.014828824584772748,0.04114189756507147,-0.026313072980298724
2011-05,exploration,top10,value,排除 2008,-0.046484892658358756,0.0,-0.046484892658358756
2011-06,exploration,top10,value,排除 2008,-0.018914068905091508,-0.05080645161290309,0.031892382707811584
2011-07,exploration,top10,value,排除 2008,-0.015463063951370759,0.017841971112999122,-0.03330503506436988
2011-08,exploration,top10,value,排除 2008,-0.11656780782531984,-0.08931552587646074,-0.02725228194885909
2011-09,exploration,top10,value,排除 2008,-0.04793042322820318,-0.0531622364802935,0.005231813252090323
2011-10,exploration,top10,value,排除 2008,0.016652393408667976,0.048804738873702735,-0.03215234546503476
2011-11,exploration,top10,value,排除 2008,-0.1442881874042311,-0.07892720306513423,-0.06536098433909687
2011-12,exploration,top10,value,排除 2008,0.026703303405610557,0.03598169717138111,-0.009278393765770554
2012-01,exploration,top10,value,排除 2008,0.14261671803437936,0.04296326038948006,0.0996534576448993
2012-02,exploration,top10,value,排除 2008,0.25061501576202905,0.0779595765158807,0.17265543924614835
2012-03,exploration,top10,value,排除 2008,-0.11868371397512634,-0.019642857142857073,-0.09904085683226926
2012-04,exploration,top10,value,排除 2008,-0.06744820716688249,-0.051912568306010876,-0.015535638860871614
2012-05,exploration,top10,value,排除 2008,-0.05704971663211078,-0.036503362151777186,-0.020546354480333595
2012-06,exploration,top10,value,排除 2008,-0.008375114790905136,0.0009970089730808596,-0.009372123763985996
2012-07,exploration,top10,value,排除 2008,-0.07040536557858534,0.017928286852589626,-0.08833365243117497
2012-08,exploration,top10,value,排除 2008,0.021207200421520023,0.03228962818003911,-0.011082427758519087
2012-09,exploration,top10,value,排除 2008,0.13473499767576147,0.04549763033175358,0.08923736734400789
2012-10,exploration,top10,value,排除 2008,-0.18237703750983048,-0.053010976208595295,-0.12936606130123518
2012-11,exploration,top10,value,排除 2008,0.07961269115905445,0.06250000000000022,0.017112691159054227
2012-12,exploration,top10,value,排除 2008,0.10954301709666048,0.00466853408029877,0.10487448301636171
2013-01,exploration,top10,value,排除 2008,-0.005527822622244494,0.014869888475836479,-0.020397711098080973
2013-02,exploration,top10,value,排除 2008,0.05031624542110946,0.010989010989011172,0.03932723443209829
2013-03,exploration,top10,value,排除 2008,0.05841507014432157,-0.0018115942028986698,0.06022666434722024
2013-04,exploration,top10,value,排除 2008,0.13296504947300347,0.023593466424682408,0.10937158304832106
2013-05,exploration,top10,value,排除 2008,0.3108494793823924,0.009751773049645474,0.3010977063327469
2013-06,exploration,top10,value,排除 2008,-0.07388483317320271,-0.032484635645302906,-0.04140019752789981
2013-07,exploration,top10,value,排除 2008,0.014601420664987153,0.027223230490017958,-0.012621809825030805
2013-08,exploration,top10,value,排除 2008,0.013784587677350135,-0.013250883392226132,0.027035471069576267
2013-09,exploration,top10,value,排除 2008,0.012335818982166291,0.02327663384064449,-0.010940814858478198
2013-10,exploration,top10,value,排除 2008,-0.01636210923268111,0.03697194781776969,-0.0533340570504508
2013-11,exploration,top10,value,排除 2008,-0.014092887091304962,-0.006044905008635526,-0.008047982082669436
2013-12,exploration,top10,value,排除 2008,0.02898533183234764,0.019982623805386623,0.009002708026961015
2014-01,exploration,top10,value,排除 2008,-0.004197526428056375,-0.01873935264054505,0.014541826212488673
2014-02,exploration,top10,value,排除 2008,0.08185533665622713,0.012152777777777679,0.06970255887844945
2014-03,exploration,top10,value,排除 2008,0.014689076268621815,0.030874785591766818,-0.016185709323145003
2014-04,exploration,top10,value,排除 2008,-0.012408684739797615,0.014975041597337757,-0.027383726337135372
2014-05,exploration,top10,value,排除 2008,0.0456259654974831,0.03442622950819674,0.011199735989286363
2014-06,exploration,top10,value,排除 2008,0.06915608284238739,0.045166402535657735,0.023989680306729655
2014-07,exploration,top10,value,排除 2008,0.009032370402720424,0.012130401819560266,-0.0030980314168398415
2014-08,exploration,top10,value,排除 2008,0.02245536627407896,0.0367041198501874,-0.014248753576108442
2014-09,exploration,top10,value,排除 2008,-0.08591945230693543,-0.0563583815028903,-0.02956107080404513
2014-10,exploration,top10,value,排除 2008,0.17076350507515903,0.024409448818897506,0.14635405625626152
2014-11,exploration,top10,value,排除 2008,0.033318428999424166,0.03369065849923447,-0.00037222949981030595
2014-12,exploration,top10,value,排除 2008,0.051994311464097276,-0.009629629629629766,0.06162394109372704
2015-01,exploration,top10,value,排除 2008,0.006082907693697903,0.01720269259536278,-0.011119784901664875
2015-02,exploration,top10,value,排除 2008,-0.007667319640347392,0.03382352941176481,-0.0414908490521122
2015-03,exploration,top10,value,排除 2008,-0.04076328813813779,-0.01778093883357046,-0.02298234930456733
2015-04,exploration,top10,value,排除 2008,-0.03384136950625749,0.0347574221578566,-0.06859879166411409
2015-05,exploration,top10,value,排除 2008,-0.05287272141395627,-0.004898530440867965,-0.047974190973088304
2015-06,exploration,top10,value,排除 2008,-0.016356142777025795,-0.023909985935302136,0.007553843158276341
2015-07,exploration,top10,value,排除 2008,-0.11593346776792857,-0.046829971181556296,-0.06910349658637227
2015-08,exploration,top10,value,排除 2008,-0.07492059623739511,-0.058201058201058364,-0.016719538036336745
2015-09,exploration,top10,value,排除 2008,0.04086633374753368,0.0016051364365972098,0.03926119731093647
2015-10,exploration,top10,value,排除 2008,0.12023239853933387,0.04452068536575582,0.07571171317357805
2015-11,exploration,top10,value,排除 2008,-0.07407929634923516,-0.031645569620253,-0.04243372672898216
2015-12,exploration,top10,value,排除 2008,0.022420086643215154,-0.007352941176470673,0.029773027819685827
