year,T,factor,rank,stock_id,factor_value,portfolio
2007,2007-01-02,lowvol,1,2412,0.13454518833251589,decile
2007,2007-01-02,lowvol,2,6505,0.13779075862590728,decile
2007,2007-01-02,lowvol,3,1326,0.13992031884091558,decile
2007,2007-01-02,lowvol,4,2889,0.14284067906081138,decile
2007,2007-01-02,lowvol,5,1301,0.14499113058972027,decile
2007,2007-01-02,lowvol,6,1303,0.17182387509222374,decile
2007,2007-01-02,lowvol,7,2880,0.18855077335589357,decile
2007,2007-01-02,lowvol,8,2892,0.18877799096414924,decile
2007,2007-01-02,lowvol,9,2002,0.19249919323808026,decile
2007,2007-01-02,lowvol,10,1477,0.1957150666286292,decile
2007,2007-01-02,lowvol,11,3045,0.19666494220260633,decile
2007,2007-01-02,lowvol,12,2856,0.20587840879567862,decile
2007,2007-01-02,lowvol,13,2609,0.20649745904477232,decile
2007,2007-01-02,lowvol,14,2610,0.2072106240738506,decile
2007,2007-01-02,lowvol,15,4904,0.20923459785294585,decile
2007,2007-01-02,lowvol,16,2884,0.2105773126922197,decile
2007,2007-01-02,lowvol,17,2617,0.2116277860262574,decile
2007,2007-01-02,lowvol,18,1451,0.21811043867260427,decile
2007,2007-01-02,lowvol,19,2834,0.2218488373424398,decile
2007,2007-01-02,lowvol,20,6277,0.2248054739218199,decile
2007,2007-01-02,lowvol,21,2404,0.22667803006223855,decile
2007,2007-01-02,lowvol,22,2855,0.22683213069559302,decile
2007,2007-01-02,lowvol,23,1802,0.22759258760156356,decile
2007,2007-01-02,lowvol,24,2883,0.23982249478873782,decile
2007,2007-01-02,lowvol,25,1434,0.24018522039750706,decile
2007,2007-01-02,lowvol,26,1710,0.24026205342775864,decile
2007,2007-01-02,lowvol,27,2615,0.24085229627593924,decile
2007,2007-01-02,lowvol,28,1536,0.24600138668726063,decile
2007,2007-01-02,lowvol,29,2603,0.24611195057858892,decile
2007,2007-01-02,lowvol,30,1304,0.2488668265448794,decile
2007,2007-01-02,lowvol,31,2890,0.2500776829003976,decile
2007,2007-01-02,lowvol,32,3033,0.25104938971101365,decile
2007,2007-01-02,lowvol,33,9915,0.25120420586030257,decile
2007,2007-01-02,lowvol,34,2882,0.2530722245813878,decile
2007,2007-01-02,lowvol,35,4526,0.25333484638863824,decile
2007,2007-01-02,lowvol,36,3023,0.253431383131019,decile
2007,2007-01-02,lowvol,37,2464,0.2551636624585301,decile
2007,2007-01-02,lowvol,38,2606,0.255260827104381,decile
2007,2007-01-02,lowvol,39,1527,0.2557334250143591,decile
2007,2007-01-02,lowvol,40,2321,0.25636230988259545,decile
2007,2007-01-02,lowvol,41,2807,0.25866254873172656,decile
2007,2007-01-02,lowvol,42,1104,0.25889588270445046,decile
2007,2007-01-02,lowvol,43,6005,0.25968739872886415,decile
2007,2007-01-02,lowvol,44,1507,0.26099479350136845,decile
2007,2007-01-02,lowvol,45,2029,0.2615100834371794,decile
2007,2007-01-02,lowvol,46,2312,0.2630696434245668,decile
2007,2007-01-02,momentum,1,8068,23.77777777777778,decile
2007,2007-01-02,momentum,2,3228,11.63843648208469,decile
2007,2007-01-02,momentum,3,3083,6.6158940397351,decile
2007,2007-01-02,momentum,4,2425,5.965601965601965,decile
2007,2007-01-02,momentum,5,6101,5.151515151515152,decile
2007,2007-01-02,momentum,6,3085,5.028268551236748,decile
2007,2007-01-02,momentum,7,2601,5.019184652278178,decile
2007,2007-01-02,momentum,8,2527,4.958590398045786,decile
2007,2007-01-02,momentum,9,2506,3.875,decile
2007,2007-01-02,momentum,10,2538,3.8552076853963646,decile
2007,2007-01-02,momentum,11,5474,3.796680497925311,decile
2007,2007-01-02,momentum,12,2841,3.7465437788018443,decile
2007,2007-01-02,momentum,13,2351,3.600455580865604,decile
2007,2007-01-02,momentum,14,2547,3.4629298255921315,decile
2007,2007-01-02,momentum,15,2342,3.4226712296657444,decile
2007,2007-01-02,momentum,16,2509,3.1739130434782608,decile
2007,2007-01-02,momentum,17,9945,2.9619090635350793,decile
2007,2007-01-02,momentum,18,2545,2.9105860787209124,decile
2007,2007-01-02,momentum,19,1532,2.9044790305334445,decile
2007,2007-01-02,momentum,20,5534,2.8562172926904097,decile
2007,2007-01-02,momentum,21,2511,2.784350177454792,decile
2007,2007-01-02,momentum,22,2455,2.6338028169014085,decile
2007,2007-01-02,momentum,23,5531,2.629346507174622,decile
2007,2007-01-02,momentum,24,2034,2.582905775092372,decile
2007,2007-01-02,momentum,25,2337,2.4605911330049266,decile
2007,2007-01-02,momentum,26,2460,2.295255633470321,decile
2007,2007-01-02,momentum,27,2104,2.2305306122448987,decile
2007,2007-01-02,momentum,28,8088,2.191919191919192,decile
2007,2007-01-02,momentum,29,2530,2.1788079470198674,decile
2007,2007-01-02,momentum,30,2032,2.0052356020942406,decile
2007,2007-01-02,momentum,31,2548,1.9545550905203486,decile
2007,2007-01-02,momentum,32,6154,1.9466666666666663,decile
2007,2007-01-02,momentum,33,2505,1.9369918699186988,decile
2007,2007-01-02,momentum,34,4716,1.8956623681125437,decile
2007,2007-01-02,momentum,35,6104,1.8796992481203003,decile
2007,2007-01-02,momentum,36,1419,1.8715579026782345,decile
2007,2007-01-02,momentum,37,6286,1.8652491450640256,decile
2007,2007-01-02,momentum,38,5512,1.8498293515358362,decile
2007,2007-01-02,momentum,39,1717,1.842227378190255,decile
2007,2007-01-02,momentum,40,3003,1.763777700429284,decile
2007,2007-01-02,momentum,41,2025,1.6666666666666665,decile
2007,2007-01-02,momentum,42,1437,1.641304347826087,decile
2007,2007-01-02,momentum,43,1806,1.6079734219269102,decile
2007,2007-01-02,momentum,44,2362,1.5888324873096447,decile
2007,2007-01-02,momentum,45,5521,1.5763358778625953,decile
2007,2007-01-02,momentum,46,6190,1.5682382133995034,decile
2007,2007-01-02,size,1,3086,985628650.0,decile
2007,2007-01-02,size,2,8088,1077766209.5,decile
2007,2007-01-02,size,3,6179,1224745000.0,decile
2007,2007-01-02,size,4,3025,1365938907.3000002,decile
2007,2007-01-02,size,5,8277,1455308160.6,decile
2007,2007-01-02,size,6,8096,1840798483.75,decile
2007,2007-01-02,size,7,6167,1874572473.1000001,decile
2007,2007-01-02,size,8,6101,1889006500.0000002,decile
2007,2007-01-02,size,9,6190,1894290294.8000002,decile
2007,2007-01-02,size,10,2543,1989238992.6,decile
2007,2007-01-02,size,11,3188,2044745040.0,decile
2007,2007-01-02,size,12,1215,2088241542.0,decile
2007,2007-01-02,size,13,3013,2112875713.8500001,decile
2007,2007-01-02,size,14,3050,2155162778.4,decile
2007,2007-01-02,size,15,3271,2173335789.25,decile
2007,2007-01-02,size,16,1535,2177060144.7,decile
2007,2007-01-02,size,17,5474,2214752896.5,decile
2007,2007-01-02,size,18,5475,2254734620.6,decile
2007,2007-01-02,size,19,3058,2287279377.8,decile
2007,2007-01-02,size,20,2406,2325131547.1,decile
2007,2007-01-02,size,21,2484,2332125012.0,decile
2007,2007-01-02,size,22,2530,2368219144.5,decile
2007,2007-01-02,size,23,5426,2493528588.4500003,decile
2007,2007-01-02,size,24,2444,2508429600.0,decile
2007,2007-01-02,size,25,6133,2530511930.4,decile
2007,2007-01-02,size,26,1616,2541867795.0,decile
2007,2007-01-02,size,27,2399,2667860000.0,decile
2007,2007-01-02,size,28,2428,2683314130.5,decile
2007,2007-01-02,size,29,9944,2685765384.9,decile
2007,2007-01-02,size,30,4716,2738862871.2000003,decile
2007,2007-01-02,size,31,3016,2774201359.6499996,decile
2007,2007-01-02,size,32,2032,2775627349.0,decile
2007,2007-01-02,size,33,2456,2778353879.4,decile
2007,2007-01-02,size,34,1809,2788134334.0,decile
2007,2007-01-02,size,35,6118,2807792738.3,decile
2007,2007-01-02,size,36,1524,2848151166.2999997,decile
2007,2007-01-02,size,37,6207,2890833407.1,decile
2007,2007-01-02,size,38,2413,2891959000.0,decile
2007,2007-01-02,size,39,2483,2932196497.7999997,decile
2007,2007-01-02,size,40,2611,2933617969.7999997,decile
2007,2007-01-02,size,41,2007,2982392781.6600003,decile
2007,2007-01-02,size,42,2467,2991760260.0,decile
2007,2007-01-02,size,43,2414,2994208561.8,decile
2007,2007-01-02,size,44,5905,3012499153.5499997,decile
2007,2007-01-02,value,1,2831,0.46,decile
2007,2007-01-02,value,2,2396,0.47,decile
2007,2007-01-02,value,3,2349,0.48,decile
2007,2007-01-02,value,4,3050,0.55,decile
2007,2007-01-02,value,5,2515,0.6,decile
2007,2007-01-02,value,6,2887,0.65,decile
2007,2007-01-02,value,7,1104,0.66,decile
2007,2007-01-02,value,8,1409,0.67,decile
2007,2007-01-02,value,9,1718,0.68,decile
2007,2007-01-02,value,10,2323,0.68,decile
2007,2007-01-02,value,11,2475,0.69,decile
2007,2007-01-02,value,12,1902,0.7,decile
2007,2007-01-02,value,13,2406,0.71,decile
2007,2007-01-02,value,14,6116,0.72,decile
2007,2007-01-02,value,15,1304,0.73,decile
2007,2007-01-02,value,16,2913,0.73,decile
2007,2007-01-02,value,17,2530,0.74,decile
2007,2007-01-02,value,18,2022,0.75,decile
2007,2007-01-02,value,19,3049,0.75,decile
2007,2007-01-02,value,20,2375,0.76,decile
2007,2007-01-02,value,21,1305,0.77,decile
2007,2007-01-02,value,22,1447,0.77,decile
2007,2007-01-02,value,23,2007,0.78,decile
2007,2007-01-02,value,24,2381,0.78,decile
2007,2007-01-02,value,25,2889,0.8,decile
2007,2007-01-02,value,26,2369,0.81,decile
2007,2007-01-02,value,27,2023,0.82,decile
2007,2007-01-02,value,28,1110,0.84,decile
2007,2007-01-02,value,29,1215,0.84,decile
2007,2007-01-02,value,30,1314,0.84,decile
2007,2007-01-02,value,31,1712,0.84,decile
2007,2007-01-02,value,32,2316,0.84,decile
2007,2007-01-02,value,33,2312,0.85,decile
2007,2007-01-02,value,34,1504,0.86,decile
2007,2007-01-02,value,35,3005,0.86,decile
2007,2007-01-02,value,36,1701,0.87,decile
2007,2007-01-02,value,37,1606,0.88,decile
2007,2007-01-02,value,38,1904,0.89,decile
2007,2007-01-02,value,39,1229,0.91,decile
2008,2008-01-02,lowvol,1,2820,0.20268615781967173,decile
2008,2008-01-02,lowvol,2,2892,0.2109657514281712,decile
2008,2008-01-02,lowvol,3,4904,0.21626633976306772,decile
2008,2008-01-02,lowvol,4,2886,0.21799154100321042,decile
2008,2008-01-02,lowvol,5,2464,0.21907413711696364,decile
2008,2008-01-02,lowvol,6,2834,0.22374924104392158,decile
2008,2008-01-02,lowvol,7,2404,0.22788810681413063,decile
2008,2008-01-02,lowvol,8,5854,0.22815850222986292,decile
2008,2008-01-02,lowvol,9,2889,0.22992285982991603,decile
2008,2008-01-02,lowvol,10,2884,0.2301287144406422,decile
2008,2008-01-02,lowvol,11,2610,0.23089086676118434,decile
2008,2008-01-02,lowvol,12,3010,0.2384721294161262,decile
2008,2008-01-02,lowvol,13,2204,0.2387757692183094,decile
2008,2008-01-02,lowvol,14,1326,0.24341882211030383,decile
2008,2008-01-02,lowvol,15,1527,0.2566508734539625,decile
2008,2008-01-02,lowvol,16,2832,0.25749781326389326,decile
2008,2008-01-02,lowvol,17,1303,0.2585106138510839,decile
2008,2008-01-02,lowvol,18,2890,0.2614096580063811,decile
2008,2008-01-02,lowvol,19,2618,0.26272949372654764,decile
2008,2008-01-02,lowvol,20,2303,0.26366012676568396,decile
2008,2008-01-02,lowvol,21,2883,0.2637128069090523,decile
2008,2008-01-02,lowvol,22,3023,0.2640063519307608,decile
2008,2008-01-02,lowvol,23,2330,0.267026839988978,decile
2008,2008-01-02,lowvol,24,6131,0.26704602856969484,decile
2008,2008-01-02,lowvol,25,2880,0.26974196887810076,decile
2008,2008-01-02,lowvol,26,2801,0.2707399013289315,decile
2008,2008-01-02,lowvol,27,1503,0.27144380966224485,decile
2008,2008-01-02,lowvol,28,1477,0.27271887814934925,decile
2008,2008-01-02,lowvol,29,1715,0.27294281179667024,decile
2008,2008-01-02,lowvol,30,9917,0.2731784454063101,decile
2008,2008-01-02,lowvol,31,2201,0.2753621228532821,decile
2008,2008-01-02,lowvol,32,2887,0.276987525808106,decile
2008,2008-01-02,lowvol,33,2526,0.2775132841191143,decile
2008,2008-01-02,lowvol,34,2002,0.2779168790262041,decile
2008,2008-01-02,lowvol,35,2338,0.2781467282718889,decile
2008,2008-01-02,lowvol,36,1723,0.28203842660027345,decile
2008,2008-01-02,lowvol,37,2912,0.28243512370720386,decile
2008,2008-01-02,lowvol,38,3026,0.28475080341474757,decile
2008,2008-01-02,lowvol,39,2411,0.28996951146931926,decile
2008,2008-01-02,lowvol,40,6139,0.29065399192799446,decile
2008,2008-01-02,momentum,1,2458,3.566217336567692,decile
2008,2008-01-02,momentum,2,3443,2.7939976773076145,decile
2008,2008-01-02,momentum,3,1519,2.577359406881517,decile
2008,2008-01-02,momentum,4,2707,2.545314295990232,decile
2008,2008-01-02,momentum,5,2485,2.39687639804324,decile
2008,2008-01-02,momentum,6,2497,2.297435897435897,decile
2008,2008-01-02,momentum,7,2617,1.9664429530201337,decile
2008,2008-01-02,momentum,8,8105,1.9494393175576405,decile
2008,2008-01-02,momentum,9,2612,1.7709398186805916,decile
2008,2008-01-02,momentum,10,2601,1.7599164926931103,decile
2008,2008-01-02,momentum,11,2347,1.7423042429295035,decile
2008,2008-01-02,momentum,12,2436,1.6365344987658794,decile
2008,2008-01-02,momentum,13,4106,1.5946564371761225,decile
2008,2008-01-02,momentum,14,9927,1.5584447144592954,decile
2008,2008-01-02,momentum,15,3014,1.5575459733671528,decile
2008,2008-01-02,momentum,16,2374,1.5089810115755262,decile
2008,2008-01-02,momentum,17,3031,1.4847717266751106,decile
2008,2008-01-02,momentum,18,9935,1.4145730812397477,decile
2008,2008-01-02,momentum,19,2367,1.402912167094009,decile
2008,2008-01-02,momentum,20,3702,1.3934837092731827,decile
2008,2008-01-02,momentum,21,2903,1.3545918367346936,decile
2008,2008-01-02,momentum,22,2434,1.2895935233597573,decile
2008,2008-01-02,momentum,23,2443,1.2654690618762476,decile
2008,2008-01-02,momentum,24,2606,1.2605965463108317,decile
2008,2008-01-02,momentum,25,3481,1.2585039385623755,decile
2008,2008-01-02,momentum,26,1707,1.2533333333333343,decile
2008,2008-01-02,momentum,27,2905,1.2391445763538789,decile
2008,2008-01-02,momentum,28,6206,1.2105936973144078,decile
2008,2008-01-02,momentum,29,9914,1.1631950979777068,decile
2008,2008-01-02,momentum,30,2360,1.1196144370768653,decile
2008,2008-01-02,momentum,31,3022,1.110484470950408,decile
2008,2008-01-02,momentum,32,1304,1.1090365794962298,decile
2008,2008-01-02,momentum,33,2103,1.1009273626096059,decile
2008,2008-01-02,momentum,34,5608,1.079127958934551,decile
2008,2008-01-02,momentum,35,3006,1.0766308763146917,decile
2008,2008-01-02,momentum,36,1731,1.0687679233039584,decile
2008,2008-01-02,momentum,37,2913,1.0266666666666664,decile
2008,2008-01-02,momentum,38,1710,1.0265381423643256,decile
2008,2008-01-02,momentum,39,1529,1.012422360248447,decile
2008,2008-01-02,momentum,40,1711,0.9990824513485832,decile
2008,2008-01-02,size,1,1529,1448757460.3999999,decile
2008,2008-01-02,size,2,1731,1715518666.8,decile
2008,2008-01-02,size,3,4106,1743700000.0,decile
2008,2008-01-02,size,4,1514,1875955231.29,decile
2008,2008-01-02,size,5,2406,2104391210.3500001,decile
2008,2008-01-02,size,6,1467,2160341043.0,decile
2008,2008-01-02,size,7,3050,2167110514.8,decile
2008,2008-01-02,size,8,6269,2258145293.0,decile
2008,2008-01-02,size,9,2437,2322898809.0,decile
2008,2008-01-02,size,10,1537,2435400000.0,decile
2008,2008-01-02,size,11,1517,2437727574.8999996,decile
2008,2008-01-02,size,12,2025,2463223801.5,decile
2008,2008-01-02,size,13,1707,2541937512.0,decile
2008,2008-01-02,size,14,9911,2560663168.75,decile
2008,2008-01-02,size,15,6136,2625506973.5,decile
2008,2008-01-02,size,16,2361,2628009608.13,decile
2008,2008-01-02,size,17,2484,2651251445.7000003,decile
2008,2008-01-02,size,18,1702,2658961976.4799995,decile
2008,2008-01-02,size,19,9935,2706105896.8500004,decile
2008,2008-01-02,size,20,3450,2752731757.5,decile
2008,2008-01-02,size,21,1734,2755105310.0,decile
2008,2008-01-02,size,22,2383,2836863360.1,decile
2008,2008-01-02,size,23,1309,2894355446.2999997,decile
2008,2008-01-02,size,24,2022,2957554626.0,decile
2008,2008-01-02,size,25,9944,2999644593.0,decile
2008,2008-01-02,size,26,3271,3037786204.3,decile
2008,2008-01-02,size,27,3016,3040648898.0,decile
2008,2008-01-02,size,28,2017,3060891504.44,decile
2008,2008-01-02,size,29,6131,3109901942.3999996,decile
2008,2008-01-02,size,30,2434,3232009323.5,decile
2008,2008-01-02,size,31,1712,3243323270.5,decile
2008,2008-01-02,size,32,3038,3264275438.0,decile
2008,2008-01-02,size,33,2341,3306454659.75,decile
2008,2008-01-02,size,34,1215,3433997202.4,decile
2008,2008-01-02,size,35,1437,3452786695.7999997,decile
2008,2008-01-02,size,36,2399,3463110000.0,decile
2008,2008-01-02,size,37,5515,3473280000.0000005,decile
2008,2008-01-02,size,38,2428,3527785411.2,decile
2008,2008-01-02,size,39,1902,3535054500.0,decile
2008,2008-01-02,size,40,3315,3650535157.0,decile
2008,2008-01-02,value,1,2349,0.46,decile
2008,2008-01-02,value,2,2887,0.46,decile
2008,2008-01-02,value,3,2022,0.52,decile
2008,2008-01-02,value,4,3050,0.55,decile
2008,2008-01-02,value,5,2396,0.6,decile
2008,2008-01-02,value,6,1447,0.62,decile
2008,2008-01-02,value,7,2323,0.62,decile
2008,2008-01-02,value,8,1104,0.64,decile
2008,2008-01-02,value,9,2344,0.64,decile
2008,2008-01-02,value,10,2515,0.64,decile
2008,2008-01-02,value,11,2023,0.65,decile
2008,2008-01-02,value,12,2316,0.65,decile
2008,2008-01-02,value,13,1309,0.66,decile
2008,2008-01-02,value,14,1902,0.67,decile
2008,2008-01-02,value,15,2312,0.67,decile
2008,2008-01-02,value,16,2820,0.67,decile
2008,2008-01-02,value,17,6136,0.67,decile
2008,2008-01-02,value,18,2017,0.68,decile
2008,2008-01-02,value,19,3051,0.69,decile
2008,2008-01-02,value,20,1605,0.7,decile
2008,2008-01-02,value,21,6120,0.7,decile
2008,2008-01-02,value,22,1810,0.71,decile
2008,2008-01-02,value,23,2025,0.71,decile
2008,2008-01-02,value,24,1712,0.72,decile
2008,2008-01-02,value,25,2376,0.72,decile
2008,2008-01-02,value,26,1460,0.74,decile
2008,2008-01-02,value,27,1609,0.74,decile
2008,2008-01-02,value,28,1904,0.74,decile
2008,2008-01-02,value,29,2836,0.74,decile
2008,2008-01-02,value,30,1409,0.75,decile
2008,2008-01-02,value,31,1514,0.76,decile
2008,2008-01-02,value,32,2204,0.76,decile
2008,2008-01-02,value,33,2614,0.77,decile
2008,2008-01-02,value,34,1444,0.78,decile
2008,2008-01-02,value,35,2331,0.78,decile
2008,2008-01-02,value,36,1229,0.79,decile
2008,2008-01-02,value,37,2102,0.8,decile
2008,2008-01-02,value,38,1305,0.81,decile
2008,2008-01-02,value,39,1608,0.81,decile
2008,2008-01-02,value,40,2201,0.82,decile
2009,2009-01-05,lowvol,1,2908,0.230243638889089,decile
2009,2009-01-05,lowvol,2,1715,0.268555628081326,decile
2009,2009-01-05,lowvol,3,2020,0.29282609600414994,decile
2009,2009-01-05,lowvol,4,2412,0.3011295700987062,decile
2009,2009-01-05,lowvol,5,4904,0.3020269012117847,decile
2009,2009-01-05,lowvol,6,1716,0.3048151611082878,decile
2009,2009-01-05,lowvol,7,8924,0.3095930633853959,decile
2009,2009-01-05,lowvol,8,3045,0.3234937480940792,decile
2009,2009-01-05,lowvol,9,1729,0.32560636868847515,decile
2009,2009-01-05,lowvol,10,1565,0.3268553293578306,decile
2009,2009-01-05,lowvol,11,2832,0.32929381766776616,decile
2009,2009-01-05,lowvol,12,4526,0.3303884789132682,decile
2009,2009-01-05,lowvol,13,2450,0.3385173032985942,decile
2009,2009-01-05,lowvol,14,1723,0.3494609525755758,decile
2009,2009-01-05,lowvol,15,1326,0.3500269974374558,decile
2009,2009-01-05,lowvol,16,2207,0.3518955288508703,decile
2009,2009-01-05,lowvol,17,2029,0.35464164397138076,decile
2009,2009-01-05,lowvol,18,9937,0.3567775053478628,decile
2009,2009-01-05,lowvol,19,1537,0.3571731311412191,decile
2009,2009-01-05,lowvol,20,6505,0.358279679222487,decile
2009,2009-01-05,lowvol,21,9930,0.36055313082454254,decile
2009,2009-01-05,lowvol,22,9925,0.36230711897373485,decile
2009,2009-01-05,lowvol,23,1530,0.36263323427000105,decile
2009,2009-01-05,lowvol,24,2464,0.3665923249334534,decile
2009,2009-01-05,lowvol,25,2889,0.3724393383006443,decile
2009,2009-01-05,lowvol,26,6281,0.3739912315475757,decile
2009,2009-01-05,lowvol,27,1301,0.37831185486326757,decile
2009,2009-01-05,lowvol,28,1477,0.3791294605987869,decile
2009,2009-01-05,lowvol,29,1303,0.3794538675915979,decile
2009,2009-01-05,lowvol,30,9943,0.38084543399173715,decile
2009,2009-01-05,lowvol,31,2850,0.38571564297388367,decile
2009,2009-01-05,lowvol,32,1535,0.3860333543700019,decile
2009,2009-01-05,lowvol,33,9917,0.38657492350839046,decile
2009,2009-01-05,lowvol,34,1536,0.38700899958713275,decile
2009,2009-01-05,lowvol,35,1434,0.3877127428174997,decile
2009,2009-01-05,lowvol,36,9908,0.3881041609293417,decile
2009,2009-01-05,lowvol,37,4533,0.3894216165370818,decile
2009,2009-01-05,lowvol,38,2387,0.3896672444607375,decile
2009,2009-01-05,lowvol,39,3010,0.3910141482240668,decile
2009,2009-01-05,lowvol,40,6605,0.39294500146723754,decile
2009,2009-01-05,lowvol,41,2002,0.39461102709695395,decile
2009,2009-01-05,lowvol,42,3130,0.3970997362486862,decile
2009,2009-01-05,lowvol,43,3047,0.39972520362379044,decile
2009,2009-01-05,lowvol,44,2108,0.4024600162815207,decile
2009,2009-01-05,lowvol,45,2355,0.40249202717177895,decile
2009,2009-01-05,lowvol,46,1904,0.40326797579008133,decile
2009,2009-01-05,lowvol,47,1527,0.4039639226813415,decile
2009,2009-01-05,lowvol,48,6277,0.40757690265264246,decile
2009,2009-01-05,lowvol,49,2847,0.4089003305703271,decile
2009,2009-01-05,lowvol,50,3015,0.4120222899341163,decile
2009,2009-01-05,lowvol,51,2382,0.4132961569563319,decile
2009,2009-01-05,lowvol,52,1538,0.4165294467206412,decile
2009,2009-01-05,lowvol,53,9921,0.4200566225192796,decile
2009,2009-01-05,momentum,1,2033,2.32559417050886,decile
2009,2009-01-05,momentum,2,1516,2.297872340425532,decile
2009,2009-01-05,momentum,3,5607,0.6455299372361949,decile
2009,2009-01-05,momentum,4,2613,0.5156249999999998,decile
2009,2009-01-05,momentum,5,1227,0.49201112779733625,decile
2009,2009-01-05,momentum,6,1538,0.35534591194968534,decile
2009,2009-01-05,momentum,7,4120,0.34248766645518014,decile
2009,2009-01-05,momentum,8,4119,0.2842599843382929,decile
2009,2009-01-05,momentum,9,9939,0.25803526538820654,decile
2009,2009-01-05,momentum,10,9921,0.24382820476182343,decile
2009,2009-01-05,momentum,11,2608,0.21923076923076912,decile
2009,2009-01-05,momentum,12,1201,0.1839080459770117,decile
2009,2009-01-05,momentum,13,2607,0.17064419898411698,decile
2009,2009-01-05,momentum,14,9933,0.13424049411310524,decile
2009,2009-01-05,momentum,15,2421,0.12933903191800145,decile
2009,2009-01-05,momentum,16,3045,0.1254555290427286,decile
2009,2009-01-05,momentum,17,1708,0.10621394770474235,decile
2009,2009-01-05,momentum,18,3504,0.1016948675673699,decile
2009,2009-01-05,momentum,19,1104,0.08815491309328127,decile
2009,2009-01-05,momentum,20,9930,0.07546432459018759,decile
2009,2009-01-05,momentum,21,1727,0.07435275769811667,decile
2009,2009-01-05,momentum,22,2412,0.07311214213208772,decile
2009,2009-01-05,momentum,23,2704,0.06388112126993017,decile
2009,2009-01-05,momentum,24,3093,0.051851851851851816,decile
2009,2009-01-05,momentum,25,5478,0.050192200685895916,decile
2009,2009-01-05,momentum,26,5706,0.04935516706965548,decile
2009,2009-01-05,momentum,27,6163,0.044077134986225674,decile
2009,2009-01-05,momentum,28,4126,0.030709125755565392,decile
2009,2009-01-05,momentum,29,1232,0.00871280618116077,decile
2009,2009-01-05,momentum,30,1210,-0.0045426504402446,decile
2009,2009-01-05,momentum,31,4904,-0.009440813362382006,decile
2009,2009-01-05,momentum,32,1216,-0.011599099099099286,decile
2009,2009-01-05,momentum,33,6170,-0.019738301175426964,decile
2009,2009-01-05,momentum,34,2912,-0.02124869750769043,decile
2009,2009-01-05,momentum,35,1712,-0.022457999722312105,decile
2009,2009-01-05,momentum,36,4306,-0.041113884145540625,decile
2009,2009-01-05,momentum,37,1503,-0.04177718832891242,decile
2009,2009-01-05,momentum,38,9907,-0.043459670769324665,decile
2009,2009-01-05,momentum,39,2104,-0.0552364864864866,decile
2009,2009-01-05,momentum,40,4105,-0.06163329979297505,decile
2009,2009-01-05,momentum,41,2450,-0.0695104049736639,decile
2009,2009-01-05,momentum,42,2816,-0.07216494845360844,decile
2009,2009-01-05,momentum,43,2035,-0.08153477218225436,decile
2009,2009-01-05,momentum,44,2707,-0.08521595674246152,decile
2009,2009-01-05,momentum,45,8082,-0.08557213930348273,decile
2009,2009-01-05,momentum,46,2535,-0.08835616438356164,decile
2009,2009-01-05,momentum,47,1535,-0.09490357039492725,decile
2009,2009-01-05,momentum,48,5203,-0.09920743372506169,decile
2009,2009-01-05,momentum,49,5515,-0.1020406502948139,decile
2009,2009-01-05,momentum,50,9917,-0.10276657839699088,decile
2009,2009-01-05,momentum,51,1716,-0.11851262676476437,decile
2009,2009-01-05,momentum,52,9937,-0.12464135021097045,decile
2009,2009-01-05,momentum,53,8926,-0.12915348101265833,decile
2009,2009-01-05,size,1,5211,505962978.90000004,decile
2009,2009-01-05,size,2,6187,709136683.2,decile
2009,2009-01-05,size,3,3288,723576808.35,decile
2009,2009-01-05,size,4,3490,790472078.0,decile
2009,2009-01-05,size,5,1721,805980864.0,decile
2009,2009-01-05,size,6,1410,832500000.0,decile
2009,2009-01-05,size,7,5013,838411100.0,decile
2009,2009-01-05,size,8,6265,849451308.8,decile
2009,2009-01-05,size,9,6289,897752498.4,decile
2009,2009-01-05,size,10,3086,910318600.0,decile
2009,2009-01-05,size,11,6169,920370000.0,decile
2009,2009-01-05,size,12,4123,932746237.5,decile
2009,2009-01-05,size,13,1537,936587292.3,decile
2009,2009-01-05,size,14,8112,937893817.35,decile
2009,2009-01-05,size,15,1727,938000000.0,decile
2009,2009-01-05,size,16,6207,968413239.0,decile
2009,2009-01-05,size,17,6143,971553534.3000001,decile
2009,2009-01-05,size,18,8933,977611976.1,decile
2009,2009-01-05,size,19,3303,989834387.0999999,decile
2009,2009-01-05,size,20,3047,1038445655.4999999,decile
2009,2009-01-05,size,21,6283,1049915960.55,decile
2009,2009-01-05,size,22,2434,1066315096.5,decile
2009,2009-01-05,size,23,3317,1071219499.9999999,decile
2009,2009-01-05,size,24,3016,1099325927.7,decile
2009,2009-01-05,size,25,2025,1104092451.0,decile
2009,2009-01-05,size,26,6104,1109796669.6000001,decile
2009,2009-01-05,size,27,2413,1112101730.0,decile
2009,2009-01-05,size,28,5905,1120402726.97,decile
2009,2009-01-05,size,29,1225,1122630193.2,decile
2009,2009-01-05,size,30,3450,1128387730.0,decile
2009,2009-01-05,size,31,3526,1153200000.0,decile
2009,2009-01-05,size,32,8040,1155722041.2,decile
2009,2009-01-05,size,33,2702,1183913737.5,decile
2009,2009-01-05,size,34,3483,1193365215.8999999,decile
2009,2009-01-05,size,35,2484,1202444283.56,decile
2009,2009-01-05,size,36,3095,1204394707.5,decile
2009,2009-01-05,size,37,6269,1204500900.0,decile
2009,2009-01-05,size,38,4533,1219129328.1,decile
2009,2009-01-05,size,39,6233,1236582907.2,decile
2009,2009-01-05,size,40,6145,1238544766.22,decile
2009,2009-01-05,size,41,6164,1242397779.3999999,decile
2009,2009-01-05,size,42,4114,1244945253.3,decile
2009,2009-01-05,size,43,1536,1264574692.1999998,decile
2009,2009-01-05,size,44,2399,1293006000.0,decile
2009,2009-01-05,size,45,2028,1298500000.0,decile
2009,2009-01-05,size,46,6508,1375479923.4,decile
2009,2009-01-05,size,47,4106,1385160000.0,decile
2009,2009-01-05,size,48,3094,1389773698.0,decile
2009,2009-01-05,size,49,6235,1395102213.89,decile
2009,2009-01-05,size,50,1471,1423940081.84,decile
2009,2009-01-05,size,51,3289,1448504862.1999998,decile
2009,2009-01-05,value,1,2887,0.21,decile
2009,2009-01-05,value,2,6120,0.22,decile
2009,2009-01-05,value,3,2384,0.26,decile
2009,2009-01-05,value,4,3095,0.26,decile
2009,2009-01-05,value,5,2344,0.27,decile
2009,2009-01-05,value,6,2492,0.27,decile
2009,2009-01-05,value,7,2204,0.28,decile
2009,2009-01-05,value,8,2316,0.29,decile
2009,2009-01-05,value,9,2349,0.29,decile
2009,2009-01-05,value,10,3063,0.29,decile
2009,2009-01-05,value,11,2327,0.3,decile
2009,2009-01-05,value,12,5512,0.3,decile
2009,2009-01-05,value,13,5387,0.31,decile
2009,2009-01-05,value,14,6289,0.31,decile
2009,2009-01-05,value,15,2323,0.33,decile
2009,2009-01-05,value,16,2614,0.33,decile
2009,2009-01-05,value,17,3009,0.33,decile
2009,2009-01-05,value,18,5820,0.33,decile
2009,2009-01-05,value,19,8112,0.33,decile
2009,2009-01-05,value,20,1312,0.34,decile
2009,2009-01-05,value,21,1605,0.34,decile
2009,2009-01-05,value,22,2313,0.34,decile
2009,2009-01-05,value,23,2475,0.34,decile
2009,2009-01-05,value,24,3049,0.34,decile
2009,2009-01-05,value,25,2025,0.35,decile
2009,2009-01-05,value,26,2331,0.35,decile
2009,2009-01-05,value,27,5491,0.35,decile
2009,2009-01-05,value,28,2359,0.36,decile
2009,2009-01-05,value,29,2836,0.36,decile
2009,2009-01-05,value,30,6235,0.36,decile
2009,2009-01-05,value,31,2206,0.37,decile
2009,2009-01-05,value,32,6116,0.37,decile
2009,2009-01-05,value,33,1718,0.38,decile
2009,2009-01-05,value,34,2201,0.38,decile
2009,2009-01-05,value,35,2369,0.38,decile
2009,2009-01-05,value,36,1444,0.39,decile
2009,2009-01-05,value,37,2376,0.39,decile
2009,2009-01-05,value,38,1417,0.4,decile
2009,2009-01-05,value,39,2820,0.4,decile
2009,2009-01-05,value,40,1609,0.41,decile
2009,2009-01-05,value,41,2368,0.41,decile
2009,2009-01-05,value,42,2402,0.41,decile
2009,2009-01-05,value,43,2449,0.41,decile
2009,2009-01-05,value,44,2889,0.41,decile
2009,2009-01-05,value,45,1608,0.42,decile
2009,2009-01-05,value,46,1810,0.42,decile
2009,2009-01-05,value,47,2022,0.42,decile
2009,2009-01-05,value,48,2355,0.42,decile
2009,2009-01-05,value,49,2847,0.42,decile
2009,2009-01-05,value,50,1409,0.43,decile
2009,2009-01-05,value,51,2484,0.43,decile
2009,2009-01-05,value,52,5346,0.43,decile
2009,2009-01-05,value,53,6257,0.43,decile
2010,2010-01-04,lowvol,1,2412,0.14183937445352848,decile
2010,2010-01-04,lowvol,2,3045,0.20747503150504484,decile
2010,2010-01-04,lowvol,3,4904,0.20990823648432821,decile
2010,2010-01-04,lowvol,4,8926,0.23353029655580385,decile
2010,2010-01-04,lowvol,5,2912,0.2381106143807103,decile
2010,2010-01-04,lowvol,6,1723,0.25562342526024234,decile
2010,2010-01-04,lowvol,7,2908,0.2589891380470301,decile
2010,2010-01-04,lowvol,8,9917,0.2666354566958635,decile
2010,2010-01-04,lowvol,9,6505,0.2724546411073474,decile
2010,2010-01-04,lowvol,10,9937,0.27546473340373745,decile
2010,2010-01-04,lowvol,11,1301,0.2802358846753058,decile
2010,2010-01-04,lowvol,12,2820,0.28164396760697263,decile
2010,2010-01-04,lowvol,13,9921,0.28179248792740136,decile
2010,2010-01-04,lowvol,14,1434,0.2819569362503532,decile
2010,2010-01-04,lowvol,15,9907,0.2844724835243015,decile
2010,2010-01-04,lowvol,16,9914,0.2887813114109412,decile
2010,2010-01-04,lowvol,17,5608,0.2958383677510847,decile
2010,2010-01-04,lowvol,18,2464,0.29636717161453024,decile
2010,2010-01-04,lowvol,19,1565,0.30459635487657466,decile
2010,2010-01-04,lowvol,20,2002,0.30619057818065304,decile
2010,2010-01-04,lowvol,21,6146,0.3065520458188811,decile
2010,2010-01-04,lowvol,22,2103,0.3084914491759759,decile
2010,2010-01-04,lowvol,23,6605,0.31542499362174187,decile
2010,2010-01-04,lowvol,24,1303,0.3166762570059845,decile
2010,2010-01-04,lowvol,25,8072,0.31837470715990523,decile
2010,2010-01-04,lowvol,26,2330,0.31980949661383573,decile
2010,2010-01-04,lowvol,27,3356,0.32238943252258423,decile
2010,2010-01-04,lowvol,28,1733,0.32434394706622655,decile
2010,2010-01-04,lowvol,29,1227,0.3248635725834158,decile
2010,2010-01-04,lowvol,30,1326,0.3270473702890298,decile
2010,2010-01-04,lowvol,31,5403,0.32807090831101043,decile
2010,2010-01-04,lowvol,32,5854,0.3295608149153863,decile
2010,2010-01-04,lowvol,33,9933,0.3304255583198745,decile
2010,2010-01-04,lowvol,34,1507,0.3306739529877694,decile
2010,2010-01-04,lowvol,35,1519,0.33597931452219465,decile
2010,2010-01-04,lowvol,36,2395,0.33754995238436925,decile
2010,2010-01-04,lowvol,37,4306,0.33987938273313245,decile
2010,2010-01-04,lowvol,38,9939,0.3402514512459608,decile
2010,2010-01-04,lowvol,39,6206,0.34061678523511346,decile
2010,2010-01-04,lowvol,40,1503,0.342779900365737,decile
2010,2010-01-04,lowvol,41,1216,0.3431382408293904,decile
2010,2010-01-04,lowvol,42,1704,0.34522555998681126,decile
2010,2010-01-04,lowvol,43,1729,0.3465512495461239,decile
2010,2010-01-04,lowvol,44,2606,0.3501154832590159,decile
2010,2010-01-04,lowvol,45,2312,0.3501415415778937,decile
2010,2010-01-04,lowvol,46,1234,0.3511515275531071,decile
2010,2010-01-04,lowvol,47,1451,0.3514785768243119,decile
2010,2010-01-04,lowvol,48,2356,0.3546109108140479,decile
2010,2010-01-04,lowvol,49,2480,0.3553163342133681,decile
2010,2010-01-04,lowvol,50,2615,0.3556106517673337,decile
2010,2010-01-04,lowvol,51,3211,0.35568492255411777,decile
2010,2010-01-04,lowvol,52,4906,0.3559382459434622,decile
2010,2010-01-04,lowvol,53,2308,0.3569185336679165,decile
2010,2010-01-04,lowvol,54,2495,0.35848460401423127,decile
2010,2010-01-04,lowvol,55,6139,0.3593656894684578,decile
2010,2010-01-04,lowvol,56,6192,0.3613969779737977,decile
2010,2010-01-04,lowvol,57,6128,0.36215328491002674,decile
2010,2010-01-04,lowvol,58,2108,0.36340497187513293,decile
2010,2010-01-04,lowvol,59,2353,0.363544155647168,decile
2010,2010-01-04,lowvol,60,2382,0.36502681202466597,decile
2010,2010-01-04,momentum,1,2406,10.844262295081966,decile
2010,2010-01-04,momentum,2,6143,9.178460903651745,decile
2010,2010-01-04,momentum,3,6120,7.485477178423237,decile
2010,2010-01-04,momentum,4,3533,6.30170085668807,decile
2010,2010-01-04,momentum,5,2499,6.117117117117117,decile
2010,2010-01-04,momentum,6,2455,5.888946955840082,decile
2010,2010-01-04,momentum,7,6145,5.703980099502488,decile
2010,2010-01-04,momentum,8,6169,5.60574575367412,decile
2010,2010-01-04,momentum,9,3260,5.532188841201715,decile
2010,2010-01-04,momentum,10,8069,5.395591918263654,decile
2010,2010-01-04,momentum,11,3049,5.126006929182336,decile
2010,2010-01-04,momentum,12,3061,4.86080214337907,decile
2010,2010-01-04,momentum,13,8299,4.729102810613287,decile
2010,2010-01-04,momentum,14,6269,4.704040121837374,decile
2010,2010-01-04,momentum,15,8112,4.616883116883117,decile
2010,2010-01-04,momentum,16,3339,4.55093191327501,decile
2010,2010-01-04,momentum,17,1319,4.504995592124595,decile
2010,2010-01-04,momentum,18,6290,4.464204471597555,decile
2010,2010-01-04,momentum,19,3546,4.337061766189287,decile
2010,2010-01-04,momentum,20,1618,4.2787837162837175,decile
2010,2010-01-04,momentum,21,5213,4.246474139616738,decile
2010,2010-01-04,momentum,22,3083,4.223307099580763,decile
2010,2010-01-04,momentum,23,2419,4.22136943622775,decile
2010,2010-01-04,momentum,24,3164,4.1949317738791425,decile
2010,2010-01-04,momentum,25,8240,4.158320311531115,decile
2010,2010-01-04,momentum,26,8096,4.148561886390466,decile
2010,2010-01-04,momentum,27,1333,4.117647058823529,decile
2010,2010-01-04,momentum,28,2408,4.039886081913767,decile
2010,2010-01-04,momentum,29,3553,3.999606130048697,decile
2010,2010-01-04,momentum,30,3041,3.9987421516419754,decile
2010,2010-01-04,momentum,31,2431,3.9612403100775184,decile
2010,2010-01-04,momentum,32,3504,3.9582975421873705,decile
2010,2010-01-04,momentum,33,3068,3.9262851436212527,decile
2010,2010-01-04,momentum,34,2383,3.8822658781165007,decile
2010,2010-01-04,momentum,35,3556,3.7908069218265883,decile
2010,2010-01-04,momentum,36,2428,3.7549019607843137,decile
2010,2010-01-04,momentum,37,3557,3.746376811594203,decile
2010,2010-01-04,momentum,38,2442,3.7249999999999996,decile
2010,2010-01-04,momentum,39,3450,3.683030142581596,decile
2010,2010-01-04,momentum,40,2462,3.6762430506616557,decile
2010,2010-01-04,momentum,41,1702,3.6399999999999997,decile
2010,2010-01-04,momentum,42,6128,3.634249391806067,decile
2010,2010-01-04,momentum,43,8049,3.6304410171435846,decile
2010,2010-01-04,momentum,44,8044,3.630100879399996,decile
2010,2010-01-04,momentum,45,1521,3.6000000000000005,decile
2010,2010-01-04,momentum,46,5349,3.545454545454545,decile
2010,2010-01-04,momentum,47,6173,3.4972460046562404,decile
2010,2010-01-04,momentum,48,8039,3.49286092014807,decile
2010,2010-01-04,momentum,49,8042,3.4797539071685977,decile
2010,2010-01-04,momentum,50,6126,3.3968821510297484,decile
2010,2010-01-04,momentum,51,3526,3.379090203618701,decile
2010,2010-01-04,momentum,52,6134,3.3657013997744967,decile
2010,2010-01-04,momentum,53,2457,3.300065055970567,decile
2010,2010-01-04,momentum,54,2351,3.285471569885977,decile
2010,2010-01-04,momentum,55,1447,3.2739273927392736,decile
2010,2010-01-04,momentum,56,5381,3.177631578947368,decile
2010,2010-01-04,momentum,57,3306,3.162725974750945,decile
2010,2010-01-04,momentum,58,2384,3.092558983666062,decile
2010,2010-01-04,momentum,59,6230,3.062142239213432,decile
2010,2010-01-04,momentum,60,3483,3.058948420132384,decile
2010,2010-01-04,size,1,6151,1365978550.0,decile
2010,2010-01-04,size,2,5403,1377632650.0,decile
2010,2010-01-04,size,3,3128,1398599999.9999998,decile
2010,2010-01-04,size,4,6226,1424216143.35,decile
2010,2010-01-04,size,5,3402,1456720423.5,decile
2010,2010-01-04,size,6,5443,1543798601.5,decile
2010,2010-01-04,size,7,3011,1634429139.5,decile
2010,2010-01-04,size,8,6283,1639341319.1999998,decile
2010,2010-01-04,size,9,3025,1649842562.5,decile
2010,2010-01-04,size,10,5205,1675604000.0,decile
2010,2010-01-04,size,11,8049,1767160339.7499998,decile
2010,2010-01-04,size,12,8024,1795635050.0,decile
2010,2010-01-04,size,13,2482,1818725685.7,decile
2010,2010-01-04,size,14,6207,2026048053.2,decile
2010,2010-01-04,size,15,5381,2044730043.7199998,decile
2010,2010-01-04,size,16,9935,2076513865.6,decile
2010,2010-01-04,size,17,3484,2083212744.0,decile
2010,2010-01-04,size,18,3217,2129128200.0,decile
2010,2010-01-04,size,19,3325,2136368886.0,decile
2010,2010-01-04,size,20,3535,2206186198.65,decile
2010,2010-01-04,size,21,5452,2219924000.0,decile
2010,2010-01-04,size,22,6220,2244013134.0,decile
2010,2010-01-04,size,23,3073,2310069067.9,decile
2010,2010-01-04,size,24,2484,2311273076.6,decile
2010,2010-01-04,size,25,6163,2318903664.35,decile
2010,2010-01-04,size,26,3536,2337450183.2999997,decile
2010,2010-01-04,size,27,1524,2371252094.2,decile
2010,2010-01-04,size,28,3029,2393725275.9,decile
2010,2010-01-04,size,29,5464,2394000000.0,decile
2010,2010-01-04,size,30,2431,2451337464.15,decile
2010,2010-01-04,size,31,3303,2461809440.0,decile
2010,2010-01-04,size,32,2434,2464041946.5,decile
2010,2010-01-04,size,33,2472,2491599150.0,decile
2010,2010-01-04,size,34,2493,2517622580.0,decile
2010,2010-01-04,size,35,3559,2575701966.5,decile
2010,2010-01-04,size,36,8096,2646559307.2,decile
2010,2010-01-04,size,37,4721,2656031522.2000003,decile
2010,2010-01-04,size,38,8099,2701440000.0,decile
2010,2010-01-04,size,39,1225,2708955466.2,decile
2010,2010-01-04,size,40,3027,2722894150.3,decile
2010,2010-01-04,size,41,3047,2780107025.8,decile
2010,2010-01-04,size,42,8103,2786207739.35,decile
2010,2010-01-04,size,43,1537,2803047989.5,decile
2010,2010-01-04,size,44,3090,2817842747.65,decile
2010,2010-01-04,size,45,6187,2823026894.0,decile
2010,2010-01-04,size,46,3315,2825309506.2000003,decile
2010,2010-01-04,size,47,8040,2847988968.6,decile
2010,2010-01-04,size,48,6289,2873444212.8,decile
2010,2010-01-04,size,49,4114,2881347000.0,decile
2010,2010-01-04,size,50,2443,2913724510.0,decile
2010,2010-01-04,size,51,2359,2929842478.7999997,decile
2010,2010-01-04,size,52,8064,2934305484.6000004,decile
2010,2010-01-04,size,53,3548,2938965002.4,decile
2010,2010-01-04,size,54,3038,2955506442.0,decile
2010,2010-01-04,size,55,8933,2978572161.1,decile
2010,2010-01-04,size,56,6209,3008131434.0,decile
2010,2010-01-04,size,57,2028,3021000000.0,decile
2010,2010-01-04,value,1,2887,0.46,decile
2010,2010-01-04,value,2,1618,0.56,decile
2010,2010-01-04,value,3,2323,0.56,decile
2010,2010-01-04,value,4,2312,0.65,decile
2010,2010-01-04,value,5,1902,0.66,decile
2010,2010-01-04,value,6,1605,0.67,decile
2010,2010-01-04,value,7,1718,0.7,decile
2010,2010-01-04,value,8,2614,0.7,decile
2010,2010-01-04,value,9,2820,0.7,decile
2010,2010-01-04,value,10,2475,0.71,decile
2010,2010-01-04,value,11,2515,0.71,decile
2010,2010-01-04,value,12,2023,0.72,decile
2010,2010-01-04,value,13,1504,0.74,decile
2010,2010-01-04,value,14,5381,0.76,decile
2010,2010-01-04,value,15,1103,0.77,decile
2010,2010-01-04,value,16,2349,0.77,decile
2010,2010-01-04,value,17,2443,0.78,decile
2010,2010-01-04,value,18,2834,0.78,decile
2010,2010-01-04,value,19,1904,0.79,decile
2010,2010-01-04,value,20,2204,0.79,decile
2010,2010-01-04,value,21,1417,0.81,decile
2010,2010-01-04,value,22,2315,0.81,decile
2010,2010-01-04,value,23,2359,0.81,decile
2010,2010-01-04,value,24,6196,0.82,decile
2010,2010-01-04,value,25,2889,0.83,decile
2010,2010-01-04,value,26,1229,0.84,decile
2010,2010-01-04,value,27,2609,0.84,decile
2010,2010-01-04,value,28,2206,0.85,decile
2010,2010-01-04,value,29,2368,0.85,decile
2010,2010-01-04,value,30,1440,0.86,decile
2010,2010-01-04,value,31,2331,0.86,decile
2010,2010-01-04,value,32,2367,0.86,decile
2010,2010-01-04,value,33,2380,0.86,decile
2010,2010-01-04,value,34,2883,0.86,decile
2010,2010-01-04,value,35,5491,0.86,decile
2010,2010-01-04,value,36,1434,0.87,decile
2010,2010-01-04,value,37,2484,0.87,decile
2010,2010-01-04,value,38,1104,0.88,decile
2010,2010-01-04,value,39,1451,0.88,decile
2010,2010-01-04,value,40,2313,0.88,decile
2010,2010-01-04,value,41,6136,0.88,decile
2010,2010-01-04,value,42,2327,0.89,decile
2010,2010-01-04,value,43,2377,0.89,decile
2010,2010-01-04,value,44,2534,0.89,decile
2010,2010-01-04,value,45,1444,0.9,decile
2010,2010-01-04,value,46,1909,0.9,decile
2010,2010-01-04,value,47,6116,0.9,decile
2010,2010-01-04,value,48,2492,0.91,decile
2010,2010-01-04,value,49,3009,0.91,decile
2010,2010-01-04,value,50,2801,0.92,decile
2010,2010-01-04,value,51,1409,0.93,decile
2010,2010-01-04,value,52,2449,0.95,decile
2010,2010-01-04,value,53,2884,0.95,decile
2010,2010-01-04,value,54,2316,0.96,decile
2010,2010-01-04,value,55,2603,0.96,decile
2010,2010-01-04,value,56,6214,0.96,decile
2010,2010-01-04,value,57,4532,0.97,decile
2010,2010-01-04,value,58,2376,0.99,decile
2010,2010-01-04,value,59,5820,0.99,decile
2010,2010-01-04,value,60,1313,1.0,decile
2011,2011-01-03,lowvol,1,2412,0.11020345083668884,decile
2011,2011-01-03,lowvol,2,4904,0.12836501878426884,decile
2011,2011-01-03,lowvol,3,3045,0.13156128703002973,decile
2011,2011-01-03,lowvol,4,2820,0.13990195501279085,decile
2011,2011-01-03,lowvol,5,5608,0.14982909743176687,decile
2011,2011-01-03,lowvol,6,2002,0.15917368902855303,decile
2011,2011-01-03,lowvol,7,2605,0.1675947881140445,decile
2011,2011-01-03,lowvol,8,2450,0.17034647287334526,decile
2011,2011-01-03,lowvol,9,2612,0.17853269275173647,decile
2011,2011-01-03,lowvol,10,2330,0.18156044263737178,decile
2011,2011-01-03,lowvol,11,1477,0.1901961516946143,decile
2011,2011-01-03,lowvol,12,1232,0.19247848306194287,decile
2011,2011-01-03,lowvol,13,2356,0.19419055274258484,decile
2011,2011-01-03,lowvol,14,2606,0.19442759154027092,decile
2011,2011-01-03,lowvol,15,9937,0.19633288789741865,decile
2011,2011-01-03,lowvol,16,9933,0.19692375849793098,decile
2011,2011-01-03,lowvol,17,2889,0.2022834605593902,decile
2011,2011-01-03,lowvol,18,6505,0.20290213463974138,decile
2011,2011-01-03,lowvol,19,1301,0.20454503509750047,decile
2011,2011-01-03,lowvol,20,3416,0.2045759103560061,decile
2011,2011-01-03,lowvol,21,1904,0.20492981186892942,decile
2011,2011-01-03,lowvol,22,1503,0.2101031362920166,decile
2011,2011-01-03,lowvol,23,1102,0.21211601064694122,decile
2011,2011-01-03,lowvol,24,2108,0.21403722036886708,decile
2011,2011-01-03,lowvol,25,6206,0.21434000206955708,decile
2011,2011-01-03,lowvol,26,9914,0.21639668170218462,decile
2011,2011-01-03,lowvol,27,5854,0.21847693752807532,decile
2011,2011-01-03,lowvol,28,1717,0.21946828372032778,decile
2011,2011-01-03,lowvol,29,2886,0.22122699890513065,decile
2011,2011-01-03,lowvol,30,3033,0.2215678014494932,decile
2011,2011-01-03,lowvol,31,2395,0.223190146924692,decile
2011,2011-01-03,lowvol,32,1326,0.22346679926598326,decile
2011,2011-01-03,lowvol,33,1723,0.2267007321348276,decile
2011,2011-01-03,lowvol,34,2441,0.2277081123637029,decile
2011,2011-01-03,lowvol,35,5515,0.22867565396522896,decile
2011,2011-01-03,lowvol,36,2832,0.23029918944396252,decile
2011,2011-01-03,lowvol,37,2881,0.23220372366636535,decile
2011,2011-01-03,lowvol,38,9940,0.23327831248048647,decile
2011,2011-01-03,lowvol,39,2105,0.2337626004086949,decile
2011,2011-01-03,lowvol,40,1216,0.23415928304601172,decile
2011,2011-01-03,lowvol,41,2355,0.23758862052899063,decile
2011,2011-01-03,lowvol,42,1733,0.23898353927223978,decile
2011,2011-01-03,lowvol,43,9904,0.24014223172005936,decile
2011,2011-01-03,lowvol,44,2059,0.24111057093937224,decile
2011,2011-01-03,lowvol,45,2208,0.241627242380866,decile
2011,2011-01-03,lowvol,46,1513,0.24485340884166332,decile
2011,2011-01-03,lowvol,47,6192,0.2450550001609201,decile
2011,2011-01-03,lowvol,48,9939,0.2477570301719352,decile
2011,2011-01-03,lowvol,49,1532,0.2490779779503513,decile
2011,2011-01-03,lowvol,50,3211,0.2500372820157124,decile
2011,2011-01-03,lowvol,51,2883,0.25011068147790244,decile
2011,2011-01-03,lowvol,52,3518,0.2502042418308651,decile
2011,2011-01-03,lowvol,53,2852,0.2517850336419077,decile
2011,2011-01-03,lowvol,54,2104,0.25333991586073545,decile
2011,2011-01-03,lowvol,55,2301,0.2538671589098357,decile
2011,2011-01-03,lowvol,56,1434,0.25409049210437074,decile
2011,2011-01-03,lowvol,57,2417,0.25471296435025986,decile
2011,2011-01-03,lowvol,58,1101,0.2549025655163214,decile
2011,2011-01-03,lowvol,59,2376,0.2550919892889006,decile
2011,2011-01-03,lowvol,60,2856,0.2551766286826742,decile
2011,2011-01-03,lowvol,61,9907,0.2553352621363706,decile
2011,2011-01-03,momentum,1,8287,7.287754164753039,decile
2011,2011-01-03,momentum,2,3406,5.272545090180361,decile
2011,2011-01-03,momentum,3,5356,3.480171614100186,decile
2011,2011-01-03,momentum,4,5530,3.3485254691689006,decile
2011,2011-01-03,momentum,5,1466,3.04180128435244,decile
2011,2011-01-03,momentum,6,6175,2.9481707317073167,decile
2011,2011-01-03,momentum,7,2049,2.786588145896656,decile
2011,2011-01-03,momentum,8,3206,2.4628829318907592,decile
2011,2011-01-03,momentum,9,1213,2.0765027322404372,decile
2011,2011-01-03,momentum,10,4725,2.0574989658459386,decile
2011,2011-01-03,momentum,11,8121,2.0047694753577106,decile
2011,2011-01-03,momentum,12,5505,1.9535792375109953,decile
2011,2011-01-03,momentum,13,5211,1.8506299212598423,decile
2011,2011-01-03,momentum,14,3455,1.7848804656075692,decile
2011,2011-01-03,momentum,15,1414,1.7107279693486594,decile
2011,2011-01-03,momentum,16,2498,1.6432524304419678,decile
2011,2011-01-03,momentum,17,2618,1.623076923076923,decile
2011,2011-01-03,momentum,18,3013,1.5930067393998004,decile
2011,2011-01-03,momentum,19,6151,1.579054868753544,decile
2011,2011-01-03,momentum,20,2384,1.5734597156398098,decile
2011,2011-01-03,momentum,21,1565,1.4838752180627068,decile
2011,2011-01-03,momentum,22,1444,1.4727162669800067,decile
2011,2011-01-03,momentum,23,1314,1.4672131147540988,decile
2011,2011-01-03,momentum,24,8091,1.450809580226264,decile
2011,2011-01-03,momentum,25,1227,1.4087984608127164,decile
2011,2011-01-03,momentum,26,3043,1.3846153846153846,decile
2011,2011-01-03,momentum,27,2471,1.3715415019762842,decile
2011,2011-01-03,momentum,28,2610,1.326923076923077,decile
2011,2011-01-03,momentum,29,8044,1.3156925621640183,decile
2011,2011-01-03,momentum,30,4523,1.3086321876603089,decile
2011,2011-01-03,momentum,31,5820,1.3020833333333335,decile
2011,2011-01-03,momentum,32,6207,1.2960980419777433,decile
2011,2011-01-03,momentum,33,1718,1.2789634146341466,decile
2011,2011-01-03,momentum,34,3290,1.2674476268141897,decile
2011,2011-01-03,momentum,35,2472,1.2522522522522523,decile
2011,2011-01-03,momentum,36,1788,1.2508214676889375,decile
2011,2011-01-03,momentum,37,6166,1.2207072386653364,decile
2011,2011-01-03,momentum,38,8096,1.1899504793058018,decile
2011,2011-01-03,momentum,39,1452,1.1604595145451175,decile
2011,2011-01-03,momentum,40,2609,1.1298701298701297,decile
2011,2011-01-03,momentum,41,3036,1.1296579175743404,decile
2011,2011-01-03,momentum,42,6123,1.1070498511904763,decile
2011,2011-01-03,momentum,43,2227,1.1044992743105948,decile
2011,2011-01-03,momentum,44,1231,1.0910279112910026,decile
2011,2011-01-03,momentum,45,1476,1.0872105381051833,decile
2011,2011-01-03,momentum,46,3086,1.0853242320819114,decile
2011,2011-01-03,momentum,47,8916,1.075196001844723,decile
2011,2011-01-03,momentum,48,1815,1.0695970695970698,decile
2011,2011-01-03,momentum,49,4102,1.0678423126253587,decile
2011,2011-01-03,momentum,50,6113,1.0530303030303032,decile
2011,2011-01-03,momentum,51,1584,1.0444444444444447,decile
2011,2011-01-03,momentum,52,3209,1.034365898073307,decile
2011,2011-01-03,momentum,53,6147,1.003629764065336,decile
2011,2011-01-03,momentum,54,6153,1.0027697677948098,decile
2011,2011-01-03,momentum,55,3561,0.992657153657126,decile
2011,2011-01-03,momentum,56,1580,0.9785352986515385,decile
2011,2011-01-03,momentum,57,8032,0.9473984820359607,decile
2011,2011-01-03,momentum,58,1715,0.946782949939573,decile
2011,2011-01-03,momentum,59,3008,0.9405101229961303,decile
2011,2011-01-03,momentum,60,5490,0.9355888206281906,decile
2011,2011-01-03,momentum,61,1440,0.9317794685441743,decile
2011,2011-01-03,size,1,3232,721325715.25,decile
2011,2011-01-03,size,2,6275,1081276339.0,decile
2011,2011-01-03,size,3,3206,1275915426.0,decile
2011,2011-01-03,size,4,4127,1311024000.0,decile
2011,2011-01-03,size,5,6113,1342911465.0,decile
2011,2011-01-03,size,6,1213,1364090574.0,decile
2011,2011-01-03,size,7,4111,1424090566.8,decile
2011,2011-01-03,size,8,4109,1431090324.0,decile
2011,2011-01-03,size,9,2471,1443138977.0,decile
2011,2011-01-03,size,10,2364,1447406089.2,decile
2011,2011-01-03,size,11,3118,1492831573.8,decile
2011,2011-01-03,size,12,4121,1593229691.4,decile
2011,2011-01-03,size,13,3324,1616680036.5,decile
2011,2011-01-03,size,14,4207,1662436598.1,decile
2011,2011-01-03,size,15,3390,1680972073.0,decile
2011,2011-01-03,size,16,6208,1690902333.7,decile
2011,2011-01-03,size,17,8032,1709739900.0,decile
2011,2011-01-03,size,18,5309,1788369180.0,decile
2011,2011-01-03,size,19,5410,1804273584.0,decile
2011,2011-01-03,size,20,3290,1828247400.0,decile
2011,2011-01-03,size,21,4716,1853843445.6000001,decile
2011,2011-01-03,size,22,6127,1855576717.8999999,decile
2011,2011-01-03,size,23,5013,1900131600.0,decile
2011,2011-01-03,size,24,3313,1967436146.2,decile
2011,2011-01-03,size,25,1584,2033603665.3999999,decile
2011,2011-01-03,size,26,6169,2039007299.9999998,decile
2011,2011-01-03,size,27,1410,2047500000.0,decile
2011,2011-01-03,size,28,1752,2167229171.2,decile
2011,2011-01-03,size,29,5511,2189404770.0,decile
2011,2011-01-03,size,30,1727,2215200000.0,decile
2011,2011-01-03,size,31,4721,2230788334.25,decile
2011,2011-01-03,size,32,1452,2257454601.6,decile
2011,2011-01-03,size,33,3086,2277266400.0,decile
2011,2011-01-03,size,34,8916,2307579975.0,decile
2011,2011-01-03,size,35,4129,2327397500.0,decile
2011,2011-01-03,size,36,8277,2400624517.5,decile
2011,2011-01-03,size,37,8091,2434600000.0,decile
2011,2011-01-03,size,38,5328,2443195377.6,decile
2011,2011-01-03,size,39,6508,2492063560.0,decile
2011,2011-01-03,size,40,5211,2517143542.2,decile
2011,2011-01-03,size,41,6187,2521463381.5,decile
2011,2011-01-03,size,42,6123,2541777105.6,decile
2011,2011-01-03,size,43,6175,2613641505.2999997,decile
2011,2011-01-03,size,44,3511,2620266180.0,decile
2011,2011-01-03,size,45,6131,2644012000.0,decile
2011,2011-01-03,size,46,3047,2664888560.0,decile
2011,2011-01-03,size,47,1225,2684789785.2,decile
2011,2011-01-03,size,48,8040,2688367168.0,decile
2011,2011-01-03,size,49,3209,2721681504.0,decile
2011,2011-01-03,size,50,4114,2742023280.15,decile
2011,2011-01-03,size,51,6150,2747872188.0,decile
2011,2011-01-03,size,52,4102,2763030160.0,decile
2011,2011-01-03,size,53,3029,2806671937.65,decile
2011,2011-01-03,size,54,1784,2866622317.7,decile
2011,2011-01-03,size,55,1506,2873270409.6000004,decile
2011,2011-01-03,size,56,3535,2887107864.9,decile
2011,2011-01-03,size,57,6196,2911387608.0,decile
2011,2011-01-03,size,58,2484,2912474376.9,decile
2011,2011-01-03,size,59,8103,2953058988.0,decile
2011,2011-01-03,value,1,2475,0.56,decile
2011,2011-01-03,value,2,2323,0.59,decile
2011,2011-01-03,value,3,1618,0.64,decile
2011,2011-01-03,value,4,2023,0.64,decile
2011,2011-01-03,value,5,2331,0.64,decile
2011,2011-01-03,value,6,1604,0.68,decile
2011,2011-01-03,value,7,2315,0.68,decile
2011,2011-01-03,value,8,2887,0.68,decile
2011,2011-01-03,value,9,2312,0.71,decile
2011,2011-01-03,value,10,2377,0.72,decile
2011,2011-01-03,value,11,2614,0.72,decile
2011,2011-01-03,value,12,6136,0.72,decile
2011,2011-01-03,value,13,2349,0.75,decile
2011,2011-01-03,value,14,2820,0.77,decile
2011,2011-01-03,value,15,1810,0.79,decile
2011,2011-01-03,value,16,6116,0.79,decile
2011,2011-01-03,value,17,1103,0.8,decile
2011,2011-01-03,value,18,6196,0.8,decile
2011,2011-01-03,value,19,2492,0.82,decile
2011,2011-01-03,value,20,2515,0.82,decile
2011,2011-01-03,value,21,5466,0.82,decile
2011,2011-01-03,value,22,2368,0.83,decile
2011,2011-01-03,value,23,1904,0.84,decile
2011,2011-01-03,value,24,2344,0.84,decile
2011,2011-01-03,value,25,3024,0.84,decile
2011,2011-01-03,value,26,1104,0.87,decile
2011,2011-01-03,value,27,2449,0.87,decile
2011,2011-01-03,value,28,2836,0.87,decile
2011,2011-01-03,value,29,2022,0.88,decile
2011,2011-01-03,value,30,3005,0.89,decile
2011,2011-01-03,value,31,8105,0.89,decile
2011,2011-01-03,value,32,1909,0.91,decile
2011,2011-01-03,value,33,2017,0.92,decile
2011,2011-01-03,value,34,6120,0.92,decile
2011,2011-01-03,value,35,6191,0.92,decile
2011,2011-01-03,value,36,5469,0.93,decile
2011,2011-01-03,value,37,1434,0.94,decile
2011,2011-01-03,value,38,2376,0.95,decile
2011,2011-01-03,value,39,2409,0.95,decile
2011,2011-01-03,value,40,3481,0.95,decile
2011,2011-01-03,value,41,6125,0.95,decile
2011,2011-01-03,value,42,2355,0.96,decile
2011,2011-01-03,value,43,2380,0.96,decile
2011,2011-01-03,value,44,2401,0.96,decile
2011,2011-01-03,value,45,2402,0.96,decile
2011,2011-01-03,value,46,6214,0.96,decile
2011,2011-01-03,value,47,2327,0.97,decile
2011,2011-01-03,value,48,1229,0.98,decile
2011,2011-01-03,value,49,2204,0.98,decile
2011,2011-01-03,value,50,2303,0.98,decile
2011,2011-01-03,value,51,6016,0.98,decile
2011,2011-01-03,value,52,6251,0.98,decile
2011,2011-01-03,value,53,1504,0.99,decile
2011,2011-01-03,value,54,1907,1.0,decile
2011,2011-01-03,value,55,6008,1.0,decile
2011,2011-01-03,value,56,1309,1.01,decile
2011,2011-01-03,value,57,1737,1.01,decile
2011,2011-01-03,value,58,2889,1.01,decile
2011,2011-01-03,value,59,1608,1.02,decile
2011,2011-01-03,value,60,1902,1.03,decile
2011,2011-01-03,value,61,1417,1.04,decile
2012,2012-01-02,lowvol,1,9917,0.12259239414899427,decile
2012,2012-01-02,lowvol,2,2412,0.13571570556761772,decile
2012,2012-01-02,lowvol,3,9925,0.1481665568561021,decile
2012,2012-01-02,lowvol,4,9937,0.14840732602088677,decile
2012,2012-01-02,lowvol,5,6281,0.15450015457575536,decile
2012,2012-01-02,lowvol,6,1477,0.1626177798921594,decile
2012,2012-01-02,lowvol,7,8926,0.16395709790188404,decile
2012,2012-01-02,lowvol,8,2002,0.16647220486749426,decile
2012,2012-01-02,lowvol,9,5608,0.18047411021613577,decile
2012,2012-01-02,lowvol,10,1451,0.18582993531886435,decile
2012,2012-01-02,lowvol,11,2208,0.18949573666428848,decile
2012,2012-01-02,lowvol,12,1904,0.19170784626429907,decile
2012,2012-01-02,lowvol,13,3045,0.1939725564464988,decile
2012,2012-01-02,lowvol,14,2023,0.19816911496129141,decile
2012,2012-01-02,lowvol,15,1503,0.201273509757964,decile
2012,2012-01-02,lowvol,16,2605,0.21003870089505133,decile
2012,2012-01-02,lowvol,17,8072,0.2105381866641578,decile
2012,2012-01-02,lowvol,18,1712,0.21137149572821948,decile
2012,2012-01-02,lowvol,19,1513,0.220700985894364,decile
2012,2012-01-02,lowvol,20,9933,0.2209604682458,decile
2012,2012-01-02,lowvol,21,1733,0.22929492117848047,decile
2012,2012-01-02,lowvol,22,4904,0.23071074920759888,decile
2012,2012-01-02,lowvol,23,1609,0.2337905193422446,decile
2012,2012-01-02,lowvol,24,2015,0.23449554542397202,decile
2012,2012-01-02,lowvol,25,2330,0.2353386628851179,decile
2012,2012-01-02,lowvol,26,2637,0.2360054498163245,decile
2012,2012-01-02,lowvol,27,2856,0.2372645343110936,decile
2012,2012-01-02,lowvol,28,2636,0.23849562313789266,decile
2012,2012-01-02,lowvol,29,1434,0.24051363977322265,decile
2012,2012-01-02,lowvol,30,3028,0.24124596097811982,decile
2012,2012-01-02,lowvol,31,2606,0.24322898336979548,decile
2012,2012-01-02,lowvol,32,6105,0.2436016719581179,decile
2012,2012-01-02,lowvol,33,1905,0.24694819882004243,decile
2012,2012-01-02,lowvol,34,3023,0.24714151175054092,decile
2012,2012-01-02,lowvol,35,3026,0.2480196995606795,decile
2012,2012-01-02,lowvol,36,2421,0.2481618011610529,decile
2012,2012-01-02,lowvol,37,2617,0.24957933880135283,decile
2012,2012-01-02,lowvol,38,2430,0.2532070058688464,decile
2012,2012-01-02,lowvol,39,2612,0.25726178150948664,decile
2012,2012-01-02,lowvol,40,1907,0.25831799491554397,decile
2012,2012-01-02,lowvol,41,2608,0.2601033495386977,decile
2012,2012-01-02,lowvol,42,2399,0.26113778541319965,decile
2012,2012-01-02,lowvol,43,9904,0.2613674446406396,decile
2012,2012-01-02,lowvol,44,6206,0.26245649078712335,decile
2012,2012-01-02,lowvol,45,2820,0.2626856053131915,decile
2012,2012-01-02,lowvol,46,2464,0.2641929623016371,decile
2012,2012-01-02,lowvol,47,1506,0.2647229936156795,decile
2012,2012-01-02,lowvol,48,2355,0.2681219962826849,decile
2012,2012-01-02,lowvol,49,3010,0.2683849354246273,decile
2012,2012-01-02,lowvol,50,4306,0.2696723013271254,decile
2012,2012-01-02,lowvol,51,2104,0.26968483649326946,decile
2012,2012-01-02,lowvol,52,2441,0.2707488436659732,decile
2012,2012-01-02,lowvol,53,3551,0.27197216044467615,decile
2012,2012-01-02,lowvol,54,2006,0.27253181192878717,decile
2012,2012-01-02,lowvol,55,6605,0.27569425413902177,decile
2012,2012-01-02,lowvol,56,8091,0.27602436287165083,decile
2012,2012-01-02,lowvol,57,5515,0.2782144373183187,decile
2012,2012-01-02,lowvol,58,1473,0.27828608162662627,decile
2012,2012-01-02,lowvol,59,2376,0.2803907507428563,decile
2012,2012-01-02,lowvol,60,1717,0.2821177420733983,decile
2012,2012-01-02,lowvol,61,2301,0.28248338886025914,decile
2012,2012-01-02,lowvol,62,3356,0.2830041802006785,decile
2012,2012-01-02,momentum,1,6107,9.339462517680337,decile
2012,2012-01-02,momentum,2,3126,3.033333333333333,decile
2012,2012-01-02,momentum,3,6276,2.3361344537815127,decile
2012,2012-01-02,momentum,4,8078,1.5063388126292958,decile
2012,2012-01-02,momentum,5,5398,1.2864094442844802,decile
2012,2012-01-02,momentum,6,2049,1.2458151128358566,decile
2012,2012-01-02,momentum,7,1724,1.0392989909718535,decile
2012,2012-01-02,momentum,8,6176,1.0138426044603945,decile
2012,2012-01-02,momentum,9,2114,1.0123005737429254,decile
2012,2012-01-02,momentum,10,2450,0.9808568856375248,decile
2012,2012-01-02,momentum,11,2207,0.9710542583534874,decile
2012,2012-01-02,momentum,12,1569,0.937193722057382,decile
2012,2012-01-02,momentum,13,4712,0.9346049046321523,decile
2012,2012-01-02,momentum,14,3615,0.8699559615334598,decile
2012,2012-01-02,momentum,15,6235,0.8373983739837401,decile
2012,2012-01-02,momentum,16,4532,0.8133923906401745,decile
2012,2012-01-02,momentum,17,8101,0.7792792792792793,decile
2012,2012-01-02,momentum,18,9943,0.6801388544507811,decile
2012,2012-01-02,momentum,19,6195,0.6644231152176512,decile
2012,2012-01-02,momentum,20,8942,0.627096522864335,decile
2012,2012-01-02,momentum,21,1227,0.6215714479196341,decile
2012,2012-01-02,momentum,22,2474,0.6016222160362328,decile
2012,2012-01-02,momentum,23,6231,0.5742362057490571,decile
2012,2012-01-02,momentum,24,3521,0.5483870967741935,decile
2012,2012-01-02,momentum,25,6269,0.5447377735105485,decile
2012,2012-01-02,momentum,26,5903,0.5417585125801727,decile
2012,2012-01-02,momentum,27,3508,0.5333258214681029,decile
2012,2012-01-02,momentum,28,2103,0.4847502470252061,decile
2012,2012-01-02,momentum,29,3045,0.47634937820843426,decile
2012,2012-01-02,momentum,30,2905,0.47158523846518663,decile
2012,2012-01-02,momentum,31,1231,0.4678197575568197,decile
2012,2012-01-02,momentum,32,4904,0.4665099882491188,decile
2012,2012-01-02,momentum,33,2412,0.45480601255218667,decile
2012,2012-01-02,momentum,34,9914,0.4277945619335346,decile
2012,2012-01-02,momentum,35,2402,0.42753623188405765,decile
2012,2012-01-02,momentum,36,3265,0.42511650369426235,decile
2012,2012-01-02,momentum,37,5706,0.4135764944275582,decile
2012,2012-01-02,momentum,38,8374,0.4129388580176432,decile
2012,2012-01-02,momentum,39,3454,0.40125468166033995,decile
2012,2012-01-02,momentum,40,6192,0.40085654203210774,decile
2012,2012-01-02,momentum,41,2912,0.38648263417302964,decile
2012,2012-01-02,momentum,42,1476,0.38046715350402716,decile
2012,2012-01-02,momentum,43,2809,0.3549618320610688,decile
2012,2012-01-02,momentum,44,3324,0.34985832173394327,decile
2012,2012-01-02,momentum,45,2108,0.3487719443054429,decile
2012,2012-01-02,momentum,46,1736,0.34644293749845145,decile
2012,2012-01-02,momentum,47,2823,0.3317800304172034,decile
2012,2012-01-02,momentum,48,1710,0.3283277302681449,decile
2012,2012-01-02,momentum,49,1709,0.3226623736075125,decile
2012,2012-01-02,momentum,50,9933,0.3221091521908217,decile
2012,2012-01-02,momentum,51,5314,0.3207547169811322,decile
2012,2012-01-02,momentum,52,2493,0.31759834368530027,decile
2012,2012-01-02,momentum,53,3441,0.31557958622295645,decile
2012,2012-01-02,momentum,54,8044,0.31013541451312787,decile
2012,2012-01-02,momentum,55,8936,0.304417728376398,decile
2012,2012-01-02,momentum,56,2105,0.2639377825269842,decile
2012,2012-01-02,momentum,57,2221,0.2629870129870129,decile
2012,2012-01-02,momentum,58,6803,0.26241117409432,decile
2012,2012-01-02,momentum,59,5498,0.25,decile
2012,2012-01-02,momentum,60,3004,0.2477272727272728,decile
2012,2012-01-02,momentum,61,2106,0.24028448406311465,decile
2012,2012-01-02,momentum,62,9905,0.23410059676044326,decile
2012,2012-01-02,size,1,5205,429377800.00000006,decile
2012,2012-01-02,size,2,2471,689906794.0,decile
2012,2012-01-02,size,3,3521,706698045.0,decile
2012,2012-01-02,size,4,2221,767892500.0000001,decile
2012,2012-01-02,size,5,3535,785978150.0,decile
2012,2012-01-02,size,6,3623,794732500.0,decile
2012,2012-01-02,size,7,3537,834775200.0,decile
2012,2012-01-02,size,8,6276,844449331.1999999,decile
2012,2012-01-02,size,9,1441,870870000.0,decile
2012,2012-01-02,size,10,5410,914995416.5999999,decile
2012,2012-01-02,size,11,6169,931729074.9999999,decile
2012,2012-01-02,size,12,3011,937824168.32,decile
2012,2012-01-02,size,13,8277,959599231.25,decile
2012,2012-01-02,size,14,2453,997000000.0000001,decile
2012,2012-01-02,size,15,5398,1002012984.0,decile
2012,2012-01-02,size,16,3325,1020769765.4,decile
2012,2012-01-02,size,17,4510,1041099010.25,decile
2012,2012-01-02,size,18,6151,1047192299.9999999,decile
2012,2012-01-02,size,19,3004,1100740185.0,decile
2012,2012-01-02,size,20,3491,1145881317.0,decile
2012,2012-01-02,size,21,3441,1156652888.0,decile
2012,2012-01-02,size,22,3290,1174240200.0,decile
2012,2012-01-02,size,23,6289,1187438593.32,decile
2012,2012-01-02,size,24,6217,1195500436.0,decile
2012,2012-01-02,size,25,5211,1215338389.65,decile
2012,2012-01-02,size,26,6609,1217259395.6999998,decile
2012,2012-01-02,size,27,6220,1269984566.3999999,decile
2012,2012-01-02,size,28,3289,1316141733.2,decile
2012,2012-01-02,size,29,6233,1329372229.6,decile
2012,2012-01-02,size,30,5314,1339150806.55,decile
2012,2012-01-02,size,31,6237,1351145911.05,decile
2012,2012-01-02,size,32,6245,1362213930.0,decile
2012,2012-01-02,size,33,4129,1411738125.0,decile
2012,2012-01-02,size,34,3086,1416262900.0,decile
2012,2012-01-02,size,35,3029,1421163195.0,decile
2012,2012-01-02,size,36,4533,1469359211.0,decile
2012,2012-01-02,size,37,2461,1473578159.52,decile
2012,2012-01-02,size,38,3218,1487481900.0,decile
2012,2012-01-02,size,39,5016,1488662280.0,decile
2012,2012-01-02,size,40,8111,1491152430.0,decile
2012,2012-01-02,size,41,6208,1519436120.3999999,decile
2012,2012-01-02,size,42,3390,1520681990.4,decile
2012,2012-01-02,size,43,8261,1537603271.1000001,decile
2012,2012-01-02,size,44,1466,1548002738.75,decile
2012,2012-01-02,size,45,3094,1553049249.25,decile
2012,2012-01-02,size,46,6603,1556966060.6,decile
2012,2012-01-02,size,47,2390,1576020536.64,decile
2012,2012-01-02,size,48,5498,1590768480.0,decile
2012,2012-01-02,size,49,3455,1592045400.0,decile
2012,2012-01-02,size,50,3323,1600629349.8,decile
2012,2012-01-02,size,51,6235,1630671320.6,decile
2012,2012-01-02,size,52,3324,1638557207.25,decile
2012,2012-01-02,size,53,5475,1659480319.1100001,decile
2012,2012-01-02,size,54,1584,1667085483.0,decile
2012,2012-01-02,size,55,6170,1687996295.6000001,decile
2012,2012-01-02,size,56,8940,1717646764.3999999,decile
2012,2012-01-02,size,57,6195,1731350011.2,decile
2012,2012-01-02,size,58,3551,1750197115.4999998,decile
2012,2012-01-02,size,59,6123,1756675356.8,decile
2012,2012-01-02,size,60,3047,1766469554.0,decile
2012,2012-01-02,value,1,2475,0.22,decile
2012,2012-01-02,value,2,5346,0.25,decile
2012,2012-01-02,value,3,6116,0.26,decile
2012,2012-01-02,value,4,2331,0.35,decile
2012,2012-01-02,value,5,2492,0.36,decile
2012,2012-01-02,value,6,3481,0.38,decile
2012,2012-01-02,value,7,8105,0.39,decile
2012,2012-01-02,value,8,2887,0.4,decile
2012,2012-01-02,value,9,2323,0.41,decile
2012,2012-01-02,value,10,2344,0.42,decile
2012,2012-01-02,value,11,2368,0.43,decile
2012,2012-01-02,value,12,2349,0.44,decile
2012,2012-01-02,value,13,2022,0.47,decile
2012,2012-01-02,value,14,2315,0.48,decile
2012,2012-01-02,value,15,6125,0.48,decile
2012,2012-01-02,value,16,1605,0.49,decile
2012,2012-01-02,value,17,2312,0.49,decile
2012,2012-01-02,value,18,3019,0.49,decile
2012,2012-01-02,value,19,2327,0.5,decile
2012,2012-01-02,value,20,3576,0.5,decile
2012,2012-01-02,value,21,6289,0.5,decile
2012,2012-01-02,value,22,2409,0.51,decile
2012,2012-01-02,value,23,3579,0.51,decile
2012,2012-01-02,value,24,2352,0.52,decile
2012,2012-01-02,value,25,3080,0.52,decile
2012,2012-01-02,value,26,2377,0.53,decile
2012,2012-01-02,value,27,6120,0.53,decile
2012,2012-01-02,value,28,2461,0.54,decile
2012,2012-01-02,value,29,1103,0.56,decile
2012,2012-01-02,value,30,2401,0.56,decile
2012,2012-01-02,value,31,3703,0.56,decile
2012,2012-01-02,value,32,6191,0.57,decile
2012,2012-01-02,value,33,6251,0.57,decile
2012,2012-01-02,value,34,8163,0.57,decile
2012,2012-01-02,value,35,1902,0.58,decile
2012,2012-01-02,value,36,3011,0.58,decile
2012,2012-01-02,value,37,1609,0.6,decile
2012,2012-01-02,value,38,2342,0.6,decile
2012,2012-01-02,value,39,2847,0.6,decile
2012,2012-01-02,value,40,3323,0.6,decile
2012,2012-01-02,value,41,3474,0.6,decile
2012,2012-01-02,value,42,3535,0.6,decile
2012,2012-01-02,value,43,5475,0.6,decile
2012,2012-01-02,value,44,5512,0.6,decile
2012,2012-01-02,value,45,1604,0.61,decile
2012,2012-01-02,value,46,2023,0.61,decile
2012,2012-01-02,value,47,2371,0.61,decile
2012,2012-01-02,value,48,2449,0.61,decile
2012,2012-01-02,value,49,2515,0.61,decile
2012,2012-01-02,value,50,3061,0.61,decile
2012,2012-01-02,value,51,3294,0.61,decile
2012,2012-01-02,value,52,3518,0.61,decile
2012,2012-01-02,value,53,3686,0.61,decile
2012,2012-01-02,value,54,2453,0.62,decile
2012,2012-01-02,value,55,1409,0.63,decile
2012,2012-01-02,value,56,6158,0.63,decile
2012,2012-01-02,value,57,1447,0.64,decile
2012,2012-01-02,value,58,2367,0.64,decile
2012,2012-01-02,value,59,2390,0.64,decile
2012,2012-01-02,value,60,2481,0.64,decile
2012,2012-01-02,value,61,3452,0.64,decile
2013,2013-01-02,lowvol,1,2412,0.09773536888422239,decile
2013,2013-01-02,lowvol,2,1904,0.13945119707003314,decile
2013,2013-01-02,lowvol,3,2002,0.13981237773315744,decile
2013,2013-01-02,lowvol,4,5007,0.14188416127877435,decile
2013,2013-01-02,lowvol,5,2208,0.14360105881587987,decile
2013,2013-01-02,lowvol,6,5533,0.14490786908126635,decile
2013,2013-01-02,lowvol,7,1535,0.14590347167781037,decile
2013,2013-01-02,lowvol,8,6184,0.14819695324796783,decile
2013,2013-01-02,lowvol,9,1503,0.14862512783705986,decile
2013,2013-01-02,lowvol,10,6023,0.14925766468432392,decile
2013,2013-01-02,lowvol,11,9925,0.1495278261966406,decile
2013,2013-01-02,lowvol,12,2637,0.15066780151211817,decile
2013,2013-01-02,lowvol,13,9917,0.15451238888927013,decile
2013,2013-01-02,lowvol,14,1210,0.15686302189926826,decile
2013,2013-01-02,lowvol,15,2820,0.15739356279366382,decile
2013,2013-01-02,lowvol,16,6146,0.15835644111475014,decile
2013,2013-01-02,lowvol,17,2608,0.15840707325947523,decile
2013,2013-01-02,lowvol,18,1102,0.16107727937815478,decile
2013,2013-01-02,lowvol,19,1477,0.16548014820517865,decile
2013,2013-01-02,lowvol,20,2535,0.16549066144209157,decile
2013,2013-01-02,lowvol,21,6281,0.16595104513671205,decile
2013,2013-01-02,lowvol,22,9910,0.1673774323664188,decile
2013,2013-01-02,lowvol,23,2908,0.16838896966617828,decile
2013,2013-01-02,lowvol,24,2880,0.16865239432793772,decile
2013,2013-01-02,lowvol,25,1513,0.17058126184101066,decile
2013,2013-01-02,lowvol,26,1229,0.17731177236981507,decile
2013,2013-01-02,lowvol,27,2015,0.1780751091057306,decile
2013,2013-01-02,lowvol,28,3010,0.17921777969095,decile
2013,2013-01-02,lowvol,29,1434,0.18127604488812057,decile
2013,2013-01-02,lowvol,30,2838,0.1824828605201911,decile
2013,2013-01-02,lowvol,31,2889,0.1826565333918456,decile
2013,2013-01-02,lowvol,32,3705,0.1850846857486897,decile
2013,2013-01-02,lowvol,33,3026,0.18522296148305703,decile
2013,2013-01-02,lowvol,34,2605,0.18670266774210018,decile
2013,2013-01-02,lowvol,35,1726,0.1871413176856989,decile
2013,2013-01-02,lowvol,36,1712,0.18799802358114537,decile
2013,2013-01-02,lowvol,37,1708,0.18979924659726236,decile
2013,2013-01-02,lowvol,38,1723,0.19001525648170528,decile
2013,2013-01-02,lowvol,39,2912,0.19052196822267592,decile
2013,2013-01-02,lowvol,40,3703,0.19083044840301772,decile
2013,2013-01-02,lowvol,41,2430,0.19111644204409137,decile
2013,2013-01-02,lowvol,42,2006,0.19224129832626366,decile
2013,2013-01-02,lowvol,43,1558,0.1924220513697227,decile
2013,2013-01-02,lowvol,44,6183,0.19440283989006363,decile
2013,2013-01-02,lowvol,45,6214,0.19522606065517395,decile
2013,2013-01-02,lowvol,46,8925,0.19607617716110587,decile
2013,2013-01-02,lowvol,47,2834,0.19678158128956114,decile
2013,2013-01-02,lowvol,48,3023,0.1971810391103408,decile
2013,2013-01-02,lowvol,49,4306,0.20002443348481677,decile
2013,2013-01-02,lowvol,50,3045,0.2008110891005023,decile
2013,2013-01-02,lowvol,51,2801,0.20088434971149144,decile
2013,2013-01-02,lowvol,52,2892,0.20129648787027682,decile
2013,2013-01-02,lowvol,53,2108,0.2016951590506138,decile
2013,2013-01-02,lowvol,54,1907,0.20218708604255994,decile
2013,2013-01-02,lowvol,55,2441,0.20349445241783518,decile
2013,2013-01-02,lowvol,56,1442,0.20351720915335703,decile
2013,2013-01-02,lowvol,57,2606,0.20370586145700614,decile
2013,2013-01-02,lowvol,58,2812,0.20504886549211693,decile
2013,2013-01-02,lowvol,59,2845,0.20520825213349364,decile
2013,2013-01-02,lowvol,60,8926,0.20609594538109302,decile
2013,2013-01-02,lowvol,61,2027,0.20783792486687344,decile
2013,2013-01-02,lowvol,62,5608,0.20829338893532284,decile
2013,2013-01-02,lowvol,63,2841,0.2084619269793982,decile
2013,2013-01-02,lowvol,64,2534,0.20917301269897773,decile
2013,2013-01-02,lowvol,65,2464,0.20970598476003402,decile
2013,2013-01-02,momentum,1,3176,4.753599695079249,decile
2013,2013-01-02,momentum,2,3373,2.6971993745278575,decile
2013,2013-01-02,momentum,3,5306,1.80327868852459,decile
2013,2013-01-02,momentum,4,1566,1.7078189300411522,decile
2013,2013-01-02,momentum,5,2314,1.5977653631284916,decile
2013,2013-01-02,momentum,6,4912,1.5117355199084357,decile
2013,2013-01-02,momentum,7,3587,1.5005410552742071,decile
2013,2013-01-02,momentum,8,4933,1.446593406593407,decile
2013,2013-01-02,momentum,9,1476,1.4246134513687796,decile
2013,2013-01-02,momentum,10,1781,1.4117647058823528,decile
2013,2013-01-02,momentum,11,5480,1.409543169429445,decile
2013,2013-01-02,momentum,12,3131,1.3933923295948238,decile
2013,2013-01-02,momentum,13,3680,1.3584735033459934,decile
2013,2013-01-02,momentum,14,5904,1.3009253311593159,decile
2013,2013-01-02,momentum,15,1435,1.2507552870090635,decile
2013,2013-01-02,momentum,16,8213,1.2234628357516226,decile
2013,2013-01-02,momentum,17,1707,1.1644812514377731,decile
2013,2013-01-02,momentum,18,9914,1.158432125082248,decile
2013,2013-01-02,momentum,19,3498,1.1527777777777777,decile
2013,2013-01-02,momentum,20,3582,1.1174864293431073,decile
2013,2013-01-02,momentum,21,2514,1.1121951219512196,decile
2013,2013-01-02,momentum,22,3303,1.1083070452155628,decile
2013,2013-01-02,momentum,23,3489,1.066290550070522,decile
2013,2013-01-02,momentum,24,1416,1.0591647331786547,decile
2013,2013-01-02,momentum,25,2227,1.039715752345943,decile
2013,2013-01-02,momentum,26,5347,1.034927354105423,decile
2013,2013-01-02,momentum,27,6147,0.998718042634239,decile
2013,2013-01-02,momentum,28,8271,0.9937830534033778,decile
2013,2013-01-02,momentum,29,9945,0.9155152255938777,decile
2013,2013-01-02,momentum,30,6298,0.9109890109890115,decile
2013,2013-01-02,momentum,31,4702,0.9106699751861045,decile
2013,2013-01-02,momentum,32,1752,0.9042584871947585,decile
2013,2013-01-02,momentum,33,6230,0.8930960875566651,decile
2013,2013-01-02,momentum,34,2458,0.8928628311536624,decile
2013,2013-01-02,momentum,35,3266,0.8926701080003474,decile
2013,2013-01-02,momentum,36,3548,0.8600071130079132,decile
2013,2013-01-02,momentum,37,3376,0.8539583738572263,decile
2013,2013-01-02,momentum,38,3030,0.8501771396606379,decile
2013,2013-01-02,momentum,39,3035,0.8317217579218945,decile
2013,2013-01-02,momentum,40,5489,0.8277862354979268,decile
2013,2013-01-02,momentum,41,2901,0.819250205664591,decile
2013,2013-01-02,momentum,42,3491,0.8178426955405371,decile
2013,2013-01-02,momentum,43,3265,0.8176285567990638,decile
2013,2013-01-02,momentum,44,2355,0.8072785748856381,decile
2013,2013-01-02,momentum,45,2331,0.7991983298538621,decile
2013,2013-01-02,momentum,46,1410,0.7953990937608926,decile
2013,2013-01-02,momentum,47,6269,0.7709660272129792,decile
2013,2013-01-02,momentum,48,3060,0.7691173372656412,decile
2013,2013-01-02,momentum,49,5508,0.7665755141199431,decile
2013,2013-01-02,momentum,50,6245,0.7659574468085106,decile
2013,2013-01-02,momentum,51,6143,0.7655289696954539,decile
2013,2013-01-02,momentum,52,8088,0.7640320733104242,decile
2013,2013-01-02,momentum,53,5511,0.7474942973664203,decile
2013,2013-01-02,momentum,54,4139,0.7432037011740191,decile
2013,2013-01-02,momentum,55,2449,0.7249354136347739,decile
2013,2013-01-02,momentum,56,3234,0.7237219212563955,decile
2013,2013-01-02,momentum,57,4113,0.7205577539099306,decile
2013,2013-01-02,momentum,58,2545,0.7169587314190264,decile
2013,2013-01-02,momentum,59,2524,0.7063037345663785,decile
2013,2013-01-02,momentum,60,2308,0.7030405405405407,decile
2013,2013-01-02,momentum,61,3479,0.6959696377717757,decile
2013,2013-01-02,momentum,62,6163,0.6927736436020775,decile
2013,2013-01-02,momentum,63,3607,0.6857961345282182,decile
2013,2013-01-02,momentum,64,2102,0.6834118625277164,decile
2013,2013-01-02,momentum,65,2383,0.6790575596655071,decile
2013,2013-01-02,size,1,3073,274821251.25,decile
2013,2013-01-02,size,2,1799,490028000.0,decile
2013,2013-01-02,size,3,1316,658299143.3,decile
2013,2013-01-02,size,4,3236,662316802.65,decile
2013,2013-01-02,size,5,3489,763330931.5,decile
2013,2013-01-02,size,6,8088,779763043.1999999,decile
2013,2013-01-02,size,7,4903,868519830.0,decile
2013,2013-01-02,size,8,1435,929537532.0,decile
2013,2013-01-02,size,9,8080,994245889.4999999,decile
2013,2013-01-02,size,10,3557,1045096228.0000001,decile
2013,2013-01-02,size,11,3144,1048149548.6,decile
2013,2013-01-02,size,12,4109,1083115240.5,decile
2013,2013-01-02,size,13,4127,1089088000.0,decile
2013,2013-01-02,size,14,3257,1103748000.0,decile
2013,2013-01-02,size,15,6283,1148441781.6,decile
2013,2013-01-02,size,16,4131,1187981576.4,decile
2013,2013-01-02,size,17,4121,1195063253.2,decile
2013,2013-01-02,size,18,1584,1297966788.15,decile
2013,2013-01-02,size,19,3118,1314340830.0,decile
2013,2013-01-02,size,20,3441,1348917667.6000001,decile
2013,2013-01-02,size,21,6170,1376804551.0,decile
2013,2013-01-02,size,22,4111,1402397175.3999999,decile
2013,2013-01-02,size,23,4102,1415272996.2,decile
2013,2013-01-02,size,24,4417,1434206837.6999998,decile
2013,2013-01-02,size,25,3218,1446033000.0,decile
2013,2013-01-02,size,26,4946,1462801710.0,decile
2013,2013-01-02,size,27,3483,1468800000.0,decile
2013,2013-01-02,size,28,3040,1490475952.0,decile
2013,2013-01-02,size,29,3548,1508959230.3000002,decile
2013,2013-01-02,size,30,3379,1559296870.3000002,decile
2013,2013-01-02,size,31,5355,1622705719.8,decile
2013,2013-01-02,size,32,2904,1667181532.8,decile
2013,2013-01-02,size,33,8107,1677192343.75,decile
2013,2013-01-02,size,34,6217,1707738228.0,decile
2013,2013-01-02,size,35,3363,1732005504.0,decile
2013,2013-01-02,size,36,3303,1757214043.1999998,decile
2013,2013-01-02,size,37,8403,1774878552.8000002,decile
2013,2013-01-02,size,38,1323,1775817829.5,decile
2013,2013-01-02,size,39,3373,1809983949.6,decile
2013,2013-01-02,size,40,1813,1815142967.6499999,decile
2013,2013-01-02,size,41,2613,1815620399.9999998,decile
2013,2013-01-02,size,42,4523,1849600000.0,decile
2013,2013-01-02,size,43,3324,1850274504.75,decile
2013,2013-01-02,size,44,3323,1851111391.8,decile
2013,2013-01-02,size,45,1781,1858866448.4,decile
2013,2013-01-02,size,46,3498,1863694801.8,decile
2013,2013-01-02,size,47,3057,1886697300.0,decile
2013,2013-01-02,size,48,3559,1887761852.9,decile
2013,2013-01-02,size,49,4113,1897411153.65,decile
2013,2013-01-02,size,50,3479,1948265404.8,decile
2013,2013-01-02,size,51,6163,1949070376.9999998,decile
2013,2013-01-02,size,52,4129,1965770000.0,decile
2013,2013-01-02,size,53,3080,2015092500.0,decile
2013,2013-01-02,size,54,4934,2039845500.0,decile
2013,2013-01-02,size,55,1784,2053667691.6,decile
2013,2013-01-02,size,56,1414,2063600000.0000002,decile
2013,2013-01-02,size,57,1795,2089169577.6000001,decile
2013,2013-01-02,size,58,3390,2115472382.6000001,decile
2013,2013-01-02,size,59,3296,2130212550.0,decile
2013,2013-01-02,size,60,3419,2146106109.0,decile
2013,2013-01-02,size,61,1731,2153226952.7999997,decile
2013,2013-01-02,size,62,3047,2192799047.25,decile
2013,2013-01-02,size,63,3624,2193303602.6,decile
2013,2013-01-02,value,1,6116,0.34,decile
2013,2013-01-02,value,2,2492,0.36,decile
2013,2013-01-02,value,3,2323,0.4,decile
2013,2013-01-02,value,4,2349,0.41,decile
2013,2013-01-02,value,5,2887,0.45,decile
2013,2013-01-02,value,6,3080,0.45,decile
2013,2013-01-02,value,7,2368,0.46,decile
2013,2013-01-02,value,8,5466,0.49,decile
2013,2013-01-02,value,9,8105,0.49,decile
2013,2013-01-02,value,10,2312,0.52,decile
2013,2013-01-02,value,11,3579,0.52,decile
2013,2013-01-02,value,12,2315,0.53,decile
2013,2013-01-02,value,13,2405,0.53,decile
2013,2013-01-02,value,14,2022,0.54,decile
2013,2013-01-02,value,15,2371,0.54,decile
2013,2013-01-02,value,16,4934,0.54,decile
2013,2013-01-02,value,17,2344,0.55,decile
2013,2013-01-02,value,18,2377,0.55,decile
2013,2013-01-02,value,19,2331,0.56,decile
2013,2013-01-02,value,20,1618,0.57,decile
2013,2013-01-02,value,21,5469,0.58,decile
2013,2013-01-02,value,22,2401,0.59,decile
2013,2013-01-02,value,23,3703,0.59,decile
2013,2013-01-02,value,24,2327,0.6,decile
2013,2013-01-02,value,25,2367,0.61,decile
2013,2013-01-02,value,26,2481,0.61,decile
2013,2013-01-02,value,27,2614,0.61,decile
2013,2013-01-02,value,28,1605,0.62,decile
2013,2013-01-02,value,29,2515,0.62,decile
2013,2013-01-02,value,30,6015,0.62,decile
2013,2013-01-02,value,31,2023,0.63,decile
2013,2013-01-02,value,32,4930,0.64,decile
2013,2013-01-02,value,33,6188,0.64,decile
2013,2013-01-02,value,34,1414,0.65,decile
2013,2013-01-02,value,35,1806,0.65,decile
2013,2013-01-02,value,36,8110,0.65,decile
2013,2013-01-02,value,37,3019,0.66,decile
2013,2013-01-02,value,38,3059,0.66,decile
2013,2013-01-02,value,39,6120,0.66,decile
2013,2013-01-02,value,40,2883,0.67,decile
2013,2013-01-02,value,41,3686,0.67,decile
2013,2013-01-02,value,42,6182,0.67,decile
2013,2013-01-02,value,43,2017,0.68,decile
2013,2013-01-02,value,44,5425,0.68,decile
2013,2013-01-02,value,45,8107,0.68,decile
2013,2013-01-02,value,46,2527,0.69,decile
2013,2013-01-02,value,47,3514,0.69,decile
2013,2013-01-02,value,48,3519,0.69,decile
2013,2013-01-02,value,49,3548,0.69,decile
2013,2013-01-02,value,50,6214,0.69,decile
2013,2013-01-02,value,51,3061,0.7,decile
2013,2013-01-02,value,52,3474,0.7,decile
2013,2013-01-02,value,53,3481,0.7,decile
2013,2013-01-02,value,54,2409,0.71,decile
2013,2013-01-02,value,55,3557,0.71,decile
2013,2013-01-02,value,56,3561,0.71,decile
2013,2013-01-02,value,57,8046,0.71,decile
2013,2013-01-02,value,58,8163,0.71,decile
2013,2013-01-02,value,59,6196,0.72,decile
2013,2013-01-02,value,60,1904,0.73,decile
2013,2013-01-02,value,61,2352,0.73,decile
2013,2013-01-02,value,62,2820,0.73,decile
2013,2013-01-02,value,63,2856,0.73,decile
2013,2013-01-02,value,64,3483,0.73,decile
2014,2014-01-02,lowvol,1,5880,0.10439920326415124,decile
2014,2014-01-02,lowvol,2,2820,0.11083454459222203,decile
2014,2014-01-02,lowvol,3,2412,0.11237491000030783,decile
2014,2014-01-02,lowvol,4,2812,0.12025834457645493,decile
2014,2014-01-02,lowvol,5,3036,0.12190142805741812,decile
2014,2014-01-02,lowvol,6,2104,0.12452424224106423,decile
2014,2014-01-02,lowvol,7,2908,0.12508932785791504,decile
2014,2014-01-02,lowvol,8,9917,0.12598394427115892,decile
2014,2014-01-02,lowvol,9,2441,0.12694682952892825,decile
2014,2014-01-02,lowvol,10,2892,0.13149167156449712,decile
2014,2014-01-02,lowvol,11,2845,0.13710936993586426,decile
2014,2014-01-02,lowvol,12,2880,0.13813651749296837,decile
2014,2014-01-02,lowvol,13,2841,0.13971410917323723,decile
2014,2014-01-02,lowvol,14,2704,0.14128840084424174,decile
2014,2014-01-02,lowvol,15,1313,0.14562742509218876,decile
2014,2014-01-02,lowvol,16,1102,0.1465043313980444,decile
2014,2014-01-02,lowvol,17,2834,0.14691882683453053,decile
2014,2014-01-02,lowvol,18,1604,0.14787315600114814,decile
2014,2014-01-02,lowvol,19,5471,0.15049825489527993,decile
2014,2014-01-02,lowvol,20,2383,0.15067216030365535,decile
2014,2014-01-02,lowvol,21,2637,0.15146718972985895,decile
2014,2014-01-02,lowvol,22,1210,0.1515836553348436,decile
2014,2014-01-02,lowvol,23,1722,0.15225845541674654,decile
2014,2014-01-02,lowvol,24,3010,0.15249183213811263,decile
2014,2014-01-02,lowvol,25,2002,0.15416722039476144,decile
2014,2014-01-02,lowvol,26,1715,0.15666677553563793,decile
2014,2014-01-02,lowvol,27,2727,0.1567313137300601,decile
2014,2014-01-02,lowvol,28,1103,0.15674841511992185,decile
2014,2014-01-02,lowvol,29,3515,0.15704871967446915,decile
2014,2014-01-02,lowvol,30,1419,0.15788217824347028,decile
2014,2014-01-02,lowvol,31,1712,0.158037743628644,decile
2014,2014-01-02,lowvol,32,2801,0.15897127600702166,decile
2014,2014-01-02,lowvol,33,2374,0.1650749245986554,decile
2014,2014-01-02,lowvol,34,2332,0.16541785183317637,decile
2014,2014-01-02,lowvol,35,1733,0.16711248132216697,decile
2014,2014-01-02,lowvol,36,1409,0.1672584347785962,decile
2014,2014-01-02,lowvol,37,4306,0.1682062201125688,decile
2014,2014-01-02,lowvol,38,2605,0.16887159789759537,decile
2014,2014-01-02,lowvol,39,2107,0.16892629391269856,decile
2014,2014-01-02,lowvol,40,3264,0.17026211375602207,decile
2014,2014-01-02,lowvol,41,2887,0.17032230525808661,decile
2014,2014-01-02,lowvol,42,1582,0.17104769828252916,decile
2014,2014-01-02,lowvol,43,1232,0.17154027587444745,decile
2014,2014-01-02,lowvol,44,5820,0.17224690933465372,decile
2014,2014-01-02,lowvol,45,2504,0.1725008077883368,decile
2014,2014-01-02,lowvol,46,2891,0.17263201206100318,decile
2014,2014-01-02,lowvol,47,1217,0.1732309049417876,decile
2014,2014-01-02,lowvol,48,6224,0.17369855602662762,decile
2014,2014-01-02,lowvol,49,5522,0.17411799598461838,decile
2014,2014-01-02,lowvol,50,1304,0.17472702470401716,decile
2014,2014-01-02,lowvol,51,2373,0.1755363780751961,decile
2014,2014-01-02,lowvol,52,2317,0.17728680519876922,decile
2014,2014-01-02,lowvol,53,5434,0.17732221250510938,decile
2014,2014-01-02,lowvol,54,1402,0.17777398346856368,decile
2014,2014-01-02,lowvol,55,6803,0.1781593414719296,decile
2014,2014-01-02,lowvol,56,2327,0.17846720374755703,decile
2014,2014-01-02,lowvol,57,2545,0.17878913078436218,decile
2014,2014-01-02,lowvol,58,2006,0.17908204013324086,decile
2014,2014-01-02,lowvol,59,5203,0.1794261282280165,decile
2014,2014-01-02,lowvol,60,2450,0.18230511177409173,decile
2014,2014-01-02,lowvol,61,2480,0.18256516354185737,decile
2014,2014-01-02,lowvol,62,3533,0.1827711401330959,decile
2014,2014-01-02,lowvol,63,2888,0.18320186043809425,decile
2014,2014-01-02,lowvol,64,6261,0.1838199139063365,decile
2014,2014-01-02,lowvol,65,5512,0.18396189608071709,decile
2014,2014-01-02,lowvol,66,2419,0.18405360210874763,decile
2014,2014-01-02,lowvol,67,2886,0.18502984638709724,decile
2014,2014-01-02,lowvol,68,2610,0.18518328314166593,decile
2014,2014-01-02,momentum,1,3474,8.499999999999998,decile
2014,2014-01-02,momentum,2,4401,4.626321974148061,decile
2014,2014-01-02,momentum,3,3229,4.603197674418604,decile
2014,2014-01-02,momentum,4,6116,4.044843049327355,decile
2014,2014-01-02,momentum,5,4703,3.8034934497816595,decile
2014,2014-01-02,momentum,6,3498,3.1820371129075777,decile
2014,2014-01-02,momentum,7,3570,3.135133332548678,decile
2014,2014-01-02,momentum,8,1476,3.13235068860467,decile
2014,2014-01-02,momentum,9,3665,3.1292407108239093,decile
2014,2014-01-02,momentum,10,2439,2.9307203089701246,decile
2014,2014-01-02,momentum,11,8416,2.8267263427109977,decile
2014,2014-01-02,momentum,12,8076,2.5852821591609056,decile
2014,2014-01-02,momentum,13,5474,2.5538574147269797,decile
2014,2014-01-02,momentum,14,1795,2.5133493205435657,decile
2014,2014-01-02,momentum,15,3089,2.492331478045764,decile
2014,2014-01-02,momentum,16,2375,2.460490463215259,decile
2014,2014-01-02,momentum,17,4934,2.3972911963882626,decile
2014,2014-01-02,momentum,18,1539,2.2460732984293195,decile
2014,2014-01-02,momentum,19,4965,2.1933491921263006,decile
2014,2014-01-02,momentum,20,1310,2.188405797101449,decile
2014,2014-01-02,momentum,21,1256,2.1641899238854654,decile
2014,2014-01-02,momentum,22,3257,2.1218901845371487,decile
2014,2014-01-02,momentum,23,1589,2.10690047034313,decile
2014,2014-01-02,momentum,24,1432,2.1066810077353635,decile
2014,2014-01-02,momentum,25,2206,2.0929555293191657,decile
2014,2014-01-02,momentum,26,2488,2.075241227277655,decile
2014,2014-01-02,momentum,27,8064,2.058608058608058,decile
2014,2014-01-02,momentum,28,3054,2.046979865771812,decile
2014,2014-01-02,momentum,29,1536,2.0118388182904314,decile
2014,2014-01-02,momentum,30,4947,1.9804967183770876,decile
2014,2014-01-02,momentum,31,2062,1.933872053872054,decile
2014,2014-01-02,momentum,32,3290,1.9304790770744402,decile
2014,2014-01-02,momentum,33,3259,1.9190283400809713,decile
2014,2014-01-02,momentum,34,6195,1.9042870360851238,decile
2014,2014-01-02,momentum,35,2497,1.8643957325649207,decile
2014,2014-01-02,momentum,36,5904,1.832881463890005,decile
2014,2014-01-02,momentum,37,3260,1.769249191713567,decile
2014,2014-01-02,momentum,38,3057,1.7606774375407364,decile
2014,2014-01-02,momentum,39,9951,1.709267213084007,decile
2014,2014-01-02,momentum,40,5306,1.6913765892135628,decile
2014,2014-01-02,momentum,41,3623,1.666303162486369,decile
2014,2014-01-02,momentum,42,3191,1.6442307692307692,decile
2014,2014-01-02,momentum,43,9938,1.6229619565217388,decile
2014,2014-01-02,momentum,44,3611,1.6092194674012852,decile
2014,2014-01-02,momentum,45,4432,1.6070524805882402,decile
2014,2014-01-02,momentum,46,3431,1.5901964075877122,decile
2014,2014-01-02,momentum,47,8215,1.5882352941176472,decile
2014,2014-01-02,momentum,48,3085,1.5574712643678161,decile
2014,2014-01-02,momentum,49,9910,1.5190468963423895,decile
2014,2014-01-02,momentum,50,3131,1.517976003730869,decile
2014,2014-01-02,momentum,51,8916,1.5158372407336098,decile
2014,2014-01-02,momentum,52,3297,1.501355013550136,decile
2014,2014-01-02,momentum,53,2431,1.4958402662229617,decile
2014,2014-01-02,momentum,54,3576,1.4818490425065378,decile
2014,2014-01-02,momentum,55,2640,1.4813211489157299,decile
2014,2014-01-02,momentum,56,9906,1.4737040539317454,decile
2014,2014-01-02,momentum,57,2233,1.4515347302715376,decile
2014,2014-01-02,momentum,58,2356,1.4386835982687134,decile
2014,2014-01-02,momentum,59,3494,1.4237076138688374,decile
2014,2014-01-02,momentum,60,6244,1.4145299145299148,decile
2014,2014-01-02,momentum,61,1323,1.4123219545054013,decile
2014,2014-01-02,momentum,62,1533,1.4043786956863697,decile
2014,2014-01-02,momentum,63,8261,1.3644251626898045,decile
2014,2014-01-02,momentum,64,3052,1.3448809155583055,decile
2014,2014-01-02,momentum,65,6284,1.3177570093457946,decile
2014,2014-01-02,momentum,66,1515,1.3121387283236992,decile
2014,2014-01-02,momentum,67,4743,1.2625570776255706,decile
2014,2014-01-02,momentum,68,4987,1.2613465866466615,decile
2014,2014-01-02,size,1,1799,776993600.0,decile
2014,2014-01-02,size,2,3191,918871984.8000001,decile
2014,2014-01-02,size,3,4414,929169956.0,decile
2014,2014-01-02,size,4,3085,1189486107.1,decile
2014,2014-01-02,size,5,8071,1264002773.0,decile
2014,2014-01-02,size,6,1539,1327011000.0,decile
2014,2014-01-02,size,7,2719,1379096000.0,decile
2014,2014-01-02,size,8,6283,1404905940.0,decile
2014,2014-01-02,size,9,6215,1407424781.0,decile
2014,2014-01-02,size,10,1730,1433295302.4,decile
2014,2014-01-02,size,11,3363,1464803736.0,decile
2014,2014-01-02,size,12,3548,1519069509.9,decile
2014,2014-01-02,size,13,1524,1521830011.9199998,decile
2014,2014-01-02,size,14,5438,1541750940.5,decile
2014,2014-01-02,size,15,3016,1544175350.8999999,decile
2014,2014-01-02,size,16,3324,1558370211.3,decile
2014,2014-01-02,size,17,5398,1649146369.5,decile
2014,2014-01-02,size,18,5474,1686489350.0,decile
2014,2014-01-02,size,19,2453,1695000000.0,decile
2014,2014-01-02,size,20,3537,1704332700.0,decile
2014,2014-01-02,size,21,3484,1710429644.0,decile
2014,2014-01-02,size,22,4510,1717120416.0,decile
2014,2014-01-02,size,23,4109,1720576624.8,decile
2014,2014-01-02,size,24,6237,1768300695.8999999,decile
2014,2014-01-02,size,25,3029,1771716783.1,decile
2014,2014-01-02,size,26,3306,1783921495.5,decile
2014,2014-01-02,size,27,3577,1784712112.55,decile
2014,2014-01-02,size,28,2375,1784932042.55,decile
2014,2014-01-02,size,29,5309,1785700285.1999998,decile
2014,2014-01-02,size,30,3027,1791605031.3,decile
2014,2014-01-02,size,31,1781,1791617198.8,decile
2014,2014-01-02,size,32,3094,1812393141.25,decile
2014,2014-01-02,size,33,1569,1818128966.5,decile
2014,2014-01-02,size,34,3294,1819423406.1,decile
2014,2014-01-02,size,35,3297,1847403372.5,decile
2014,2014-01-02,size,36,8086,1856865435.1,decile
2014,2014-01-02,size,37,3623,1858187500.0,decile
2014,2014-01-02,size,38,1466,1871892542.55,decile
2014,2014-01-02,size,39,3541,1879667080.2,decile
2014,2014-01-02,size,40,6187,1893985609.0,decile
2014,2014-01-02,size,41,2613,1895721300.0,decile
2014,2014-01-02,size,42,8074,1916761383.8,decile
2014,2014-01-02,size,43,8080,1936775991.4999998,decile
2014,2014-01-02,size,44,6163,1958055262.5,decile
2014,2014-01-02,size,45,2431,1963408147.8,decile
2014,2014-01-02,size,46,8099,1965600000.0,decile
2014,2014-01-02,size,47,6104,1990056232.0,decile
2014,2014-01-02,size,48,8088,2014677384.8000002,decile
2014,2014-01-02,size,49,4987,2016000000.0,decile
2014,2014-01-02,size,50,4523,2025600000.0,decile
2014,2014-01-02,size,51,3624,2037258287.0,decile
2014,2014-01-02,size,52,3419,2039485249.4,decile
2014,2014-01-02,size,53,3089,2045291987.2,decile
2014,2014-01-02,size,54,3664,2046868318.5,decile
2014,2014-01-02,size,55,6123,2047378673.2,decile
2014,2014-01-02,size,56,4912,2048230016.0,decile
2014,2014-01-02,size,57,3663,2065138580.8,decile
2014,2014-01-02,size,58,4728,2096825500.0,decile
2014,2014-01-02,size,59,3479,2097467137.5,decile
2014,2014-01-02,size,60,3362,2135754750.0,decile
2014,2014-01-02,size,61,5443,2138231378.3999999,decile
2014,2014-01-02,size,62,3234,2180487120.35,decile
2014,2014-01-02,size,63,2380,2199903894.0,decile
2014,2014-01-02,size,64,2924,2206545075.0,decile
2014,2014-01-02,size,65,8064,2239312570.2,decile
2014,2014-01-02,size,66,2399,2270775000.0,decile
2014,2014-01-02,value,1,2323,0.43,decile
2014,2014-01-02,value,2,3622,0.5,decile
2014,2014-01-02,value,3,1605,0.53,decile
2014,2014-01-02,value,4,3481,0.53,decile
2014,2014-01-02,value,5,2409,0.56,decile
2014,2014-01-02,value,6,2371,0.57,decile
2014,2014-01-02,value,7,2327,0.58,decile
2014,2014-01-02,value,8,8105,0.58,decile
2014,2014-01-02,value,9,2349,0.6,decile
2014,2014-01-02,value,10,2380,0.61,decile
2014,2014-01-02,value,11,2023,0.62,decile
2014,2014-01-02,value,12,2368,0.62,decile
2014,2014-01-02,value,13,2613,0.63,decile
2014,2014-01-02,value,14,3579,0.63,decile
2014,2014-01-02,value,15,2384,0.64,decile
2014,2014-01-02,value,16,1103,0.67,decile
2014,2014-01-02,value,17,1524,0.67,decile
2014,2014-01-02,value,18,3548,0.67,decile
2014,2014-01-02,value,19,2316,0.69,decile
2014,2014-01-02,value,20,3019,0.69,decile
2014,2014-01-02,value,21,3294,0.69,decile
2014,2014-01-02,value,22,2515,0.71,decile
2014,2014-01-02,value,23,8046,0.71,decile
2014,2014-01-02,value,24,1409,0.72,decile
2014,2014-01-02,value,25,1815,0.72,decile
2014,2014-01-02,value,26,2367,0.72,decile
2014,2014-01-02,value,27,6125,0.72,decile
2014,2014-01-02,value,28,1806,0.73,decile
2014,2014-01-02,value,29,1810,0.73,decile
2014,2014-01-02,value,30,2303,0.74,decile
2014,2014-01-02,value,31,2352,0.74,decile
2014,2014-01-02,value,32,3005,0.74,decile
2014,2014-01-02,value,33,5466,0.74,decile
2014,2014-01-02,value,34,1718,0.75,decile
2014,2014-01-02,value,35,4930,0.75,decile
2014,2014-01-02,value,36,2481,0.76,decile
2014,2014-01-02,value,37,2820,0.76,decile
2014,2014-01-02,value,38,8069,0.76,decile
2014,2014-01-02,value,39,1907,0.77,decile
2014,2014-01-02,value,40,2401,0.77,decile
2014,2014-01-02,value,41,3037,0.77,decile
2014,2014-01-02,value,42,3059,0.78,decile
2014,2014-01-02,value,43,2337,0.79,decile
2014,2014-01-02,value,44,2353,0.79,decile
2014,2014-01-02,value,45,8110,0.79,decile
2014,2014-01-02,value,46,8112,0.79,decile
2014,2014-01-02,value,47,4942,0.8,decile
2014,2014-01-02,value,48,5512,0.8,decile
2014,2014-01-02,value,49,2365,0.81,decile
2014,2014-01-02,value,50,3061,0.81,decile
2014,2014-01-02,value,51,5820,0.81,decile
2014,2014-01-02,value,52,2504,0.82,decile
2014,2014-01-02,value,53,1437,0.83,decile
2014,2014-01-02,value,54,1604,0.83,decile
2014,2014-01-02,value,55,2601,0.83,decile
2014,2014-01-02,value,56,2834,0.83,decile
2014,2014-01-02,value,57,8021,0.83,decile
2014,2014-01-02,value,58,8249,0.83,decile
2014,2014-01-02,value,59,2342,0.84,decile
2014,2014-01-02,value,60,2402,0.84,decile
2014,2014-01-02,value,61,2883,0.84,decile
2014,2014-01-02,value,62,8163,0.84,decile
2014,2014-01-02,value,63,1455,0.85,decile
2014,2014-01-02,value,64,1569,0.85,decile
2014,2014-01-02,value,65,2332,0.85,decile
2014,2014-01-02,value,66,2344,0.85,decile
2014,2014-01-02,value,67,2637,0.86,decile
2014,2014-01-02,value,68,6182,0.86,decile
2015,2015-01-05,lowvol,1,2820,0.06591328895918883,decile
2015,2015-01-05,lowvol,2,2412,0.06643974501152108,decile
2015,2015-01-05,lowvol,3,2889,0.07941754526152406,decile
2015,2015-01-05,lowvol,4,2834,0.09323727780889708,decile
2015,2015-01-05,lowvol,5,2812,0.09371469256178193,decile
2015,2015-01-05,lowvol,6,5880,0.09673077607880935,decile
2015,2015-01-05,lowvol,7,6023,0.10165268145827214,decile
2015,2015-01-05,lowvol,8,9917,0.10595739498567304,decile
2015,2015-01-05,lowvol,9,5820,0.11138539247428955,decile
2015,2015-01-05,lowvol,10,2845,0.11187996452631147,decile
2015,2015-01-05,lowvol,11,2637,0.11393442887942526,decile
2015,2015-01-05,lowvol,12,2892,0.12397263033863337,decile
2015,2015-01-05,lowvol,13,2373,0.12533422610742967,decile
2015,2015-01-05,lowvol,14,2002,0.12615090197374978,decile
2015,2015-01-05,lowvol,15,3703,0.13145390420338102,decile
2015,2015-01-05,lowvol,16,2888,0.13211499527586756,decile
2015,2015-01-05,lowvol,17,1229,0.13587495838573577,decile
2015,2015-01-05,lowvol,18,2880,0.13860945987142542,decile
2015,2015-01-05,lowvol,19,2006,0.1394834456671755,decile
2015,2015-01-05,lowvol,20,2504,0.14121598225524107,decile
2015,2015-01-05,lowvol,21,2890,0.14133518978268775,decile
2015,2015-01-05,lowvol,22,2841,0.14343598982741831,decile
2015,2015-01-05,lowvol,23,9937,0.14412427109094808,decile
2015,2015-01-05,lowvol,24,2847,0.14529079541080964,decile
2015,2015-01-05,lowvol,25,2886,0.14533126094262525,decile
2015,2015-01-05,lowvol,26,2856,0.14536137519100853,decile
2015,2015-01-05,lowvol,27,2501,0.14580189236322824,decile
2015,2015-01-05,lowvol,28,2104,0.1459172485743335,decile
2015,2015-01-05,lowvol,29,1102,0.14717629260257603,decile
2015,2015-01-05,lowvol,30,1722,0.14823223849499373,decile
2015,2015-01-05,lowvol,31,9941,0.14849686912749063,decile
2015,2015-01-05,lowvol,32,3045,0.1499725245620926,decile
2015,2015-01-05,lowvol,33,2801,0.15281721100705678,decile
2015,2015-01-05,lowvol,34,5508,0.15323085197282676,decile
2015,2015-01-05,lowvol,35,2908,0.15328778630319098,decile
2015,2015-01-05,lowvol,36,2102,0.15400590462121824,decile
2015,2015-01-05,lowvol,37,1904,0.15489450581638162,decile
2015,2015-01-05,lowvol,38,5203,0.15499013123947372,decile
2015,2015-01-05,lowvol,39,2707,0.15514198687953826,decile
2015,2015-01-05,lowvol,40,2208,0.15633327934909927,decile
2015,2015-01-05,lowvol,41,2884,0.1564507722831816,decile
2015,2015-01-05,lowvol,42,1402,0.1568224389700275,decile
2015,2015-01-05,lowvol,43,1301,0.1585207752964927,decile
2015,2015-01-05,lowvol,44,1313,0.15885584013477325,decile
2015,2015-01-05,lowvol,45,2867,0.15927345825854453,decile
2015,2015-01-05,lowvol,46,2515,0.15949096386888487,decile
2015,2015-01-05,lowvol,47,2605,0.16012549804170495,decile
2015,2015-01-05,lowvol,48,5530,0.16038043739035188,decile
2015,2015-01-05,lowvol,49,2538,0.16071298292278463,decile
2015,2015-01-05,lowvol,50,1712,0.1613115476953163,decile
2015,2015-01-05,lowvol,51,2887,0.16323610332526783,decile
2015,2015-01-05,lowvol,52,2606,0.16486052263158227,decile
2015,2015-01-05,lowvol,53,1234,0.16541340409770242,decile
2015,2015-01-05,lowvol,54,6505,0.1675674532329165,decile
2015,2015-01-05,lowvol,55,2023,0.16765555194801168,decile
2015,2015-01-05,lowvol,56,2809,0.16789395346363142,decile
2015,2015-01-05,lowvol,57,2855,0.16822491516163016,decile
2015,2015-01-05,lowvol,58,1326,0.16823142841734193,decile
2015,2015-01-05,lowvol,59,1227,0.16904765917950715,decile
2015,2015-01-05,lowvol,60,2903,0.1705622956502983,decile
2015,2015-01-05,lowvol,61,2883,0.17106197150349886,decile
2015,2015-01-05,lowvol,62,2107,0.17193547607517468,decile
2015,2015-01-05,lowvol,63,5512,0.17238859880188578,decile
2015,2015-01-05,lowvol,64,6412,0.17398402537367982,decile
2015,2015-01-05,lowvol,65,1723,0.17411549432481535,decile
2015,2015-01-05,lowvol,66,4113,0.17429496685363624,decile
2015,2015-01-05,lowvol,67,2201,0.17504688935658833,decile
2015,2015-01-05,lowvol,68,2204,0.17610516332706683,decile
2015,2015-01-05,lowvol,69,2392,0.17715501292015867,decile
2015,2015-01-05,lowvol,70,5434,0.17716742341495384,decile
2015,2015-01-05,momentum,1,2408,17.9119170984456,decile
2015,2015-01-05,momentum,2,3520,6.734806629834254,decile
2015,2015-01-05,momentum,3,3232,5.643248448360967,decile
2015,2015-01-05,momentum,4,5269,4.8075566006117265,decile
2015,2015-01-05,momentum,5,3490,4.479758184862215,decile
2015,2015-01-05,momentum,6,6259,4.435696228392546,decile
2015,2015-01-05,momentum,7,2327,3.951246632168669,decile
2015,2015-01-05,momentum,8,3529,3.775519791354496,decile
2015,2015-01-05,momentum,9,5202,3.5792563600782774,decile
2015,2015-01-05,momentum,10,5263,3.553140460491348,decile
2015,2015-01-05,momentum,11,3360,2.948015515230996,decile
2015,2015-01-05,momentum,12,8928,2.9384615384615387,decile
2015,2015-01-05,momentum,13,3541,2.7363201094391236,decile
2015,2015-01-05,momentum,14,6228,2.4999999999999996,decile
2015,2015-01-05,momentum,15,2231,2.3983685340248937,decile
2015,2015-01-05,momentum,16,3293,2.3792818198909567,decile
2015,2015-01-05,momentum,17,3289,1.924510542168675,decile
2015,2015-01-05,momentum,18,5505,1.816901408450704,decile
2015,2015-01-05,momentum,19,6179,1.8067845381058514,decile
2015,2015-01-05,momentum,20,1339,1.6745318137563716,decile
2015,2015-01-05,momentum,21,2368,1.6641791044776122,decile
2015,2015-01-05,momentum,22,4995,1.649054251672141,decile
2015,2015-01-05,momentum,23,8086,1.6423076923076927,decile
2015,2015-01-05,momentum,24,8234,1.637468780615694,decile
2015,2015-01-05,momentum,25,6104,1.5763440860215057,decile
2015,2015-01-05,momentum,26,3474,1.5602094240837694,decile
2015,2015-01-05,momentum,27,2329,1.545454545454545,decile
2015,2015-01-05,momentum,28,3533,1.5416699843405794,decile
2015,2015-01-05,momentum,29,8085,1.5123152709359609,decile
2015,2015-01-05,momentum,30,4733,1.4386193850141868,decile
2015,2015-01-05,momentum,31,3432,1.3800904977375565,decile
2015,2015-01-05,momentum,32,4161,1.3788262370540854,decile
2015,2015-01-05,momentum,33,5215,1.378761430841779,decile
2015,2015-01-05,momentum,34,2305,1.3692307692307693,decile
2015,2015-01-05,momentum,35,3048,1.3615625536101144,decile
2015,2015-01-05,momentum,36,3008,1.334965469943699,decile
2015,2015-01-05,momentum,37,3662,1.3180232280265738,decile
2015,2015-01-05,momentum,38,8349,1.3023616191339045,decile
2015,2015-01-05,momentum,39,1225,1.2785491993436313,decile
2015,2015-01-05,momentum,40,3018,1.2296140678493614,decile
2015,2015-01-05,momentum,41,3605,1.2265622144519304,decile
2015,2015-01-05,momentum,42,2352,1.2112462006079028,decile
2015,2015-01-05,momentum,43,3594,1.1996879504050422,decile
2015,2015-01-05,momentum,44,3623,1.1853109809298275,decile
2015,2015-01-05,momentum,45,2465,1.1647509578544066,decile
2015,2015-01-05,momentum,46,1729,1.160136286201022,decile
2015,2015-01-05,momentum,47,5603,1.1560140915953694,decile
2015,2015-01-05,momentum,48,2402,1.1528636002288888,decile
2015,2015-01-05,momentum,49,5481,1.1518987341772156,decile
2015,2015-01-05,momentum,50,3645,1.1346173759966867,decile
2015,2015-01-05,momentum,51,6223,1.1178318742429245,decile
2015,2015-01-05,momentum,52,2390,1.1128762541806019,decile
2015,2015-01-05,momentum,53,4938,1.1091069557063267,decile
2015,2015-01-05,momentum,54,3642,1.1043978890132733,decile
2015,2015-01-05,momentum,55,3285,1.102677569344236,decile
2015,2015-01-05,momentum,56,3580,1.0735524256651021,decile
2015,2015-01-05,momentum,57,2331,1.0706704164020686,decile
2015,2015-01-05,momentum,58,9944,1.0494725484258947,decile
2015,2015-01-05,momentum,59,4739,1.0430591040708568,decile
2015,2015-01-05,momentum,60,3055,1.0305569245933963,decile
2015,2015-01-05,momentum,61,4153,0.992628695374139,decile
2015,2015-01-05,momentum,62,6105,0.9898265211088293,decile
2015,2015-01-05,momentum,63,5274,0.9762740480739323,decile
2015,2015-01-05,momentum,64,5272,0.9462089924359229,decile
2015,2015-01-05,momentum,65,6243,0.9375,decile
2015,2015-01-05,momentum,66,3484,0.9279606257474668,decile
2015,2015-01-05,momentum,67,6175,0.9157081236520488,decile
2015,2015-01-05,momentum,68,2472,0.9084089909728146,decile
2015,2015-01-05,momentum,69,2615,0.8994895264918152,decile
2015,2015-01-05,momentum,70,3206,0.8839017696332088,decile
2015,2015-01-05,size,1,6241,621392945.6,decile
2015,2015-01-05,size,2,1732,621803970.0500001,decile
2015,2015-01-05,size,3,4735,634712243.1,decile
2015,2015-01-05,size,4,6113,640604845.0,decile
2015,2015-01-05,size,5,5487,649648044.6,decile
2015,2015-01-05,size,6,3580,669327872.4,decile
2015,2015-01-05,size,7,8171,974844613.5999999,decile
2015,2015-01-05,size,8,3202,1005546796.8000001,decile
2015,2015-01-05,size,9,3206,1038476225.0,decile
2015,2015-01-05,size,10,3018,1134892400.0,decile
2015,2015-01-05,size,11,3642,1165924135.0,decile
2015,2015-01-05,size,12,2482,1198000195.7,decile
2015,2015-01-05,size,13,5202,1223245800.0,decile
2015,2015-01-05,size,14,6170,1227077497.8,decile
2015,2015-01-05,size,15,5460,1238950916.0,decile
2015,2015-01-05,size,16,2465,1243225383.2,decile
2015,2015-01-05,size,17,3537,1290423330.0,decile
2015,2015-01-05,size,18,3360,1383450060.0,decile
2015,2015-01-05,size,19,8410,1408684200.0,decile
2015,2015-01-05,size,20,8085,1429468329.78,decile
2015,2015-01-05,size,21,3054,1452440247.2,decile
2015,2015-01-05,size,22,6228,1459569258.5,decile
2015,2015-01-05,size,23,2302,1466243188.29,decile
2015,2015-01-05,size,24,8277,1484387094.6,decile
2015,2015-01-05,size,25,8080,1494203953.4,decile
2015,2015-01-05,size,26,1730,1545605755.1999998,decile
2015,2015-01-05,size,27,3325,1557372651.2,decile
2015,2015-01-05,size,28,5474,1571808074.2,decile
2015,2015-01-05,size,29,5603,1614978156.1,decile
2015,2015-01-05,size,30,2488,1699987951.25,decile
2015,2015-01-05,size,31,3455,1725629062.5,decile
2015,2015-01-05,size,32,2025,1727162167.5,decile
2015,2015-01-05,size,33,3432,1752214200.0,decile
2015,2015-01-05,size,34,6208,1761164594.1000001,decile
2015,2015-01-05,size,35,3232,1774114013.0,decile
2015,2015-01-05,size,36,3303,1780639561.8,decile
2015,2015-01-05,size,37,4995,1787138680.0,decile
2015,2015-01-05,size,38,2413,1802132680.0,decile
2015,2015-01-05,size,39,3016,1802320166.3999999,decile
2015,2015-01-05,size,40,4939,1810140775.5000002,decile
2015,2015-01-05,size,41,5014,1810396941.3,decile
2015,2015-01-05,size,42,6259,1816942531.8,decile
2015,2015-01-05,size,43,3593,1843348998.3000002,decile
2015,2015-01-05,size,44,3526,1859230557.6,decile
2015,2015-01-05,size,45,6163,1867844540.6000001,decile
2015,2015-01-05,size,46,6243,1889972094.3000002,decile
2015,2015-01-05,size,47,3169,1893537620.9,decile
2015,2015-01-05,size,48,3027,1894686978.8000002,decile
2015,2015-01-05,size,49,8928,1912110964.0,decile
2015,2015-01-05,size,50,3390,1938958651.35,decile
2015,2015-01-05,size,51,3548,1941173683.1999998,decile
2015,2015-01-05,size,52,5481,1960230103.6499999,decile
2015,2015-01-05,size,53,3546,1981452247.6,decile
2015,2015-01-05,size,54,4984,2002848572.3,decile
2015,2015-01-05,size,55,3615,2015187817.6000001,decile
2015,2015-01-05,size,56,6215,2020068509.1999998,decile
2015,2015-01-05,size,57,4721,2020880892.8,decile
2015,2015-01-05,size,58,6179,2033839019.3,decile
2015,2015-01-05,size,59,3588,2035355339.9999998,decile
2015,2015-01-05,size,60,3221,2043761416.0000002,decile
2015,2015-01-05,size,61,8155,2043954500.0000002,decile
2015,2015-01-05,size,62,1325,2061798371.55,decile
2015,2015-01-05,size,63,5443,2086290535.2,decile
2015,2015-01-05,size,64,3004,2134625655.0,decile
2015,2015-01-05,size,65,3285,2137096747.8000002,decile
2015,2015-01-05,size,66,1799,2137896645.3000002,decile
2015,2015-01-05,size,67,4971,2145049120.5,decile
2015,2015-01-05,size,68,2305,2149155642.1499996,decile
2015,2015-01-05,value,1,2323,0.42,decile
2015,2015-01-05,value,2,3622,0.45,decile
2015,2015-01-05,value,3,2349,0.53,decile
2015,2015-01-05,value,4,5469,0.54,decile
2015,2015-01-05,value,5,3703,0.56,decile
2015,2015-01-05,value,6,3706,0.56,decile
2015,2015-01-05,value,7,1605,0.57,decile
2015,2015-01-05,value,8,2023,0.58,decile
2015,2015-01-05,value,9,2371,0.58,decile
2015,2015-01-05,value,10,1907,0.59,decile
2015,2015-01-05,value,11,2492,0.6,decile
2015,2015-01-05,value,12,1718,0.61,decile
2015,2015-01-05,value,13,2515,0.63,decile
2015,2015-01-05,value,14,8069,0.66,decile
2015,2015-01-05,value,15,8163,0.66,decile
2015,2015-01-05,value,16,1810,0.68,decile
2015,2015-01-05,value,17,2362,0.68,decile
2015,2015-01-05,value,18,6120,0.68,decile
2015,2015-01-05,value,19,2504,0.69,decile
2015,2015-01-05,value,20,1409,0.7,decile
2015,2015-01-05,value,21,2841,0.7,decile
2015,2015-01-05,value,22,1313,0.71,decile
2015,2015-01-05,value,23,8046,0.71,decile
2015,2015-01-05,value,24,2820,0.72,decile
2015,2015-01-05,value,25,3481,0.72,decile
2015,2015-01-05,value,26,6116,0.72,decile
2015,2015-01-05,value,27,1815,0.73,decile
2015,2015-01-05,value,28,2316,0.73,decile
2015,2015-01-05,value,29,2601,0.73,decile
2015,2015-01-05,value,30,2856,0.73,decile
2015,2015-01-05,value,31,3514,0.73,decile
2015,2015-01-05,value,32,8105,0.75,decile
2015,2015-01-05,value,33,1904,0.76,decile
2015,2015-01-05,value,34,2363,0.76,decile
2015,2015-01-05,value,35,2637,0.76,decile
2015,2015-01-05,value,36,2889,0.76,decile
2015,2015-01-05,value,37,5820,0.76,decile
2015,2015-01-05,value,38,5512,0.77,decile
2015,2015-01-05,value,39,3005,0.78,decile
2015,2015-01-05,value,40,3615,0.78,decile
2015,2015-01-05,value,41,3686,0.78,decile
2015,2015-01-05,value,42,6015,0.78,decile
2015,2015-01-05,value,43,2367,0.79,decile
2015,2015-01-05,value,44,2374,0.79,decile
2015,2015-01-05,value,45,2834,0.79,decile
2015,2015-01-05,value,46,3548,0.79,decile
2015,2015-01-05,value,47,2405,0.8,decile
2015,2015-01-05,value,48,1909,0.81,decile
2015,2015-01-05,value,49,2204,0.81,decile
2015,2015-01-05,value,50,2457,0.81,decile
2015,2015-01-05,value,51,2481,0.81,decile
2015,2015-01-05,value,52,6005,0.81,decile
2015,2015-01-05,value,53,2401,0.82,decile
2015,2015-01-05,value,54,3037,0.82,decile
2015,2015-01-05,value,55,2359,0.83,decile
2015,2015-01-05,value,56,2812,0.83,decile
2015,2015-01-05,value,57,6182,0.83,decile
2015,2015-01-05,value,58,1229,0.84,decile
2015,2015-01-05,value,59,1402,0.84,decile
2015,2015-01-05,value,60,2847,0.84,decile
2015,2015-01-05,value,61,5014,0.84,decile
2015,2015-01-05,value,62,1604,0.85,decile
2015,2015-01-05,value,63,2506,0.85,decile
2015,2015-01-05,value,64,2845,0.85,decile
2015,2015-01-05,value,65,3704,0.85,decile
2015,2015-01-05,value,66,2369,0.86,decile
2015,2015-01-05,value,67,3202,0.86,decile
2015,2015-01-05,value,68,5522,0.86,decile
2015,2015-01-05,value,69,2025,0.87,decile
2015,2015-01-05,value,70,2303,0.87,decile
2007,2007-01-02,lowvol,1,2412,0.13454518833251589,top10
2007,2007-01-02,lowvol,2,6505,0.13779075862590728,top10
2007,2007-01-02,lowvol,3,1326,0.13992031884091558,top10
2007,2007-01-02,lowvol,4,2889,0.14284067906081138,top10
2007,2007-01-02,lowvol,5,1301,0.14499113058972027,top10
2007,2007-01-02,lowvol,6,1303,0.17182387509222374,top10
2007,2007-01-02,lowvol,7,2880,0.18855077335589357,top10
2007,2007-01-02,lowvol,8,2892,0.18877799096414924,top10
2007,2007-01-02,lowvol,9,2002,0.19249919323808026,top10
2007,2007-01-02,lowvol,10,1477,0.1957150666286292,top10
2007,2007-01-02,momentum,1,8068,23.77777777777778,top10
2007,2007-01-02,momentum,2,3228,11.63843648208469,top10
2007,2007-01-02,momentum,3,3083,6.6158940397351,top10
2007,2007-01-02,momentum,4,2425,5.965601965601965,top10
2007,2007-01-02,momentum,5,6101,5.151515151515152,top10
2007,2007-01-02,momentum,6,3085,5.028268551236748,top10
2007,2007-01-02,momentum,7,2601,5.019184652278178,top10
2007,2007-01-02,momentum,8,2527,4.958590398045786,top10
2007,2007-01-02,momentum,9,2506,3.875,top10
2007,2007-01-02,momentum,10,2538,3.8552076853963646,top10
2007,2007-01-02,size,1,3086,985628650.0,top10
2007,2007-01-02,size,2,8088,1077766209.5,top10
2007,2007-01-02,size,3,6179,1224745000.0,top10
2007,2007-01-02,size,4,3025,1365938907.3000002,top10
2007,2007-01-02,size,5,8277,1455308160.6,top10
2007,2007-01-02,size,6,8096,1840798483.75,top10
2007,2007-01-02,size,7,6167,1874572473.1000001,top10
2007,2007-01-02,size,8,6101,1889006500.0000002,top10
2007,2007-01-02,size,9,6190,1894290294.8000002,top10
2007,2007-01-02,size,10,2543,1989238992.6,top10
2007,2007-01-02,value,1,2831,0.46,top10
2007,2007-01-02,value,2,2396,0.47,top10
2007,2007-01-02,value,3,2349,0.48,top10
2007,2007-01-02,value,4,3050,0.55,top10
2007,2007-01-02,value,5,2515,0.6,top10
2007,2007-01-02,value,6,2887,0.65,top10
2007,2007-01-02,value,7,1104,0.66,top10
2007,2007-01-02,value,8,1409,0.67,top10
2007,2007-01-02,value,9,1718,0.68,top10
2007,2007-01-02,value,10,2323,0.68,top10
2008,2008-01-02,lowvol,1,2820,0.20268615781967173,top10
2008,2008-01-02,lowvol,2,2892,0.2109657514281712,top10
2008,2008-01-02,lowvol,3,4904,0.21626633976306772,top10
2008,2008-01-02,lowvol,4,2886,0.21799154100321042,top10
2008,2008-01-02,lowvol,5,2464,0.21907413711696364,top10
2008,2008-01-02,lowvol,6,2834,0.22374924104392158,top10
2008,2008-01-02,lowvol,7,2404,0.22788810681413063,top10
2008,2008-01-02,lowvol,8,5854,0.22815850222986292,top10
2008,2008-01-02,lowvol,9,2889,0.22992285982991603,top10
2008,2008-01-02,lowvol,10,2884,0.2301287144406422,top10
2008,2008-01-02,momentum,1,2458,3.566217336567692,top10
2008,2008-01-02,momentum,2,3443,2.7939976773076145,top10
2008,2008-01-02,momentum,3,1519,2.577359406881517,top10
2008,2008-01-02,momentum,4,2707,2.545314295990232,top10
2008,2008-01-02,momentum,5,2485,2.39687639804324,top10
2008,2008-01-02,momentum,6,2497,2.297435897435897,top10
2008,2008-01-02,momentum,7,2617,1.9664429530201337,top10
2008,2008-01-02,momentum,8,8105,1.9494393175576405,top10
2008,2008-01-02,momentum,9,2612,1.7709398186805916,top10
2008,2008-01-02,momentum,10,2601,1.7599164926931103,top10
2008,2008-01-02,size,1,1529,1448757460.3999999,top10
2008,2008-01-02,size,2,1731,1715518666.8,top10
2008,2008-01-02,size,3,4106,1743700000.0,top10
2008,2008-01-02,size,4,1514,1875955231.29,top10
2008,2008-01-02,size,5,2406,2104391210.3500001,top10
2008,2008-01-02,size,6,1467,2160341043.0,top10
2008,2008-01-02,size,7,3050,2167110514.8,top10
2008,2008-01-02,size,8,6269,2258145293.0,top10
2008,2008-01-02,size,9,2437,2322898809.0,top10
2008,2008-01-02,size,10,1537,2435400000.0,top10
2008,2008-01-02,value,1,2349,0.46,top10
2008,2008-01-02,value,2,2887,0.46,top10
2008,2008-01-02,value,3,2022,0.52,top10
2008,2008-01-02,value,4,3050,0.55,top10
2008,2008-01-02,value,5,2396,0.6,top10
2008,2008-01-02,value,6,1447,0.62,top10
2008,2008-01-02,value,7,2323,0.62,top10
2008,2008-01-02,value,8,1104,0.64,top10
2008,2008-01-02,value,9,2344,0.64,top10
2008,2008-01-02,value,10,2515,0.64,top10
2009,2009-01-05,lowvol,1,2908,0.230243638889089,top10
2009,2009-01-05,lowvol,2,1715,0.268555628081326,top10
2009,2009-01-05,lowvol,3,2020,0.29282609600414994,top10
2009,2009-01-05,lowvol,4,2412,0.3011295700987062,top10
2009,2009-01-05,lowvol,5,4904,0.3020269012117847,top10
2009,2009-01-05,lowvol,6,1716,0.3048151611082878,top10
2009,2009-01-05,lowvol,7,8924,0.3095930633853959,top10
2009,2009-01-05,lowvol,8,3045,0.3234937480940792,top10
2009,2009-01-05,lowvol,9,1729,0.32560636868847515,top10
2009,2009-01-05,lowvol,10,1565,0.3268553293578306,top10
2009,2009-01-05,momentum,1,2033,2.32559417050886,top10
2009,2009-01-05,momentum,2,1516,2.297872340425532,top10
2009,2009-01-05,momentum,3,5607,0.6455299372361949,top10
2009,2009-01-05,momentum,4,2613,0.5156249999999998,top10
2009,2009-01-05,momentum,5,1227,0.49201112779733625,top10
2009,2009-01-05,momentum,6,1538,0.35534591194968534,top10
2009,2009-01-05,momentum,7,4120,0.34248766645518014,top10
2009,2009-01-05,momentum,8,4119,0.2842599843382929,top10
2009,2009-01-05,momentum,9,9939,0.25803526538820654,top10
2009,2009-01-05,momentum,10,9921,0.24382820476182343,top10
2009,2009-01-05,size,1,5211,505962978.90000004,top10
2009,2009-01-05,size,2,6187,709136683.2,top10
2009,2009-01-05,size,3,3288,723576808.35,top10
2009,2009-01-05,size,4,3490,790472078.0,top10
2009,2009-01-05,size,5,1721,805980864.0,top10
2009,2009-01-05,size,6,1410,832500000.0,top10
2009,2009-01-05,size,7,5013,838411100.0,top10
2009,2009-01-05,size,8,6265,849451308.8,top10
2009,2009-01-05,size,9,6289,897752498.4,top10
2009,2009-01-05,size,10,3086,910318600.0,top10
2009,2009-01-05,value,1,2887,0.21,top10
2009,2009-01-05,value,2,6120,0.22,top10
2009,2009-01-05,value,3,2384,0.26,top10
2009,2009-01-05,value,4,3095,0.26,top10
2009,2009-01-05,value,5,2344,0.27,top10
2009,2009-01-05,value,6,2492,0.27,top10
2009,2009-01-05,value,7,2204,0.28,top10
2009,2009-01-05,value,8,2316,0.29,top10
2009,2009-01-05,value,9,2349,0.29,top10
2009,2009-01-05,value,10,3063,0.29,top10
2010,2010-01-04,lowvol,1,2412,0.14183937445352848,top10
2010,2010-01-04,lowvol,2,3045,0.20747503150504484,top10
2010,2010-01-04,lowvol,3,4904,0.20990823648432821,top10
2010,2010-01-04,lowvol,4,8926,0.23353029655580385,top10
2010,2010-01-04,lowvol,5,2912,0.2381106143807103,top10
2010,2010-01-04,lowvol,6,1723,0.25562342526024234,top10
2010,2010-01-04,lowvol,7,2908,0.2589891380470301,top10
2010,2010-01-04,lowvol,8,9917,0.2666354566958635,top10
2010,2010-01-04,lowvol,9,6505,0.2724546411073474,top10
2010,2010-01-04,lowvol,10,9937,0.27546473340373745,top10
2010,2010-01-04,momentum,1,2406,10.844262295081966,top10
2010,2010-01-04,momentum,2,6143,9.178460903651745,top10
2010,2010-01-04,momentum,3,6120,7.485477178423237,top10
2010,2010-01-04,momentum,4,3533,6.30170085668807,top10
2010,2010-01-04,momentum,5,2499,6.117117117117117,top10
2010,2010-01-04,momentum,6,2455,5.888946955840082,top10
2010,2010-01-04,momentum,7,6145,5.703980099502488,top10
2010,2010-01-04,momentum,8,6169,5.60574575367412,top10
2010,2010-01-04,momentum,9,3260,5.532188841201715,top10
2010,2010-01-04,momentum,10,8069,5.395591918263654,top10
2010,2010-01-04,size,1,6151,1365978550.0,top10
2010,2010-01-04,size,2,5403,1377632650.0,top10
2010,2010-01-04,size,3,3128,1398599999.9999998,top10
2010,2010-01-04,size,4,6226,1424216143.35,top10
2010,2010-01-04,size,5,3402,1456720423.5,top10
2010,2010-01-04,size,6,5443,1543798601.5,top10
2010,2010-01-04,size,7,3011,1634429139.5,top10
2010,2010-01-04,size,8,6283,1639341319.1999998,top10
2010,2010-01-04,size,9,3025,1649842562.5,top10
2010,2010-01-04,size,10,5205,1675604000.0,top10
2010,2010-01-04,value,1,2887,0.46,top10
2010,2010-01-04,value,2,1618,0.56,top10
2010,2010-01-04,value,3,2323,0.56,top10
2010,2010-01-04,value,4,2312,0.65,top10
2010,2010-01-04,value,5,1902,0.66,top10
2010,2010-01-04,value,6,1605,0.67,top10
2010,2010-01-04,value,7,1718,0.7,top10
2010,2010-01-04,value,8,2614,0.7,top10
2010,2010-01-04,value,9,2820,0.7,top10
2010,2010-01-04,value,10,2475,0.71,top10
2011,2011-01-03,lowvol,1,2412,0.11020345083668884,top10
2011,2011-01-03,lowvol,2,4904,0.12836501878426884,top10
2011,2011-01-03,lowvol,3,3045,0.13156128703002973,top10
2011,2011-01-03,lowvol,4,2820,0.13990195501279085,top10
2011,2011-01-03,lowvol,5,5608,0.14982909743176687,top10
2011,2011-01-03,lowvol,6,2002,0.15917368902855303,top10
2011,2011-01-03,lowvol,7,2605,0.1675947881140445,top10
2011,2011-01-03,lowvol,8,2450,0.17034647287334526,top10
2011,2011-01-03,lowvol,9,2612,0.17853269275173647,top10
2011,2011-01-03,lowvol,10,2330,0.18156044263737178,top10
2011,2011-01-03,momentum,1,8287,7.287754164753039,top10
2011,2011-01-03,momentum,2,3406,5.272545090180361,top10
2011,2011-01-03,momentum,3,5356,3.480171614100186,top10
2011,2011-01-03,momentum,4,5530,3.3485254691689006,top10
2011,2011-01-03,momentum,5,1466,3.04180128435244,top10
2011,2011-01-03,momentum,6,6175,2.9481707317073167,top10
2011,2011-01-03,momentum,7,2049,2.786588145896656,top10
2011,2011-01-03,momentum,8,3206,2.4628829318907592,top10
2011,2011-01-03,momentum,9,1213,2.0765027322404372,top10
2011,2011-01-03,momentum,10,4725,2.0574989658459386,top10
2011,2011-01-03,size,1,3232,721325715.25,top10
2011,2011-01-03,size,2,6275,1081276339.0,top10
2011,2011-01-03,size,3,3206,1275915426.0,top10
2011,2011-01-03,size,4,4127,1311024000.0,top10
2011,2011-01-03,size,5,6113,1342911465.0,top10
2011,2011-01-03,size,6,1213,1364090574.0,top10
2011,2011-01-03,size,7,4111,1424090566.8,top10
2011,2011-01-03,size,8,4109,1431090324.0,top10
2011,2011-01-03,size,9,2471,1443138977.0,top10
2011,2011-01-03,size,10,2364,1447406089.2,top10
2011,2011-01-03,value,1,2475,0.56,top10
2011,2011-01-03,value,2,2323,0.59,top10
2011,2011-01-03,value,3,1618,0.64,top10
2011,2011-01-03,value,4,2023,0.64,top10
2011,2011-01-03,value,5,2331,0.64,top10
2011,2011-01-03,value,6,1604,0.68,top10
2011,2011-01-03,value,7,2315,0.68,top10
2011,2011-01-03,value,8,2887,0.68,top10
2011,2011-01-03,value,9,2312,0.71,top10
2011,2011-01-03,value,10,2377,0.72,top10
2012,2012-01-02,lowvol,1,9917,0.12259239414899427,top10
2012,2012-01-02,lowvol,2,2412,0.13571570556761772,top10
2012,2012-01-02,lowvol,3,9925,0.1481665568561021,top10
2012,2012-01-02,lowvol,4,9937,0.14840732602088677,top10
2012,2012-01-02,lowvol,5,6281,0.15450015457575536,top10
2012,2012-01-02,lowvol,6,1477,0.1626177798921594,top10
2012,2012-01-02,lowvol,7,8926,0.16395709790188404,top10
2012,2012-01-02,lowvol,8,2002,0.16647220486749426,top10
2012,2012-01-02,lowvol,9,5608,0.18047411021613577,top10
2012,2012-01-02,lowvol,10,1451,0.18582993531886435,top10
2012,2012-01-02,momentum,1,6107,9.339462517680337,top10
2012,2012-01-02,momentum,2,3126,3.033333333333333,top10
2012,2012-01-02,momentum,3,6276,2.3361344537815127,top10
2012,2012-01-02,momentum,4,8078,1.5063388126292958,top10
2012,2012-01-02,momentum,5,5398,1.2864094442844802,top10
2012,2012-01-02,momentum,6,2049,1.2458151128358566,top10
2012,2012-01-02,momentum,7,1724,1.0392989909718535,top10
2012,2012-01-02,momentum,8,6176,1.0138426044603945,top10
2012,2012-01-02,momentum,9,2114,1.0123005737429254,top10
2012,2012-01-02,momentum,10,2450,0.9808568856375248,top10
2012,2012-01-02,size,1,5205,429377800.00000006,top10
2012,2012-01-02,size,2,2471,689906794.0,top10
2012,2012-01-02,size,3,3521,706698045.0,top10
2012,2012-01-02,size,4,2221,767892500.0000001,top10
2012,2012-01-02,size,5,3535,785978150.0,top10
2012,2012-01-02,size,6,3623,794732500.0,top10
2012,2012-01-02,size,7,3537,834775200.0,top10
2012,2012-01-02,size,8,6276,844449331.1999999,top10
2012,2012-01-02,size,9,1441,870870000.0,top10
2012,2012-01-02,size,10,5410,914995416.5999999,top10
2012,2012-01-02,value,1,2475,0.22,top10
2012,2012-01-02,value,2,5346,0.25,top10
2012,2012-01-02,value,3,6116,0.26,top10
2012,2012-01-02,value,4,2331,0.35,top10
2012,2012-01-02,value,5,2492,0.36,top10
2012,2012-01-02,value,6,3481,0.38,top10
2012,2012-01-02,value,7,8105,0.39,top10
2012,2012-01-02,value,8,2887,0.4,top10
2012,2012-01-02,value,9,2323,0.41,top10
2012,2012-01-02,value,10,2344,0.42,top10
2013,2013-01-02,lowvol,1,2412,0.09773536888422239,top10
2013,2013-01-02,lowvol,2,1904,0.13945119707003314,top10
2013,2013-01-02,lowvol,3,2002,0.13981237773315744,top10
2013,2013-01-02,lowvol,4,5007,0.14188416127877435,top10
2013,2013-01-02,lowvol,5,2208,0.14360105881587987,top10
2013,2013-01-02,lowvol,6,5533,0.14490786908126635,top10
2013,2013-01-02,lowvol,7,1535,0.14590347167781037,top10
2013,2013-01-02,lowvol,8,6184,0.14819695324796783,top10
2013,2013-01-02,lowvol,9,1503,0.14862512783705986,top10
2013,2013-01-02,lowvol,10,6023,0.14925766468432392,top10
2013,2013-01-02,momentum,1,3176,4.753599695079249,top10
2013,2013-01-02,momentum,2,3373,2.6971993745278575,top10
2013,2013-01-02,momentum,3,5306,1.80327868852459,top10
2013,2013-01-02,momentum,4,1566,1.7078189300411522,top10
2013,2013-01-02,momentum,5,2314,1.5977653631284916,top10
2013,2013-01-02,momentum,6,4912,1.5117355199084357,top10
2013,2013-01-02,momentum,7,3587,1.5005410552742071,top10
2013,2013-01-02,momentum,8,4933,1.446593406593407,top10
2013,2013-01-02,momentum,9,1476,1.4246134513687796,top10
2013,2013-01-02,momentum,10,1781,1.4117647058823528,top10
2013,2013-01-02,size,1,3073,274821251.25,top10
2013,2013-01-02,size,2,1799,490028000.0,top10
2013,2013-01-02,size,3,1316,658299143.3,top10
2013,2013-01-02,size,4,3236,662316802.65,top10
2013,2013-01-02,size,5,3489,763330931.5,top10
2013,2013-01-02,size,6,8088,779763043.1999999,top10
2013,2013-01-02,size,7,4903,868519830.0,top10
2013,2013-01-02,size,8,1435,929537532.0,top10
2013,2013-01-02,size,9,8080,994245889.4999999,top10
2013,2013-01-02,size,10,3557,1045096228.0000001,top10
2013,2013-01-02,value,1,6116,0.34,top10
2013,2013-01-02,value,2,2492,0.36,top10
2013,2013-01-02,value,3,2323,0.4,top10
2013,2013-01-02,value,4,2349,0.41,top10
2013,2013-01-02,value,5,2887,0.45,top10
2013,2013-01-02,value,6,3080,0.45,top10
2013,2013-01-02,value,7,2368,0.46,top10
2013,2013-01-02,value,8,5466,0.49,top10
2013,2013-01-02,value,9,8105,0.49,top10
2013,2013-01-02,value,10,2312,0.52,top10
2014,2014-01-02,lowvol,1,5880,0.10439920326415124,top10
2014,2014-01-02,lowvol,2,2820,0.11083454459222203,top10
2014,2014-01-02,lowvol,3,2412,0.11237491000030783,top10
2014,2014-01-02,lowvol,4,2812,0.12025834457645493,top10
2014,2014-01-02,lowvol,5,3036,0.12190142805741812,top10
2014,2014-01-02,lowvol,6,2104,0.12452424224106423,top10
2014,2014-01-02,lowvol,7,2908,0.12508932785791504,top10
2014,2014-01-02,lowvol,8,9917,0.12598394427115892,top10
2014,2014-01-02,lowvol,9,2441,0.12694682952892825,top10
2014,2014-01-02,lowvol,10,2892,0.13149167156449712,top10
2014,2014-01-02,momentum,1,3474,8.499999999999998,top10
2014,2014-01-02,momentum,2,4401,4.626321974148061,top10
2014,2014-01-02,momentum,3,3229,4.603197674418604,top10
2014,2014-01-02,momentum,4,6116,4.044843049327355,top10
2014,2014-01-02,momentum,5,4703,3.8034934497816595,top10
2014,2014-01-02,momentum,6,3498,3.1820371129075777,top10
2014,2014-01-02,momentum,7,3570,3.135133332548678,top10
2014,2014-01-02,momentum,8,1476,3.13235068860467,top10
2014,2014-01-02,momentum,9,3665,3.1292407108239093,top10
2014,2014-01-02,momentum,10,2439,2.9307203089701246,top10
2014,2014-01-02,size,1,1799,776993600.0,top10
2014,2014-01-02,size,2,3191,918871984.8000001,top10
2014,2014-01-02,size,3,4414,929169956.0,top10
2014,2014-01-02,size,4,3085,1189486107.1,top10
2014,2014-01-02,size,5,8071,1264002773.0,top10
2014,2014-01-02,size,6,1539,1327011000.0,top10
2014,2014-01-02,size,7,2719,1379096000.0,top10
2014,2014-01-02,size,8,6283,1404905940.0,top10
2014,2014-01-02,size,9,6215,1407424781.0,top10
2014,2014-01-02,size,10,1730,1433295302.4,top10
2014,2014-01-02,value,1,2323,0.43,top10
2014,2014-01-02,value,2,3622,0.5,top10
2014,2014-01-02,value,3,1605,0.53,top10
2014,2014-01-02,value,4,3481,0.53,top10
2014,2014-01-02,value,5,2409,0.56,top10
2014,2014-01-02,value,6,2371,0.57,top10
2014,2014-01-02,value,7,2327,0.58,top10
2014,2014-01-02,value,8,8105,0.58,top10
2014,2014-01-02,value,9,2349,0.6,top10
2014,2014-01-02,value,10,2380,0.61,top10
2015,2015-01-05,lowvol,1,2820,0.06591328895918883,top10
2015,2015-01-05,lowvol,2,2412,0.06643974501152108,top10
2015,2015-01-05,lowvol,3,2889,0.07941754526152406,top10
2015,2015-01-05,lowvol,4,2834,0.09323727780889708,top10
2015,2015-01-05,lowvol,5,2812,0.09371469256178193,top10
2015,2015-01-05,lowvol,6,5880,0.09673077607880935,top10
2015,2015-01-05,lowvol,7,6023,0.10165268145827214,top10
2015,2015-01-05,lowvol,8,9917,0.10595739498567304,top10
2015,2015-01-05,lowvol,9,5820,0.11138539247428955,top10
2015,2015-01-05,lowvol,10,2845,0.11187996452631147,top10
2015,2015-01-05,momentum,1,2408,17.9119170984456,top10
2015,2015-01-05,momentum,2,3520,6.734806629834254,top10
2015,2015-01-05,momentum,3,3232,5.643248448360967,top10
2015,2015-01-05,momentum,4,5269,4.8075566006117265,top10
2015,2015-01-05,momentum,5,3490,4.479758184862215,top10
2015,2015-01-05,momentum,6,6259,4.435696228392546,top10
2015,2015-01-05,momentum,7,2327,3.951246632168669,top10
2015,2015-01-05,momentum,8,3529,3.775519791354496,top10
2015,2015-01-05,momentum,9,5202,3.5792563600782774,top10
2015,2015-01-05,momentum,10,5263,3.553140460491348,top10
2015,2015-01-05,size,1,6241,621392945.6,top10
2015,2015-01-05,size,2,1732,621803970.0500001,top10
2015,2015-01-05,size,3,4735,634712243.1,top10
2015,2015-01-05,size,4,6113,640604845.0,top10
2015,2015-01-05,size,5,5487,649648044.6,top10
2015,2015-01-05,size,6,3580,669327872.4,top10
2015,2015-01-05,size,7,8171,974844613.5999999,top10
2015,2015-01-05,size,8,3202,1005546796.8000001,top10
2015,2015-01-05,size,9,3206,1038476225.0,top10
2015,2015-01-05,size,10,3018,1134892400.0,top10
2015,2015-01-05,value,1,2323,0.42,top10
2015,2015-01-05,value,2,3622,0.45,top10
2015,2015-01-05,value,3,2349,0.53,top10
2015,2015-01-05,value,4,5469,0.54,top10
2015,2015-01-05,value,5,3703,0.56,top10
2015,2015-01-05,value,6,3706,0.56,top10
2015,2015-01-05,value,7,1605,0.57,top10
2015,2015-01-05,value,8,2023,0.58,top10
2015,2015-01-05,value,9,2371,0.58,top10
2015,2015-01-05,value,10,1907,0.59,top10
