date,stock_id,side,amount,cost,reason,portfolio,factor
2007-01-02,2425,buy,0.02170246506364302,5.110930522487931e-05,再平衡買進,decile,momentum
2007-01-02,2601,buy,0.02170246506364302,5.110930522487931e-05,再平衡買進,decile,momentum
2007-01-02,2527,buy,0.02170246506364302,5.110930522487931e-05,再平衡買進,decile,momentum
2007-01-02,2506,buy,0.02170246506364302,5.110930522487931e-05,再平衡買進,decile,momentum
2007-01-02,2538,buy,0.02170246506364302,5.110930522487931e-05,再平衡買進,decile,momentum
2007-01-02,2841,buy,0.02170246506364302,5.110930522487931e-05,再平衡買進,decile,momentum
2007-01-02,2351,buy,0.02170246506364302,5.110930522487931e-05,再平衡買進,decile,momentum
2007-01-02,2547,buy,0.02170246506364302,5.110930522487931e-05,再平衡買進,decile,momentum
2007-01-02,2342,buy,0.02170246506364302,5.110930522487931e-05,再平衡買進,decile,momentum
2007-01-02,2509,buy,0.02170246506364302,5.110930522487931e-05,再平衡買進,decile,momentum
2007-01-02,9945,buy,0.02170246506364302,5.110930522487931e-05,再平衡買進,decile,momentum
2007-01-02,2545,buy,0.02170246506364302,5.110930522487931e-05,再平衡買進,decile,momentum
2007-01-02,1532,buy,0.02170246506364302,5.110930522487931e-05,再平衡買進,decile,momentum
2007-01-02,5534,buy,0.02170246506364302,5.110930522487931e-05,再平衡買進,decile,momentum
2007-01-02,2511,buy,0.02170246506364302,5.110930522487931e-05,再平衡買進,decile,momentum
2007-01-02,2455,buy,0.02170246506364302,5.110930522487931e-05,再平衡買進,decile,momentum
2007-01-02,5531,buy,0.02170246506364302,5.110930522487931e-05,再平衡買進,decile,momentum
2007-01-02,2034,buy,0.02170246506364302,5.110930522487931e-05,再平衡買進,decile,momentum
2007-01-02,2337,buy,0.02170246506364302,5.110930522487931e-05,再平衡買進,decile,momentum
2007-01-02,2460,buy,0.02170246506364302,5.110930522487931e-05,再平衡買進,decile,momentum
2007-01-02,2104,buy,0.02170246506364302,5.110930522487931e-05,再平衡買進,decile,momentum
2007-01-02,2530,buy,0.02170246506364302,5.110930522487931e-05,再平衡買進,decile,momentum
2007-01-02,2032,buy,0.02170246506364302,5.110930522487931e-05,再平衡買進,decile,momentum
2007-01-02,2548,buy,0.02170246506364302,5.110930522487931e-05,再平衡買進,decile,momentum
2007-01-02,2505,buy,0.02170246506364302,5.110930522487931e-05,再平衡買進,decile,momentum
2007-01-02,1419,buy,0.02170246506364302,5.110930522487931e-05,再平衡買進,decile,momentum
2007-01-02,6286,buy,0.02170246506364302,5.110930522487931e-05,再平衡買進,decile,momentum
2007-01-02,1717,buy,0.02170246506364302,5.110930522487931e-05,再平衡買進,decile,momentum
2007-01-02,3003,buy,0.02170246506364302,5.110930522487931e-05,再平衡買進,decile,momentum
2007-01-02,2025,buy,0.02170246506364302,5.110930522487931e-05,再平衡買進,decile,momentum
2007-01-02,1437,buy,0.02170246506364302,5.110930522487931e-05,再平衡買進,decile,momentum
2007-01-02,1806,buy,0.02170246506364302,5.110930522487931e-05,再平衡買進,decile,momentum
2007-01-02,2362,buy,0.02170246506364302,5.110930522487931e-05,再平衡買進,decile,momentum
2007-03-03,8068,buy,0.021651475838044422,5.098922559859461e-05,順延買進,decile,momentum
2007-03-03,3228,buy,0.021651475838044422,5.098922559859461e-05,順延買進,decile,momentum
2007-03-03,3083,buy,0.021651475838044422,5.098922559859461e-05,順延買進,decile,momentum
2007-03-03,6101,buy,0.021651475838044422,5.098922559859461e-05,順延買進,decile,momentum
2007-03-03,3085,buy,0.021651475838044422,5.098922559859461e-05,順延買進,decile,momentum
2007-03-03,5474,buy,0.021651475838044422,5.098922559859461e-05,順延買進,decile,momentum
2007-03-03,8088,buy,0.021651475838044422,5.098922559859461e-05,順延買進,decile,momentum
2007-03-03,6154,buy,0.021651475838044422,5.098922559859461e-05,順延買進,decile,momentum
2007-03-03,4716,buy,0.021651475838044422,5.098922559859461e-05,順延買進,decile,momentum
2007-03-03,6104,buy,0.021651475838044422,5.098922559859461e-05,順延買進,decile,momentum
2007-03-03,5512,buy,0.021651475838044422,5.098922559859461e-05,順延買進,decile,momentum
2007-03-03,6190,buy,0.021651475838044422,5.098922559859461e-05,順延買進,decile,momentum
2007-04-23,5521,buy,0.021651475838044023,5.0989225598593676e-05,順延買進,decile,momentum
2008-01-02,2425,sell,0.005863063411553129,1.967057774576075e-05,再平衡移出,decile,momentum
2008-01-02,2601,sell,0.024557253502364033,8.238958550043133e-05,再平衡減碼,decile,momentum
2008-01-02,2527,sell,0.01470564042568365,4.933742362816865e-05,再平衡移出,decile,momentum
2008-01-02,2506,sell,0.010160564591422595,3.408869420422281e-05,再平衡移出,decile,momentum
2008-01-02,2538,sell,0.018522915644024012,6.214438198570056e-05,再平衡移出,decile,momentum
2008-01-02,2841,sell,0.017378413681285877,5.8304577900714115e-05,再平衡移出,decile,momentum
2008-01-02,2351,sell,0.014604194279438326,4.899707180751559e-05,再平衡移出,decile,momentum
2008-01-02,2547,sell,0.012252346963503292,4.110662406255354e-05,再平衡移出,decile,momentum
2008-01-02,2342,sell,0.017883440909954158,5.99989442528962e-05,再平衡移出,decile,momentum
2008-01-02,2509,sell,0.02404019083144818,8.065484023950864e-05,再平衡移出,decile,momentum
2008-01-02,9945,sell,0.021241116775648935,7.126394678230217e-05,再平衡移出,decile,momentum
2008-01-02,2545,sell,0.016157912194630603,5.4209795412985676e-05,再平衡移出,decile,momentum
2008-01-02,1532,sell,0.01246294744166488,4.181318866678567e-05,再平衡移出,decile,momentum
2008-01-02,5534,sell,0.01707879015833009,5.729934098119745e-05,再平衡移出,decile,momentum
2008-01-02,2511,sell,0.018762151646773816,6.294701877492616e-05,再平衡移出,decile,momentum
2008-01-02,2455,sell,0.024616388286095615,8.258798269985079e-05,再平衡移出,decile,momentum
2008-01-02,5531,sell,0.031005619623830846,0.00010402385383795249,再平衡移出,decile,momentum
2008-01-02,2034,sell,0.02115167388656112,7.096386588941256e-05,再平衡移出,decile,momentum
2008-01-02,2337,sell,0.02355841799979167,7.903849238930106e-05,再平衡移出,decile,momentum
2008-01-02,2460,sell,0.022536132295690098,7.560872385204028e-05,再平衡移出,decile,momentum
2008-01-02,2104,sell,0.01814127222981685,6.086396833103553e-05,再平衡移出,decile,momentum
2008-01-02,2530,sell,0.020173772401865773,6.768300640825966e-05,再平衡移出,decile,momentum
2008-01-02,2032,sell,0.015704178828917628,5.268751997101864e-05,再平衡移出,decile,momentum
2008-01-02,2548,sell,0.02520097327858499,8.454926534965263e-05,再平衡移出,decile,momentum
2008-01-02,2505,sell,0.01350654460133704,4.531445713748577e-05,再平衡移出,decile,momentum
2008-01-02,1419,sell,0.014565346561092323,4.886673771246474e-05,再平衡移出,decile,momentum
2008-01-02,6286,sell,0.028019479954469375,9.400535524724475e-05,再平衡移出,decile,momentum
2008-01-02,1717,sell,0.017072562517479156,5.727844724614257e-05,再平衡移出,decile,momentum
2008-01-02,3003,sell,0.013769242821157344,4.6195809664982894e-05,再平衡移出,decile,momentum
2008-01-02,2025,sell,0.014791602264785708,4.962582559835605e-05,再平衡移出,decile,momentum
2008-01-02,1437,sell,0.015201365608844915,5.1000581617674696e-05,再平衡移出,decile,momentum
2008-01-02,1806,sell,0.020658346719578276,6.930875324418512e-05,再平衡移出,decile,momentum
2008-01-02,2362,sell,0.03161468924051105,0.00010606728240191457,再平衡移出,decile,momentum
2008-01-02,8068,sell,0.01785228368763818,5.9894411772026097e-05,再平衡移出,decile,momentum
2008-01-02,3228,sell,0.011781296121475675,3.952624848755089e-05,再平衡移出,decile,momentum
2008-01-02,3083,sell,0.0294462532984746,9.87921798163823e-05,再平衡移出,decile,momentum
2008-01-02,6101,sell,0.01900337337163103,6.37563176618221e-05,再平衡移出,decile,momentum
2008-01-02,3085,sell,0.009721332104054382,3.261506920910246e-05,再平衡移出,decile,momentum
2008-01-02,5474,sell,0.016263218318208306,5.4563097457588866e-05,再平衡移出,decile,momentum
2008-01-02,8088,sell,0.011486516861159174,3.853726406918903e-05,再平衡移出,decile,momentum
2008-01-02,6154,sell,0.01436173173714397,4.818360997811802e-05,再平衡移出,decile,momentum
2008-01-02,4716,sell,0.008939728218870579,2.999278817431079e-05,再平衡移出,decile,momentum
2008-01-02,6104,sell,0.010073764879456947,3.379748117057806e-05,再平衡移出,decile,momentum
2008-01-02,5512,sell,0.011093057870156934,3.721720915437651e-05,再平衡移出,decile,momentum
2008-01-02,6190,sell,0.017591862686533108,5.902069931331858e-05,再平衡移出,decile,momentum
2008-01-02,5521,sell,0.013437872836559318,4.508406336665651e-05,再平衡移出,decile,momentum
2008-01-02,2458,buy,0.020600203627874868,4.8513479543645314e-05,再平衡買進,decile,momentum
2008-01-02,3443,buy,0.020600203627874868,4.8513479543645314e-05,再平衡買進,decile,momentum
2008-01-02,1519,buy,0.020600203627874868,4.8513479543645314e-05,再平衡買進,decile,momentum
2008-01-02,2707,buy,0.020600203627874868,4.8513479543645314e-05,再平衡買進,decile,momentum
2008-01-02,2485,buy,0.020600203627874868,4.8513479543645314e-05,再平衡買進,decile,momentum
2008-01-02,2497,buy,0.020600203627874868,4.8513479543645314e-05,再平衡買進,decile,momentum
2008-01-02,2617,buy,0.020600203627874868,4.8513479543645314e-05,再平衡買進,decile,momentum
2008-01-02,8105,buy,0.020600203627874868,4.8513479543645314e-05,再平衡買進,decile,momentum
2008-01-02,2612,buy,0.020600203627874868,4.8513479543645314e-05,再平衡買進,decile,momentum
2008-01-02,2347,buy,0.020600203627874868,4.8513479543645314e-05,再平衡買進,decile,momentum
2008-01-02,2436,buy,0.020600203627874868,4.8513479543645314e-05,再平衡買進,decile,momentum
2008-01-02,4106,buy,0.020600203627874868,4.8513479543645314e-05,再平衡買進,decile,momentum
2008-01-02,9927,buy,0.020600203627874868,4.8513479543645314e-05,再平衡買進,decile,momentum
2008-01-02,3014,buy,0.020600203627874868,4.8513479543645314e-05,再平衡買進,decile,momentum
2008-01-02,2374,buy,0.020600203627874868,4.8513479543645314e-05,再平衡買進,decile,momentum
2008-01-02,3031,buy,0.020600203627874868,4.8513479543645314e-05,再平衡買進,decile,momentum
2008-01-02,9935,buy,0.020600203627874868,4.8513479543645314e-05,再平衡買進,decile,momentum
2008-01-02,2367,buy,0.020600203627874868,4.8513479543645314e-05,再平衡買進,decile,momentum
2008-01-02,3702,buy,0.020600203627874868,4.8513479543645314e-05,再平衡買進,decile,momentum
2008-01-02,2903,buy,0.020600203627874868,4.8513479543645314e-05,再平衡買進,decile,momentum
2008-01-02,2434,buy,0.020600203627874868,4.8513479543645314e-05,再平衡買進,decile,momentum
2008-01-02,2443,buy,0.020600203627874868,4.8513479543645314e-05,再平衡買進,decile,momentum
2008-01-02,2606,buy,0.020600203627874868,4.8513479543645314e-05,再平衡買進,decile,momentum
2008-01-02,3481,buy,0.020600203627874868,4.8513479543645314e-05,再平衡買進,decile,momentum
2008-01-02,1707,buy,0.020600203627874868,4.8513479543645314e-05,再平衡買進,decile,momentum
2008-01-02,2905,buy,0.020600203627874868,4.8513479543645314e-05,再平衡買進,decile,momentum
2008-01-02,6206,buy,0.020600203627874868,4.8513479543645314e-05,再平衡買進,decile,momentum
2008-01-02,9914,buy,0.020600203627874868,4.8513479543645314e-05,再平衡買進,decile,momentum
2008-01-02,2360,buy,0.020600203627874868,4.8513479543645314e-05,再平衡買進,decile,momentum
2008-01-02,3022,buy,0.020600203627874868,4.8513479543645314e-05,再平衡買進,decile,momentum
2008-01-02,1304,buy,0.020600203627874868,4.8513479543645314e-05,再平衡買進,decile,momentum
2008-01-02,2103,buy,0.020600203627874868,4.8513479543645314e-05,再平衡買進,decile,momentum
2008-01-02,5608,buy,0.020600203627874868,4.8513479543645314e-05,再平衡買進,decile,momentum
2008-01-02,3006,buy,0.020600203627874868,4.8513479543645314e-05,再平衡買進,decile,momentum
2008-01-02,1731,buy,0.020600203627874868,4.8513479543645314e-05,再平衡買進,decile,momentum
2008-01-02,2913,buy,0.020600203627874868,4.8513479543645314e-05,再平衡買進,decile,momentum
2008-01-02,1710,buy,0.020600203627874868,4.8513479543645314e-05,再平衡買進,decile,momentum
2008-01-02,1529,buy,0.020600203627874868,4.8513479543645314e-05,再平衡買進,decile,momentum
2008-01-02,1711,buy,0.020600203627874868,4.8513479543645314e-05,再平衡買進,decile,momentum
2009-01-05,2601,sell,0.009169073056464304,3.076224010443774e-05,再平衡移出,decile,momentum
2009-01-05,2458,sell,0.008031982507189329,2.69473013116202e-05,再平衡移出,decile,momentum
2009-01-05,3443,sell,0.011355349721624866,3.809719831605143e-05,再平衡移出,decile,momentum
2009-01-05,1519,sell,0.011351879372959834,3.808555529628024e-05,再平衡移出,decile,momentum
2009-01-05,2707,sell,0.018786191083579776,6.302767108541015e-05,再平衡減碼,decile,momentum
2009-01-05,2485,sell,0.00898126394630189,3.0132140539842844e-05,再平衡移出,decile,momentum
2009-01-05,2497,sell,0.005475953982848088,1.8371825612455335e-05,再平衡移出,decile,momentum
2009-01-05,2617,sell,0.015571667762226467,5.2242945342269796e-05,再平衡移出,decile,momentum
2009-01-05,8105,sell,0.004916918230511892,1.6496260663367396e-05,再平衡移出,decile,momentum
2009-01-05,2612,sell,0.01266423105078135,4.248849517537143e-05,再平衡移出,decile,momentum
2009-01-05,2347,sell,0.010394084709688427,3.4872154201004675e-05,再平衡移出,decile,momentum
2009-01-05,2436,sell,0.00803066278730827,2.6942873651419245e-05,再平衡移出,decile,momentum
2009-01-05,4106,sell,0.016464524291916683,5.523847899938047e-05,再平衡移出,decile,momentum
2009-01-05,9927,sell,0.005914372253692654,1.9842718911138855e-05,再平衡移出,decile,momentum
2009-01-05,3014,sell,0.009412918173649538,3.15803404725942e-05,再平衡移出,decile,momentum
2009-01-05,2374,sell,0.009470360911646072,3.177306085857257e-05,再平衡移出,decile,momentum
2009-01-05,3031,sell,0.00589162649279314,1.9766406883320985e-05,再平衡移出,decile,momentum
2009-01-05,9935,sell,0.005425729796431002,1.820332346702601e-05,再平衡移出,decile,momentum
2009-01-05,2367,sell,0.006368872081497612,2.1367565833424488e-05,再平衡移出,decile,momentum
2009-01-05,3702,sell,0.009576631652782025,3.212959919508369e-05,再平衡移出,decile,momentum
2009-01-05,2903,sell,0.01074397704439847,3.604604298395686e-05,再平衡移出,decile,momentum
2009-01-05,2434,sell,0.007052747073427792,2.3661966431350246e-05,再平衡移出,decile,momentum
2009-01-05,2443,sell,0.004412439954640088,1.4803736047817495e-05,再平衡移出,decile,momentum
2009-01-05,2606,sell,0.010855366070951387,3.641975316804191e-05,再平衡移出,decile,momentum
2009-01-05,3481,sell,0.0056355884722141866,1.8907399324278597e-05,再平衡移出,decile,momentum
2009-01-05,1707,sell,0.01683812250859193,5.6491901016325926e-05,再平衡移出,decile,momentum
2009-01-05,2905,sell,0.012023204827269797,4.033785219549017e-05,再平衡移出,decile,momentum
2009-01-05,6206,sell,0.010676696992689338,3.582031841047273e-05,再平衡移出,decile,momentum
2009-01-05,9914,sell,0.014734891315187017,4.943556036245244e-05,再平衡移出,decile,momentum
2009-01-05,2360,sell,0.007872524378643664,2.641231929034949e-05,再平衡移出,decile,momentum
2009-01-05,3022,sell,0.013218495360937884,4.4348051935946595e-05,再平衡移出,decile,momentum
2009-01-05,1304,sell,0.011186296891303269,3.753002607032247e-05,再平衡移出,decile,momentum
2009-01-05,2103,sell,0.013521286743872379,4.536391702569184e-05,再平衡移出,decile,momentum
2009-01-05,5608,sell,0.0153369393910277,5.145543165689793e-05,再平衡移出,decile,momentum
2009-01-05,3006,sell,0.0076190934099170035,2.5562058390271544e-05,再平衡移出,decile,momentum
2009-01-05,1731,sell,0.017620415727032025,5.9116494764192447e-05,再平衡移出,decile,momentum
2009-01-05,2913,sell,0.015772723356215886,5.2917486860104297e-05,再平衡移出,decile,momentum
2009-01-05,1710,sell,0.007527044272332912,2.525323353367692e-05,再平衡移出,decile,momentum
2009-01-05,1529,sell,0.00432886403690736,1.4523338843824193e-05,再平衡移出,decile,momentum
2009-01-05,1711,sell,0.009405530371112442,3.155555439508224e-05,再平衡移出,decile,momentum
2009-01-05,2033,buy,0.007832750247512085,1.844612683289096e-05,再平衡買進,decile,momentum
2009-01-05,1516,buy,0.007832750247512085,1.844612683289096e-05,再平衡買進,decile,momentum
2009-01-05,5607,buy,0.007832750247512085,1.844612683289096e-05,再平衡買進,decile,momentum
2009-01-05,2613,buy,0.007832750247512085,1.844612683289096e-05,再平衡買進,decile,momentum
2009-01-05,1227,buy,0.007832750247512085,1.844612683289096e-05,再平衡買進,decile,momentum
2009-01-05,1538,buy,0.007832750247512085,1.844612683289096e-05,再平衡買進,decile,momentum
2009-01-05,4120,buy,0.007832750247512085,1.844612683289096e-05,再平衡買進,decile,momentum
2009-01-05,4119,buy,0.007832750247512085,1.844612683289096e-05,再平衡買進,decile,momentum
2009-01-05,9939,buy,0.007832750247512085,1.844612683289096e-05,再平衡買進,decile,momentum
2009-01-05,9921,buy,0.007832750247512085,1.844612683289096e-05,再平衡買進,decile,momentum
2009-01-05,2608,buy,0.007832750247512085,1.844612683289096e-05,再平衡買進,decile,momentum
2009-01-05,1201,buy,0.007832750247512085,1.844612683289096e-05,再平衡買進,decile,momentum
2009-01-05,2607,buy,0.007832750247512085,1.844612683289096e-05,再平衡買進,decile,momentum
2009-01-05,9933,buy,0.007832750247512085,1.844612683289096e-05,再平衡買進,decile,momentum
2009-01-05,2421,buy,0.007832750247512085,1.844612683289096e-05,再平衡買進,decile,momentum
2009-01-05,3045,buy,0.007832750247512085,1.844612683289096e-05,再平衡買進,decile,momentum
2009-01-05,1708,buy,0.007832750247512085,1.844612683289096e-05,再平衡買進,decile,momentum
2009-01-05,3504,buy,0.007832750247512085,1.844612683289096e-05,再平衡買進,decile,momentum
2009-01-05,1104,buy,0.007832750247512085,1.844612683289096e-05,再平衡買進,decile,momentum
2009-01-05,9930,buy,0.007832750247512085,1.844612683289096e-05,再平衡買進,decile,momentum
2009-01-05,1727,buy,0.007832750247512085,1.844612683289096e-05,再平衡買進,decile,momentum
2009-01-05,2412,buy,0.007832750247512085,1.844612683289096e-05,再平衡買進,decile,momentum
2009-01-05,2704,buy,0.007832750247512085,1.844612683289096e-05,再平衡買進,decile,momentum
2009-01-05,3093,buy,0.007832750247512085,1.844612683289096e-05,再平衡買進,decile,momentum
2009-01-05,5478,buy,0.007832750247512085,1.844612683289096e-05,再平衡買進,decile,momentum
2009-01-05,5706,buy,0.007832750247512085,1.844612683289096e-05,再平衡買進,decile,momentum
2009-01-05,6163,buy,0.007832750247512085,1.844612683289096e-05,再平衡買進,decile,momentum
2009-01-05,4126,buy,0.007832750247512085,1.844612683289096e-05,再平衡買進,decile,momentum
2009-01-05,1232,buy,0.007832750247512085,1.844612683289096e-05,再平衡買進,decile,momentum
2009-01-05,1210,buy,0.007832750247512085,1.844612683289096e-05,再平衡買進,decile,momentum
2009-01-05,4904,buy,0.007832750247512085,1.844612683289096e-05,再平衡買進,decile,momentum
2009-01-05,1216,buy,0.007832750247512085,1.844612683289096e-05,再平衡買進,decile,momentum
2009-01-05,6170,buy,0.007832750247512085,1.844612683289096e-05,再平衡買進,decile,momentum
2009-01-05,2912,buy,0.007832750247512085,1.844612683289096e-05,再平衡買進,decile,momentum
2009-01-05,1712,buy,0.007832750247512085,1.844612683289096e-05,再平衡買進,decile,momentum
2009-01-05,4306,buy,0.007832750247512085,1.844612683289096e-05,再平衡買進,decile,momentum
2009-01-05,1503,buy,0.007832750247512085,1.844612683289096e-05,再平衡買進,decile,momentum
2009-01-05,9907,buy,0.007832750247512085,1.844612683289096e-05,再平衡買進,decile,momentum
2009-01-05,2104,buy,0.007832750247512085,1.844612683289096e-05,再平衡買進,decile,momentum
2009-01-05,4105,buy,0.007832750247512085,1.844612683289096e-05,再平衡買進,decile,momentum
2009-01-05,2450,buy,0.007832750247512085,1.844612683289096e-05,再平衡買進,decile,momentum
2009-01-05,2816,buy,0.007832750247512085,1.844612683289096e-05,再平衡買進,decile,momentum
2009-01-05,2035,buy,0.007832750247512085,1.844612683289096e-05,再平衡買進,decile,momentum
2009-01-05,8082,buy,0.007832750247512085,1.844612683289096e-05,再平衡買進,decile,momentum
2009-01-05,2535,buy,0.007832750247512085,1.844612683289096e-05,再平衡買進,decile,momentum
2009-01-05,1535,buy,0.007832750247512085,1.844612683289096e-05,再平衡買進,decile,momentum
2009-01-05,5203,buy,0.007832750247512085,1.844612683289096e-05,再平衡買進,decile,momentum
2009-01-05,5515,buy,0.007832750247512085,1.844612683289096e-05,再平衡買進,decile,momentum
2009-01-05,9917,buy,0.007832750247512085,1.844612683289096e-05,再平衡買進,decile,momentum
2009-01-05,1716,buy,0.007832750247512085,1.844612683289096e-05,再平衡買進,decile,momentum
2009-01-05,9937,buy,0.007832750247512085,1.844612683289096e-05,再平衡買進,decile,momentum
2009-01-05,8926,buy,0.007832750247512085,1.844612683289096e-05,再平衡買進,decile,momentum
2010-01-04,2707,sell,0.01086937223303993,3.646674384184896e-05,再平衡移出,decile,momentum
2010-01-04,2033,sell,0.004373170384250883,1.4671986639161712e-05,再平衡移出,decile,momentum
2010-01-04,1516,sell,0.005584128604415323,1.8734751467813408e-05,再平衡移出,decile,momentum
2010-01-04,5607,sell,0.010562269297060537,3.5436413491638096e-05,再平衡移出,decile,momentum
2010-01-04,2613,sell,0.00773643168780302,2.595572831257913e-05,再平衡移出,decile,momentum
2010-01-04,1227,sell,0.01701260519489136,5.7077290428860515e-05,再平衡移出,decile,momentum
2010-01-04,1538,sell,0.01588039457663796,5.327872380462035e-05,再平衡移出,decile,momentum
2010-01-04,4120,sell,0.011486513008397993,3.853725114317527e-05,再平衡移出,decile,momentum
2010-01-04,4119,sell,0.010697432234660017,3.588988514728436e-05,再平衡移出,decile,momentum
2010-01-04,9939,sell,0.013598165349830785,4.562184474868228e-05,再平衡移出,decile,momentum
2010-01-04,9921,sell,0.011773024081857562,3.949849579463212e-05,再平衡移出,decile,momentum
2010-01-04,2608,sell,0.013051287002044774,4.378706789186022e-05,再平衡移出,decile,momentum
2010-01-04,1201,sell,0.015329845329176563,5.1431631079387366e-05,再平衡移出,decile,momentum
2010-01-04,2607,sell,0.0123026444321171,4.127537206975287e-05,再平衡移出,decile,momentum
2010-01-04,9933,sell,0.012153304029213339,4.077433501801075e-05,再平衡移出,decile,momentum
2010-01-04,2421,sell,0.013412816635314668,4.499999981148071e-05,再平衡移出,decile,momentum
2010-01-04,3045,sell,0.011236516969444223,3.769851443248537e-05,再平衡移出,decile,momentum
2010-01-04,1708,sell,0.010374815504372558,3.480750601716993e-05,再平衡移出,decile,momentum
2010-01-04,3504,sell,0.044746716497901094,0.00015012523385045818,再平衡減碼,decile,momentum
2010-01-04,1104,sell,0.010969530348553243,3.6802774319396136e-05,再平衡移出,decile,momentum
2010-01-04,9930,sell,0.011234428890161463,3.769150892649171e-05,再平衡移出,decile,momentum
2010-01-04,1727,sell,0.013994322375803682,4.6950951570821355e-05,再平衡移出,decile,momentum
2010-01-04,2412,sell,0.010502236324872417,3.523500286994696e-05,再平衡移出,decile,momentum
2010-01-04,2704,sell,0.009240315314380127,3.1001257879745326e-05,再平衡移出,decile,momentum
2010-01-04,3093,sell,0.00998915729096769,3.35136227111966e-05,再平衡移出,decile,momentum
2010-01-04,5478,sell,0.01964740165797155,6.591703256249456e-05,再平衡移出,decile,momentum
2010-01-04,5706,sell,0.010320199344211273,3.4624268799828816e-05,再平衡移出,decile,momentum
2010-01-04,6163,sell,0.011468553842350572,3.847699814108617e-05,再平衡移出,decile,momentum
2010-01-04,4126,sell,0.021179721467229767,7.105796552255588e-05,再平衡移出,decile,momentum
2010-01-04,1232,sell,0.01280068553576286,4.294629997248439e-05,再平衡移出,decile,momentum
2010-01-04,1210,sell,0.011551598267134549,3.8755612186236414e-05,再平衡移出,decile,momentum
2010-01-04,4904,sell,0.00857486531687282,2.8768673138108313e-05,再平衡移出,decile,momentum
2010-01-04,1216,sell,0.0112435697482636,3.772217650542438e-05,再平衡移出,decile,momentum
2010-01-04,6170,sell,0.017461584252301966,5.85836151664731e-05,再平衡移出,decile,momentum
2010-01-04,2912,sell,0.008712828244291251,2.9231538759597145e-05,再平衡移出,decile,momentum
2010-01-04,1712,sell,0.014195694510785659,4.762655508368588e-05,再平衡移出,decile,momentum
2010-01-04,4306,sell,0.014545007022094988,4.879849855912869e-05,再平衡移出,decile,momentum
2010-01-04,1503,sell,0.010622278895913152,3.5637745695788624e-05,再平衡移出,decile,momentum
2010-01-04,9907,sell,0.010397688212870116,3.488424395417924e-05,再平衡移出,decile,momentum
2010-01-04,2104,sell,0.008876739084013905,2.978145962686665e-05,再平衡移出,decile,momentum
2010-01-04,4105,sell,0.02549615983465498,8.553961624526747e-05,再平衡移出,decile,momentum
2010-01-04,2450,sell,0.012630749029331157,4.237616299340603e-05,再平衡移出,decile,momentum
2010-01-04,2816,sell,0.013827254518745008,4.63904389103895e-05,再平衡移出,decile,momentum
2010-01-04,2035,sell,0.011903061914557225,3.9934772723339485e-05,再平衡移出,decile,momentum
2010-01-04,8082,sell,0.011362739328191004,3.812199044608082e-05,再平衡移出,decile,momentum
2010-01-04,2535,sell,0.014176230397479483,4.756125298354366e-05,再平衡移出,decile,momentum
2010-01-04,1535,sell,0.013028476406818727,4.371053834487683e-05,再平衡移出,decile,momentum
2010-01-04,5203,sell,0.009512328219314532,3.191386117580026e-05,再平衡移出,decile,momentum
2010-01-04,5515,sell,0.01232513305907465,4.135082141319545e-05,再平衡移出,decile,momentum
2010-01-04,9917,sell,0.009995439963579707,3.353470107780992e-05,再平衡移出,decile,momentum
2010-01-04,1716,sell,0.010483364368658366,3.517168745684882e-05,再平衡移出,decile,momentum
2010-01-04,9937,sell,0.01532912253807725,5.1429206115249175e-05,再平衡移出,decile,momentum
2010-01-04,8926,sell,0.011434888321275878,3.836405031788057e-05,再平衡移出,decile,momentum
2010-01-04,2406,buy,0.011480240833208111,2.70359671622051e-05,再平衡買進,decile,momentum
2010-01-04,6143,buy,0.011480240833208111,2.70359671622051e-05,再平衡買進,decile,momentum
2010-01-04,6120,buy,0.011480240833208111,2.70359671622051e-05,再平衡買進,decile,momentum
2010-01-04,3533,buy,0.011480240833208111,2.70359671622051e-05,再平衡買進,decile,momentum
2010-01-04,2499,buy,0.011480240833208111,2.70359671622051e-05,再平衡買進,decile,momentum
2010-01-04,2455,buy,0.011480240833208111,2.70359671622051e-05,再平衡買進,decile,momentum
2010-01-04,6145,buy,0.011480240833208111,2.70359671622051e-05,再平衡買進,decile,momentum
2010-01-04,6169,buy,0.011480240833208111,2.70359671622051e-05,再平衡買進,decile,momentum
2010-01-04,3260,buy,0.011480240833208111,2.70359671622051e-05,再平衡買進,decile,momentum
2010-01-04,8069,buy,0.011480240833208111,2.70359671622051e-05,再平衡買進,decile,momentum
2010-01-04,3049,buy,0.011480240833208111,2.70359671622051e-05,再平衡買進,decile,momentum
2010-01-04,3061,buy,0.011480240833208111,2.70359671622051e-05,再平衡買進,decile,momentum
2010-01-04,8299,buy,0.011480240833208111,2.70359671622051e-05,再平衡買進,decile,momentum
2010-01-04,6269,buy,0.011480240833208111,2.70359671622051e-05,再平衡買進,decile,momentum
2010-01-04,8112,buy,0.011480240833208111,2.70359671622051e-05,再平衡買進,decile,momentum
2010-01-04,3339,buy,0.011480240833208111,2.70359671622051e-05,再平衡買進,decile,momentum
2010-01-04,1319,buy,0.011480240833208111,2.70359671622051e-05,再平衡買進,decile,momentum
2010-01-04,6290,buy,0.011480240833208111,2.70359671622051e-05,再平衡買進,decile,momentum
2010-01-04,3546,buy,0.011480240833208111,2.70359671622051e-05,再平衡買進,decile,momentum
2010-01-04,1618,buy,0.011480240833208111,2.70359671622051e-05,再平衡買進,decile,momentum
2010-01-04,5213,buy,0.011480240833208111,2.70359671622051e-05,再平衡買進,decile,momentum
2010-01-04,3083,buy,0.011480240833208111,2.70359671622051e-05,再平衡買進,decile,momentum
2010-01-04,2419,buy,0.011480240833208111,2.70359671622051e-05,再平衡買進,decile,momentum
2010-01-04,3164,buy,0.011480240833208111,2.70359671622051e-05,再平衡買進,decile,momentum
2010-01-04,8240,buy,0.011480240833208111,2.70359671622051e-05,再平衡買進,decile,momentum
2010-01-04,8096,buy,0.011480240833208111,2.70359671622051e-05,再平衡買進,decile,momentum
2010-01-04,1333,buy,0.011480240833208111,2.70359671622051e-05,再平衡買進,decile,momentum
2010-01-04,2408,buy,0.011480240833208111,2.70359671622051e-05,再平衡買進,decile,momentum
2010-01-04,3553,buy,0.011480240833208111,2.70359671622051e-05,再平衡買進,decile,momentum
2010-01-04,3041,buy,0.011480240833208111,2.70359671622051e-05,再平衡買進,decile,momentum
2010-01-04,2431,buy,0.011480240833208111,2.70359671622051e-05,再平衡買進,decile,momentum
2010-01-04,3068,buy,0.011480240833208111,2.70359671622051e-05,再平衡買進,decile,momentum
2010-01-04,2383,buy,0.011480240833208111,2.70359671622051e-05,再平衡買進,decile,momentum
2010-01-04,3556,buy,0.011480240833208111,2.70359671622051e-05,再平衡買進,decile,momentum
2010-01-04,2428,buy,0.011480240833208111,2.70359671622051e-05,再平衡買進,decile,momentum
2010-01-04,3557,buy,0.011480240833208111,2.70359671622051e-05,再平衡買進,decile,momentum
2010-01-04,2442,buy,0.011480240833208111,2.70359671622051e-05,再平衡買進,decile,momentum
2010-01-04,3450,buy,0.011480240833208111,2.70359671622051e-05,再平衡買進,decile,momentum
2010-01-04,2462,buy,0.011480240833208111,2.70359671622051e-05,再平衡買進,decile,momentum
2010-01-04,1702,buy,0.011480240833208111,2.70359671622051e-05,再平衡買進,decile,momentum
2010-01-04,6128,buy,0.011480240833208111,2.70359671622051e-05,再平衡買進,decile,momentum
2010-01-04,8049,buy,0.011480240833208111,2.70359671622051e-05,再平衡買進,decile,momentum
2010-01-04,8044,buy,0.011480240833208111,2.70359671622051e-05,再平衡買進,decile,momentum
2010-01-04,1521,buy,0.011480240833208111,2.70359671622051e-05,再平衡買進,decile,momentum
2010-01-04,5349,buy,0.011480240833208111,2.70359671622051e-05,再平衡買進,decile,momentum
2010-01-04,6173,buy,0.011480240833208111,2.70359671622051e-05,再平衡買進,decile,momentum
2010-01-04,8039,buy,0.011480240833208111,2.70359671622051e-05,再平衡買進,decile,momentum
2010-01-04,8042,buy,0.011480240833208111,2.70359671622051e-05,再平衡買進,decile,momentum
2010-01-04,6126,buy,0.011480240833208111,2.70359671622051e-05,再平衡買進,decile,momentum
2010-01-04,3526,buy,0.011480240833208111,2.70359671622051e-05,再平衡買進,decile,momentum
2010-01-04,6134,buy,0.011480240833208111,2.70359671622051e-05,再平衡買進,decile,momentum
2010-01-04,2457,buy,0.011480240833208111,2.70359671622051e-05,再平衡買進,decile,momentum
2010-01-04,2351,buy,0.011480240833208111,2.70359671622051e-05,再平衡買進,decile,momentum
2010-01-04,1447,buy,0.011480240833208111,2.70359671622051e-05,再平衡買進,decile,momentum
2010-01-04,5381,buy,0.011480240833208111,2.70359671622051e-05,再平衡買進,decile,momentum
2010-01-04,3306,buy,0.011480240833208111,2.70359671622051e-05,再平衡買進,decile,momentum
2010-01-04,2384,buy,0.011480240833208111,2.70359671622051e-05,再平衡買進,decile,momentum
2010-01-04,6230,buy,0.011480240833208111,2.70359671622051e-05,再平衡買進,decile,momentum
2010-01-04,3483,buy,0.011480240833208111,2.70359671622051e-05,再平衡買進,decile,momentum
2011-01-03,3504,sell,0.007690038690652014,2.5800079807137505e-05,再平衡移出,decile,momentum
2011-01-03,2406,sell,0.01544344262444257,5.181275000500483e-05,再平衡移出,decile,momentum
2011-01-03,6143,sell,0.006728865947868812,2.2575345255099863e-05,再平衡移出,decile,momentum
2011-01-03,6120,sell,0.007613271539510837,2.5542526015058856e-05,再平衡移出,decile,momentum
2011-01-03,3533,sell,0.011060918860012736,3.7109382775342726e-05,再平衡移出,decile,momentum
2011-01-03,2499,sell,0.009927549050149698,3.330692706325224e-05,再平衡移出,decile,momentum
2011-01-03,2455,sell,0.01004823095827166,3.371181486500142e-05,再平衡移出,decile,momentum
2011-01-03,6145,sell,0.006053611365393966,2.030986613089676e-05,再平衡移出,decile,momentum
2011-01-03,6169,sell,0.0069666436468793945,2.337308943528037e-05,再平衡移出,decile,momentum
2011-01-03,3260,sell,0.0056854651579974925,1.907473560508159e-05,再平衡移出,decile,momentum
2011-01-03,8069,sell,0.008260387167347363,2.7713598946450403e-05,再平衡移出,decile,momentum
2011-01-03,3049,sell,0.00994662788812678,3.337093656466535e-05,再平衡移出,decile,momentum
2011-01-03,3061,sell,0.010333863162745836,3.467011091101228e-05,再平衡移出,decile,momentum
2011-01-03,8299,sell,0.008468631956462915,2.8412260213933078e-05,再平衡移出,decile,momentum
2011-01-03,6269,sell,0.012612322384614365,4.231434160038119e-05,再平衡移出,decile,momentum
2011-01-03,8112,sell,0.009364168795965529,3.141678631046435e-05,再平衡移出,decile,momentum
2011-01-03,3339,sell,0.01059775825079241,3.555547893140854e-05,再平衡移出,decile,momentum
2011-01-03,1319,sell,0.00881770918280125,2.9583414308298194e-05,再平衡移出,decile,momentum
2011-01-03,6290,sell,0.010410513296606284,3.4927272110114083e-05,再平衡移出,decile,momentum
2011-01-03,3546,sell,0.010432812305405163,3.500208528463432e-05,再平衡移出,decile,momentum
2011-01-03,1618,sell,0.0117013515656253,3.9258034502672884e-05,再平衡移出,decile,momentum
2011-01-03,5213,sell,0.018237989274284064,6.118845401522304e-05,再平衡移出,decile,momentum
2011-01-03,3083,sell,0.006967991535709746,2.3377611602306197e-05,再平衡移出,decile,momentum
2011-01-03,2419,sell,0.012888845257129121,4.324207583766821e-05,再平衡移出,decile,momentum
2011-01-03,3164,sell,0.015593205524457,5.231520453455323e-05,再平衡移出,decile,momentum
2011-01-03,8240,sell,0.01079686625926478,3.622348629983334e-05,再平衡移出,decile,momentum
2011-01-03,8096,sell,0.00984741586645538,3.30380802319578e-05,再平衡減碼,decile,momentum
2011-01-03,1333,sell,0.006308533562067028,2.1165130100734878e-05,再平衡移出,decile,momentum
2011-01-03,2408,sell,0.005983897953427341,2.007597763374873e-05,再平衡移出,decile,momentum
2011-01-03,3553,sell,0.007694728130741263,2.5815812878636936e-05,再平衡移出,decile,momentum
2011-01-03,3041,sell,0.006883394560959213,2.309378875201816e-05,再平衡移出,decile,momentum
2011-01-03,2431,sell,0.008084583279117088,2.712377690143783e-05,再平衡移出,decile,momentum
2011-01-03,3068,sell,0.011019315319782622,3.69698028978707e-05,再平衡移出,decile,momentum
2011-01-03,2383,sell,0.015681983258997723,5.261305383393736e-05,再平衡移出,decile,momentum
2011-01-03,3556,sell,0.013299211867429779,4.4618855815226905e-05,再平衡移出,decile,momentum
2011-01-03,2428,sell,0.00912435729690025,3.061221873110034e-05,再平衡移出,decile,momentum
2011-01-03,3557,sell,0.006111885467422068,2.050537574320104e-05,再平衡移出,decile,momentum
2011-01-03,2442,sell,0.005339403787928686,1.7913699708500744e-05,再平衡移出,decile,momentum
2011-01-03,3450,sell,0.018695805633446128,6.272442790021176e-05,再平衡移出,decile,momentum
2011-01-03,2462,sell,0.007518987108836633,2.52262017501469e-05,再平衡移出,decile,momentum
2011-01-03,1702,sell,0.015370431935241355,5.1567799142734743e-05,再平衡移出,decile,momentum
2011-01-03,6128,sell,0.008321518509496221,2.7918694599359823e-05,再平衡移出,decile,momentum
2011-01-03,8049,sell,0.008316817321224882,2.790292211270948e-05,再平衡移出,decile,momentum
2011-01-03,8044,sell,0.016618867612984818,5.575630084156406e-05,再平衡減碼,decile,momentum
2011-01-03,1521,sell,0.016116950498186688,5.407236892141634e-05,再平衡移出,decile,momentum
2011-01-03,5349,sell,0.010698447804236393,3.5893292383213096e-05,再平衡移出,decile,momentum
2011-01-03,6173,sell,0.013708760136092282,4.599289025658961e-05,再平衡移出,decile,momentum
2011-01-03,8039,sell,0.014102265792396202,4.7313101733489253e-05,再平衡移出,decile,momentum
2011-01-03,8042,sell,0.011428914585814364,3.834400843540719e-05,再平衡移出,decile,momentum
2011-01-03,6126,sell,0.011466484717376603,3.84700562267985e-05,再平衡移出,decile,momentum
2011-01-03,3526,sell,0.010360863159057272,3.476069589863715e-05,再平衡移出,decile,momentum
2011-01-03,6134,sell,0.00564411121967444,1.8935993142007747e-05,再平衡移出,decile,momentum
2011-01-03,2457,sell,0.02069337725748067,6.942628069884765e-05,再平衡移出,decile,momentum
2011-01-03,2351,sell,0.010812573213319156,3.627618313068577e-05,再平衡移出,decile,momentum
2011-01-03,1447,sell,0.013057931576387951,4.380936043878158e-05,再平衡移出,decile,momentum
2011-01-03,5381,sell,0.008210128259399131,2.7544980310284086e-05,再平衡移出,decile,momentum
2011-01-03,3306,sell,0.007039945972024837,2.361901873614333e-05,再平衡移出,decile,momentum
2011-01-03,2384,sell,0.00929508259397612,3.118500210278988e-05,再平衡減碼,decile,momentum
2011-01-03,6230,sell,0.00801317902402632,2.6884215625608303e-05,再平衡移出,decile,momentum
2011-01-03,3483,sell,0.0049855234700490955,1.6726431242014716e-05,再平衡移出,decile,momentum
2011-01-03,8287,buy,0.01060312749565607,2.4970365252270046e-05,再平衡買進,decile,momentum
2011-01-03,3406,buy,0.01060312749565607,2.4970365252270046e-05,再平衡買進,decile,momentum
2011-01-03,5356,buy,0.01060312749565607,2.4970365252270046e-05,再平衡買進,decile,momentum
2011-01-03,5530,buy,0.01060312749565607,2.4970365252270046e-05,再平衡買進,decile,momentum
2011-01-03,1466,buy,0.01060312749565607,2.4970365252270046e-05,再平衡買進,decile,momentum
2011-01-03,6175,buy,0.01060312749565607,2.4970365252270046e-05,再平衡買進,decile,momentum
2011-01-03,2049,buy,0.01060312749565607,2.4970365252270046e-05,再平衡買進,decile,momentum
2011-01-03,3206,buy,0.01060312749565607,2.4970365252270046e-05,再平衡買進,decile,momentum
2011-01-03,1213,buy,0.01060312749565607,2.4970365252270046e-05,再平衡買進,decile,momentum
2011-01-03,4725,buy,0.01060312749565607,2.4970365252270046e-05,再平衡買進,decile,momentum
2011-01-03,8121,buy,0.01060312749565607,2.4970365252270046e-05,再平衡買進,decile,momentum
2011-01-03,5505,buy,0.01060312749565607,2.4970365252270046e-05,再平衡買進,decile,momentum
2011-01-03,5211,buy,0.01060312749565607,2.4970365252270046e-05,再平衡買進,decile,momentum
2011-01-03,3455,buy,0.01060312749565607,2.4970365252270046e-05,再平衡買進,decile,momentum
2011-01-03,1414,buy,0.01060312749565607,2.4970365252270046e-05,再平衡買進,decile,momentum
2011-01-03,2498,buy,0.01060312749565607,2.4970365252270046e-05,再平衡買進,decile,momentum
2011-01-03,2618,buy,0.01060312749565607,2.4970365252270046e-05,再平衡買進,decile,momentum
2011-01-03,3013,buy,0.01060312749565607,2.4970365252270046e-05,再平衡買進,decile,momentum
2011-01-03,6151,buy,0.01060312749565607,2.4970365252270046e-05,再平衡買進,decile,momentum
2011-01-03,1565,buy,0.01060312749565607,2.4970365252270046e-05,再平衡買進,decile,momentum
2011-01-03,1444,buy,0.01060312749565607,2.4970365252270046e-05,再平衡買進,decile,momentum
2011-01-03,1314,buy,0.01060312749565607,2.4970365252270046e-05,再平衡買進,decile,momentum
2011-01-03,8091,buy,0.01060312749565607,2.4970365252270046e-05,再平衡買進,decile,momentum
2011-01-03,1227,buy,0.01060312749565607,2.4970365252270046e-05,再平衡買進,decile,momentum
2011-01-03,3043,buy,0.01060312749565607,2.4970365252270046e-05,再平衡買進,decile,momentum
2011-01-03,2471,buy,0.01060312749565607,2.4970365252270046e-05,再平衡買進,decile,momentum
2011-01-03,2610,buy,0.01060312749565607,2.4970365252270046e-05,再平衡買進,decile,momentum
2011-01-03,4523,buy,0.01060312749565607,2.4970365252270046e-05,再平衡買進,decile,momentum
2011-01-03,5820,buy,0.01060312749565607,2.4970365252270046e-05,再平衡買進,decile,momentum
2011-01-03,6207,buy,0.01060312749565607,2.4970365252270046e-05,再平衡買進,decile,momentum
2011-01-03,1718,buy,0.01060312749565607,2.4970365252270046e-05,再平衡買進,decile,momentum
2011-01-03,3290,buy,0.01060312749565607,2.4970365252270046e-05,再平衡買進,decile,momentum
2011-01-03,2472,buy,0.01060312749565607,2.4970365252270046e-05,再平衡買進,decile,momentum
2011-01-03,1788,buy,0.01060312749565607,2.4970365252270046e-05,再平衡買進,decile,momentum
2011-01-03,6166,buy,0.01060312749565607,2.4970365252270046e-05,再平衡買進,decile,momentum
2011-01-03,1452,buy,0.01060312749565607,2.4970365252270046e-05,再平衡買進,decile,momentum
2011-01-03,2609,buy,0.01060312749565607,2.4970365252270046e-05,再平衡買進,decile,momentum
2011-01-03,3036,buy,0.01060312749565607,2.4970365252270046e-05,再平衡買進,decile,momentum
2011-01-03,6123,buy,0.01060312749565607,2.4970365252270046e-05,再平衡買進,decile,momentum
2011-01-03,2227,buy,0.01060312749565607,2.4970365252270046e-05,再平衡買進,decile,momentum
2011-01-03,1231,buy,0.01060312749565607,2.4970365252270046e-05,再平衡買進,decile,momentum
2011-01-03,1476,buy,0.01060312749565607,2.4970365252270046e-05,再平衡買進,decile,momentum
2011-01-03,3086,buy,0.01060312749565607,2.4970365252270046e-05,再平衡買進,decile,momentum
2011-01-03,8916,buy,0.01060312749565607,2.4970365252270046e-05,再平衡買進,decile,momentum
2011-01-03,1815,buy,0.01060312749565607,2.4970365252270046e-05,再平衡買進,decile,momentum
2011-01-03,4102,buy,0.01060312749565607,2.4970365252270046e-05,再平衡買進,decile,momentum
2011-01-03,6113,buy,0.01060312749565607,2.4970365252270046e-05,再平衡買進,decile,momentum
2011-01-03,1584,buy,0.01060312749565607,2.4970365252270046e-05,再平衡買進,decile,momentum
2011-01-03,3209,buy,0.01060312749565607,2.4970365252270046e-05,再平衡買進,decile,momentum
2011-01-03,6147,buy,0.01060312749565607,2.4970365252270046e-05,再平衡買進,decile,momentum
2011-01-03,6153,buy,0.01060312749565607,2.4970365252270046e-05,再平衡買進,decile,momentum
2011-01-03,3561,buy,0.01060312749565607,2.4970365252270046e-05,再平衡買進,decile,momentum
2011-01-03,1580,buy,0.01060312749565607,2.4970365252270046e-05,再平衡買進,decile,momentum
2011-01-03,8032,buy,0.01060312749565607,2.4970365252270046e-05,再平衡買進,decile,momentum
2011-01-03,1715,buy,0.01060312749565607,2.4970365252270046e-05,再平衡買進,decile,momentum
2011-01-03,3008,buy,0.01060312749565607,2.4970365252270046e-05,再平衡買進,decile,momentum
2011-01-03,5490,buy,0.01060312749565607,2.4970365252270046e-05,再平衡買進,decile,momentum
2011-01-03,1440,buy,0.01060312749565607,2.4970365252270046e-05,再平衡買進,decile,momentum
2012-01-02,8096,sell,0.008830053011975507,2.9624827855177825e-05,再平衡移出,decile,momentum
2012-01-02,8044,sell,0.005715220836900009,1.9174565907799533e-05,再平衡減碼,decile,momentum
2012-01-02,2384,sell,0.0052019022117381465,1.745238192038148e-05,再平衡移出,decile,momentum
2012-01-02,8287,sell,0.004855379983622783,1.6289799845054436e-05,再平衡移出,decile,momentum
2012-01-02,3406,sell,0.006479913714927493,2.1740110513581737e-05,再平衡移出,decile,momentum
2012-01-02,5356,sell,0.006462762258491708,2.168256737723968e-05,再平衡移出,decile,momentum
2012-01-02,5530,sell,0.009113317845242804,3.057518137078961e-05,再平衡移出,decile,momentum
2012-01-02,1466,sell,0.005179555608396007,1.7377409066168603e-05,再平衡移出,decile,momentum
2012-01-02,6175,sell,0.0071773880804456265,2.4080137009895077e-05,再平衡移出,decile,momentum
2012-01-02,2049,sell,0.010927628411573846,3.666219332083025e-05,再平衡減碼,decile,momentum
2012-01-02,3206,sell,0.005567392452793341,1.867860167912166e-05,再平衡移出,decile,momentum
2012-01-02,1213,sell,0.007193183647934304,2.413313113881959e-05,再平衡移出,decile,momentum
2012-01-02,4725,sell,0.008772872351897427,2.943298674061587e-05,再平衡移出,decile,momentum
2012-01-02,8121,sell,0.005166436471768035,1.7333394362781758e-05,再平衡移出,decile,momentum
2012-01-02,5505,sell,0.007366139763823511,2.471339890762788e-05,再平衡移出,decile,momentum
2012-01-02,5211,sell,0.0053014265124429,1.7786285949245933e-05,再平衡移出,decile,momentum
2012-01-02,3455,sell,0.004367578453155615,1.4653225710337089e-05,再平衡移出,decile,momentum
2012-01-02,1414,sell,0.00847626880833189,2.843788185195349e-05,再平衡移出,decile,momentum
2012-01-02,2498,sell,0.006181513662957974,2.0738978339224002e-05,再平衡移出,decile,momentum
2012-01-02,2618,sell,0.006346695851867791,2.129316458301644e-05,再平衡移出,decile,momentum
2012-01-02,3013,sell,0.006440456269012902,2.1607730782538285e-05,再平衡移出,decile,momentum
2012-01-02,6151,sell,0.0030522859959832616,1.0240419516523842e-05,再平衡移出,decile,momentum
2012-01-02,1565,sell,0.00880460238209854,2.9539440991940603e-05,再平衡移出,decile,momentum
2012-01-02,1444,sell,0.006895362961352584,2.3133942735337918e-05,再平衡移出,decile,momentum
2012-01-02,1314,sell,0.010830997820847971,3.633799768894494e-05,再平衡移出,decile,momentum
2012-01-02,8091,sell,0.008590395279004688,2.8820776161060728e-05,再平衡移出,decile,momentum
2012-01-02,1227,sell,0.009034599031360783,3.0311079750215426e-05,再平衡減碼,decile,momentum
2012-01-02,3043,sell,0.0030271491656179953,1.0156085450648374e-05,再平衡移出,decile,momentum
2012-01-02,2471,sell,0.005573183690941766,1.8698031283109623e-05,再平衡移出,decile,momentum
2012-01-02,2610,sell,0.005468939542736981,1.8348292165882573e-05,再平衡移出,decile,momentum
2012-01-02,4523,sell,0.006269053696185543,2.1032675150702497e-05,再平衡移出,decile,momentum
2012-01-02,5820,sell,0.006590331622481119,2.2110562593424155e-05,再平衡移出,decile,momentum
2012-01-02,6207,sell,0.006073128409526744,2.0375345813962224e-05,再平衡移出,decile,momentum
2012-01-02,1718,sell,0.005996492600074701,2.011823267325062e-05,再平衡移出,decile,momentum
2012-01-02,3290,sell,0.006933056108213704,2.326040324305698e-05,再平衡移出,decile,momentum
2012-01-02,2472,sell,0.006226878200594519,2.0891176362994613e-05,再平衡移出,decile,momentum
2012-01-02,1788,sell,0.005942501244326888,1.993709167471671e-05,再平衡移出,decile,momentum
2012-01-02,6166,sell,0.0074572690508570875,2.5019137665625528e-05,再平衡移出,decile,momentum
2012-01-02,1452,sell,0.005809856588824249,1.9492068855505355e-05,再平衡移出,decile,momentum
2012-01-02,2609,sell,0.005127235402588499,1.7201874775684412e-05,再平衡移出,decile,momentum
2012-01-02,3036,sell,0.009606895689691555,3.2231135038915166e-05,再平衡移出,decile,momentum
2012-01-02,6123,sell,0.007564831140434361,2.538000847615728e-05,再平衡移出,decile,momentum
2012-01-02,2227,sell,0.01022589889445,3.430789079087975e-05,再平衡移出,decile,momentum
2012-01-02,1231,sell,0.006430972842926432,2.1575913888018178e-05,再平衡減碼,decile,momentum
2012-01-02,1476,sell,0.006454014779415183,2.1653219584937938e-05,再平衡減碼,decile,momentum
2012-01-02,3086,sell,0.006445270181195034,2.1623881457909338e-05,再平衡移出,decile,momentum
2012-01-02,8916,sell,0.007647133573180459,2.5656133138020438e-05,再平衡移出,decile,momentum
2012-01-02,1815,sell,0.0058321612959216914,1.9566901147817275e-05,再平衡移出,decile,momentum
2012-01-02,4102,sell,0.006264017953094923,2.1015780232633467e-05,再平衡移出,decile,momentum
2012-01-02,6113,sell,0.004315648448117111,1.4479000543432908e-05,再平衡移出,decile,momentum
2012-01-02,1584,sell,0.006364438195646187,2.1352690146392957e-05,再平衡移出,decile,momentum
2012-01-02,3209,sell,0.006441901094585977,2.161257817233595e-05,再平衡移出,decile,momentum
2012-01-02,6147,sell,0.006513655615726901,2.1853314590763754e-05,再平衡移出,decile,momentum
2012-01-02,6153,sell,0.009420365672622055,3.1605326831647e-05,再平衡移出,decile,momentum
2012-01-02,3561,sell,0.004950680269104068,1.6609532302844147e-05,再平衡移出,decile,momentum
2012-01-02,1580,sell,0.008319370154675472,2.7911486868936207e-05,再平衡移出,decile,momentum
2012-01-02,8032,sell,0.009177006377768275,3.078885639741256e-05,再平衡移出,decile,momentum
2012-01-02,1715,sell,0.006728014777902015,2.2572489579861264e-05,再平衡移出,decile,momentum
2012-01-02,3008,sell,0.008201152531323056,2.7514866742588855e-05,再平衡移出,decile,momentum
2012-01-02,5490,sell,0.009724936032918083,3.262716039044017e-05,再平衡移出,decile,momentum
2012-01-02,1440,sell,0.005150244922334194,1.7279071714431223e-05,再平衡移出,decile,momentum
2012-01-02,6107,buy,0.007267224381653642,1.7114313418794328e-05,再平衡買進,decile,momentum
2012-01-02,3126,buy,0.007267224381653642,1.7114313418794328e-05,再平衡買進,decile,momentum
2012-01-02,6276,buy,0.007267224381653642,1.7114313418794328e-05,再平衡買進,decile,momentum
2012-01-02,8078,buy,0.007267224381653642,1.7114313418794328e-05,再平衡買進,decile,momentum
2012-01-02,5398,buy,0.007267224381653642,1.7114313418794328e-05,再平衡買進,decile,momentum
2012-01-02,1724,buy,0.007267224381653642,1.7114313418794328e-05,再平衡買進,decile,momentum
2012-01-02,6176,buy,0.007267224381653642,1.7114313418794328e-05,再平衡買進,decile,momentum
2012-01-02,2114,buy,0.007267224381653642,1.7114313418794328e-05,再平衡買進,decile,momentum
2012-01-02,2450,buy,0.007267224381653642,1.7114313418794328e-05,再平衡買進,decile,momentum
2012-01-02,2207,buy,0.007267224381653642,1.7114313418794328e-05,再平衡買進,decile,momentum
2012-01-02,1569,buy,0.007267224381653642,1.7114313418794328e-05,再平衡買進,decile,momentum
2012-01-02,4712,buy,0.007267224381653642,1.7114313418794328e-05,再平衡買進,decile,momentum
2012-01-02,3615,buy,0.007267224381653642,1.7114313418794328e-05,再平衡買進,decile,momentum
2012-01-02,6235,buy,0.007267224381653642,1.7114313418794328e-05,再平衡買進,decile,momentum
2012-01-02,4532,buy,0.007267224381653642,1.7114313418794328e-05,再平衡買進,decile,momentum
2012-01-02,8101,buy,0.007267224381653642,1.7114313418794328e-05,再平衡買進,decile,momentum
2012-01-02,9943,buy,0.007267224381653642,1.7114313418794328e-05,再平衡買進,decile,momentum
2012-01-02,6195,buy,0.007267224381653642,1.7114313418794328e-05,再平衡買進,decile,momentum
2012-01-02,8942,buy,0.007267224381653642,1.7114313418794328e-05,再平衡買進,decile,momentum
2012-01-02,2474,buy,0.007267224381653642,1.7114313418794328e-05,再平衡買進,decile,momentum
2012-01-02,6231,buy,0.007267224381653642,1.7114313418794328e-05,再平衡買進,decile,momentum
2012-01-02,3521,buy,0.007267224381653642,1.7114313418794328e-05,再平衡買進,decile,momentum
2012-01-02,6269,buy,0.007267224381653642,1.7114313418794328e-05,再平衡買進,decile,momentum
2012-01-02,5903,buy,0.007267224381653642,1.7114313418794328e-05,再平衡買進,decile,momentum
2012-01-02,3508,buy,0.007267224381653642,1.7114313418794328e-05,再平衡買進,decile,momentum
2012-01-02,2103,buy,0.007267224381653642,1.7114313418794328e-05,再平衡買進,decile,momentum
2012-01-02,3045,buy,0.007267224381653642,1.7114313418794328e-05,再平衡買進,decile,momentum
2012-01-02,2905,buy,0.007267224381653642,1.7114313418794328e-05,再平衡買進,decile,momentum
2012-01-02,4904,buy,0.007267224381653642,1.7114313418794328e-05,再平衡買進,decile,momentum
2012-01-02,2412,buy,0.007267224381653642,1.7114313418794328e-05,再平衡買進,decile,momentum
2012-01-02,9914,buy,0.007267224381653642,1.7114313418794328e-05,再平衡買進,decile,momentum
2012-01-02,2402,buy,0.007267224381653642,1.7114313418794328e-05,再平衡買進,decile,momentum
2012-01-02,3265,buy,0.007267224381653642,1.7114313418794328e-05,再平衡買進,decile,momentum
2012-01-02,5706,buy,0.007267224381653642,1.7114313418794328e-05,再平衡買進,decile,momentum
2012-01-02,8374,buy,0.007267224381653642,1.7114313418794328e-05,再平衡買進,decile,momentum
2012-01-02,3454,buy,0.007267224381653642,1.7114313418794328e-05,再平衡買進,decile,momentum
2012-01-02,6192,buy,0.007267224381653642,1.7114313418794328e-05,再平衡買進,decile,momentum
2012-01-02,2912,buy,0.007267224381653642,1.7114313418794328e-05,再平衡買進,decile,momentum
2012-01-02,2809,buy,0.007267224381653642,1.7114313418794328e-05,再平衡買進,decile,momentum
2012-01-02,3324,buy,0.007267224381653642,1.7114313418794328e-05,再平衡買進,decile,momentum
2012-01-02,2108,buy,0.007267224381653642,1.7114313418794328e-05,再平衡買進,decile,momentum
2012-01-02,1736,buy,0.007267224381653642,1.7114313418794328e-05,再平衡買進,decile,momentum
2012-01-02,2823,buy,0.007267224381653642,1.7114313418794328e-05,再平衡買進,decile,momentum
2012-01-02,1710,buy,0.007267224381653642,1.7114313418794328e-05,再平衡買進,decile,momentum
2012-01-02,1709,buy,0.007267224381653642,1.7114313418794328e-05,再平衡買進,decile,momentum
2012-01-02,9933,buy,0.007267224381653642,1.7114313418794328e-05,再平衡買進,decile,momentum
2012-01-02,5314,buy,0.007267224381653642,1.7114313418794328e-05,再平衡買進,decile,momentum
2012-01-02,2493,buy,0.007267224381653642,1.7114313418794328e-05,再平衡買進,decile,momentum
2012-01-02,3441,buy,0.007267224381653642,1.7114313418794328e-05,再平衡買進,decile,momentum
2012-01-02,8936,buy,0.007267224381653642,1.7114313418794328e-05,再平衡買進,decile,momentum
2012-01-02,2105,buy,0.007267224381653642,1.7114313418794328e-05,再平衡買進,decile,momentum
2012-01-02,2221,buy,0.007267224381653642,1.7114313418794328e-05,再平衡買進,decile,momentum
2012-01-02,6803,buy,0.007267224381653642,1.7114313418794328e-05,再平衡買進,decile,momentum
2012-01-02,5498,buy,0.007267224381653642,1.7114313418794328e-05,再平衡買進,decile,momentum
2012-01-02,3004,buy,0.007267224381653642,1.7114313418794328e-05,再平衡買進,decile,momentum
2012-01-02,2106,buy,0.007267224381653642,1.7114313418794328e-05,再平衡買進,decile,momentum
2012-01-02,9905,buy,0.007267224381653642,1.7114313418794328e-05,再平衡買進,decile,momentum
2013-01-02,6107,sell,0.005638916931901225,1.8918566306528612e-05,停牌於選股日，視同下市,decile,momentum
2013-01-02,8044,sell,0.006327986585314279,2.1230394993729407e-05,再平衡移出,decile,momentum
2013-01-02,2049,sell,0.007016782765799167,2.3541306179256204e-05,再平衡移出,decile,momentum
2013-01-02,1227,sell,0.00830480303413844,2.7862614179534466e-05,再平衡移出,decile,momentum
2013-01-02,1231,sell,0.008092894682422705,2.7151661659528174e-05,再平衡移出,decile,momentum
2013-01-02,1476,sell,0.011332327715054175,3.801995948400676e-05,再平衡減碼,decile,momentum
2013-01-02,3126,sell,0.00202532466936061,6.794964265704847e-06,再平衡移出,decile,momentum
2013-01-02,6276,sell,0.012497570538772299,4.192934915758106e-05,再平衡移出,decile,momentum
2013-01-02,8078,sell,0.005249726308019964,1.761283176340698e-05,再平衡移出,decile,momentum
2013-01-02,5398,sell,0.0042747191907203394,1.4341682884866739e-05,再平衡移出,decile,momentum
2013-01-02,1724,sell,0.007315126765465206,2.4542250298135764e-05,再平衡移出,decile,momentum
2013-01-02,6176,sell,0.011255904147580735,3.7763558415133365e-05,再平衡移出,decile,momentum
2013-01-02,2114,sell,0.012477768583005451,4.186291359598329e-05,再平衡移出,decile,momentum
2013-01-02,2450,sell,0.008192971962821384,2.7487420935265742e-05,再平衡移出,decile,momentum
2013-01-02,2207,sell,0.012638682718757625,4.2402780521431834e-05,再平衡移出,decile,momentum
2013-01-02,1569,sell,0.005583665278670912,1.8733197009940908e-05,再平衡移出,decile,momentum
2013-01-02,4712,sell,0.008551163453232077,2.8689153385593617e-05,再平衡移出,decile,momentum
2013-01-02,3615,sell,0.008162311759913938,2.738455595451126e-05,再平衡移出,decile,momentum
2013-01-02,6235,sell,0.007970466784915165,2.6740916063390378e-05,再平衡移出,decile,momentum
2013-01-02,4532,sell,0.008767374587649831,2.9414541741565182e-05,再平衡移出,decile,momentum
2013-01-02,8101,sell,0.0061968881247170685,2.0790559658425766e-05,再平衡移出,decile,momentum
2013-01-02,9943,sell,0.007990883653255393,2.6809414656671843e-05,再平衡移出,decile,momentum
2013-01-02,6195,sell,0.008696668107077421,2.9177321499244746e-05,再平衡移出,decile,momentum
2013-01-02,8942,sell,0.010554029012296148,3.5408767336253576e-05,再平衡移出,decile,momentum
2013-01-02,2474,sell,0.007957319068075626,2.6696805473393726e-05,再平衡移出,decile,momentum
2013-01-02,6231,sell,0.004416922722858631,1.4818775735190706e-05,再平衡移出,decile,momentum
2013-01-02,3521,sell,0.005696098602608679,1.911041081175212e-05,再平衡移出,decile,momentum
2013-01-02,6269,sell,0.002107746539291945,7.071489639324476e-06,再平衡減碼,decile,momentum
2013-01-02,5903,sell,0.008162151280556085,2.7384017546265663e-05,再平衡移出,decile,momentum
2013-01-02,3508,sell,0.007005251665783004,2.350261933870198e-05,再平衡移出,decile,momentum
2013-01-02,2103,sell,0.006908511246532131,2.31780552321153e-05,再平衡移出,decile,momentum
2013-01-02,3045,sell,0.008511572523599964,2.855632581667788e-05,再平衡移出,decile,momentum
2013-01-02,2905,sell,0.0072696211378063536,2.4389578917340318e-05,再平衡移出,decile,momentum
2013-01-02,4904,sell,0.00976997370631628,3.2778261784691117e-05,再平衡移出,decile,momentum
2013-01-02,2412,sell,0.007250717671998156,2.4326157789553813e-05,再平衡移出,decile,momentum
2013-01-02,9914,sell,0.009609445105216743,3.223968832800217e-05,再平衡減碼,decile,momentum
2013-01-02,2402,sell,0.0059304503179838566,1.989666081683584e-05,再平衡移出,decile,momentum
2013-01-02,3265,sell,0.008184396157738784,2.7458649109213622e-05,再平衡減碼,decile,momentum
2013-01-02,5706,sell,0.008076746100770698,2.7097483168085692e-05,再平衡移出,decile,momentum
2013-01-02,8374,sell,0.005476291315615291,1.8372957363889302e-05,再平衡移出,decile,momentum
2013-01-02,3454,sell,0.010110047048373214,3.391920784729213e-05,再平衡移出,decile,momentum
2013-01-02,6192,sell,0.008714428054181947,2.9236906121780435e-05,再平衡移出,decile,momentum
2013-01-02,2912,sell,0.006925459367608306,2.3234916178325867e-05,再平衡移出,decile,momentum
2013-01-02,2809,sell,0.009376567442306602,3.145838376893865e-05,再平衡移出,decile,momentum
2013-01-02,3324,sell,0.008393904283409626,2.8161548870839295e-05,再平衡移出,decile,momentum
2013-01-02,2108,sell,0.0066492322541017385,2.2308174212511334e-05,再平衡移出,decile,momentum
2013-01-02,1736,sell,0.009295530207093129,3.118650384479745e-05,再平衡移出,decile,momentum
2013-01-02,2823,sell,0.008274470694624779,2.7760849180466134e-05,再平衡移出,decile,momentum
2013-01-02,1710,sell,0.007893923188523253,2.6484112297495514e-05,再平衡移出,decile,momentum
2013-01-02,1709,sell,0.006884225743786925,2.3096577370405135e-05,再平衡移出,decile,momentum
2013-01-02,9933,sell,0.010845987674516002,3.638828864800119e-05,再平衡移出,decile,momentum
2013-01-02,5314,sell,0.006765974445922136,2.2699844266068766e-05,再平衡移出,decile,momentum
2013-01-02,2493,sell,0.010805027160732443,3.6250866124257344e-05,再平衡移出,decile,momentum
2013-01-02,3441,sell,0.007957851617089591,2.669859217533558e-05,再平衡移出,decile,momentum
2013-01-02,8936,sell,0.006059794148090325,2.033060936684304e-05,再平衡移出,decile,momentum
2013-01-02,2105,sell,0.008450456540401606,2.8351281693047388e-05,再平衡移出,decile,momentum
2013-01-02,2221,sell,0.0062738498352175555,2.1048766197154902e-05,再平衡移出,decile,momentum
2013-01-02,6803,sell,0.008034025547369534,2.6954155711424785e-05,再平衡移出,decile,momentum
2013-01-02,5498,sell,0.006279836054283943,2.106884996212263e-05,再平衡移出,decile,momentum
2013-01-02,3004,sell,0.011626946901962495,3.900840685608417e-05,再平衡移出,decile,momentum
2013-01-02,2106,sell,0.010273100383647224,3.4466251787136434e-05,再平衡移出,decile,momentum
2013-01-02,9905,sell,0.008866198079525284,2.974609455680733e-05,再平衡移出,decile,momentum
2013-01-02,3176,buy,0.008022969208996863,1.8894092487187612e-05,再平衡買進,decile,momentum
2013-01-02,3373,buy,0.008022969208996863,1.8894092487187612e-05,再平衡買進,decile,momentum
2013-01-02,5306,buy,0.008022969208996863,1.8894092487187612e-05,再平衡買進,decile,momentum
2013-01-02,1566,buy,0.008022969208996863,1.8894092487187612e-05,再平衡買進,decile,momentum
2013-01-02,2314,buy,0.008022969208996863,1.8894092487187612e-05,再平衡買進,decile,momentum
2013-01-02,4912,buy,0.008022969208996863,1.8894092487187612e-05,再平衡買進,decile,momentum
2013-01-02,3587,buy,0.008022969208996863,1.8894092487187612e-05,再平衡買進,decile,momentum
2013-01-02,4933,buy,0.008022969208996863,1.8894092487187612e-05,再平衡買進,decile,momentum
2013-01-02,1781,buy,0.008022969208996863,1.8894092487187612e-05,再平衡買進,decile,momentum
2013-01-02,5480,buy,0.008022969208996863,1.8894092487187612e-05,再平衡買進,decile,momentum
2013-01-02,3131,buy,0.008022969208996863,1.8894092487187612e-05,再平衡買進,decile,momentum
2013-01-02,3680,buy,0.008022969208996863,1.8894092487187612e-05,再平衡買進,decile,momentum
2013-01-02,5904,buy,0.008022969208996863,1.8894092487187612e-05,再平衡買進,decile,momentum
2013-01-02,1435,buy,0.008022969208996863,1.8894092487187612e-05,再平衡買進,decile,momentum
2013-01-02,8213,buy,0.008022969208996863,1.8894092487187612e-05,再平衡買進,decile,momentum
2013-01-02,1707,buy,0.008022969208996863,1.8894092487187612e-05,再平衡買進,decile,momentum
2013-01-02,3498,buy,0.008022969208996863,1.8894092487187612e-05,再平衡買進,decile,momentum
2013-01-02,3582,buy,0.008022969208996863,1.8894092487187612e-05,再平衡買進,decile,momentum
2013-01-02,2514,buy,0.008022969208996863,1.8894092487187612e-05,再平衡買進,decile,momentum
2013-01-02,3303,buy,0.008022969208996863,1.8894092487187612e-05,再平衡買進,decile,momentum
2013-01-02,3489,buy,0.008022969208996863,1.8894092487187612e-05,再平衡買進,decile,momentum
2013-01-02,1416,buy,0.008022969208996863,1.8894092487187612e-05,再平衡買進,decile,momentum
2013-01-02,2227,buy,0.008022969208996863,1.8894092487187612e-05,再平衡買進,decile,momentum
2013-01-02,5347,buy,0.008022969208996863,1.8894092487187612e-05,再平衡買進,decile,momentum
2013-01-02,6147,buy,0.008022969208996863,1.8894092487187612e-05,再平衡買進,decile,momentum
2013-01-02,8271,buy,0.008022969208996863,1.8894092487187612e-05,再平衡買進,decile,momentum
2013-01-02,9945,buy,0.008022969208996863,1.8894092487187612e-05,再平衡買進,decile,momentum
2013-01-02,6298,buy,0.008022969208996863,1.8894092487187612e-05,再平衡買進,decile,momentum
2013-01-02,4702,buy,0.008022969208996863,1.8894092487187612e-05,再平衡買進,decile,momentum
2013-01-02,1752,buy,0.008022969208996863,1.8894092487187612e-05,再平衡買進,decile,momentum
2013-01-02,6230,buy,0.008022969208996863,1.8894092487187612e-05,再平衡買進,decile,momentum
2013-01-02,2458,buy,0.008022969208996863,1.8894092487187612e-05,再平衡買進,decile,momentum
2013-01-02,3266,buy,0.008022969208996863,1.8894092487187612e-05,再平衡買進,decile,momentum
2013-01-02,3548,buy,0.008022969208996863,1.8894092487187612e-05,再平衡買進,decile,momentum
2013-01-02,3376,buy,0.008022969208996863,1.8894092487187612e-05,再平衡買進,decile,momentum
2013-01-02,3030,buy,0.008022969208996863,1.8894092487187612e-05,再平衡買進,decile,momentum
2013-01-02,3035,buy,0.008022969208996863,1.8894092487187612e-05,再平衡買進,decile,momentum
2013-01-02,5489,buy,0.008022969208996863,1.8894092487187612e-05,再平衡買進,decile,momentum
2013-01-02,2901,buy,0.008022969208996863,1.8894092487187612e-05,再平衡買進,decile,momentum
2013-01-02,3491,buy,0.008022969208996863,1.8894092487187612e-05,再平衡買進,decile,momentum
2013-01-02,2355,buy,0.008022969208996863,1.8894092487187612e-05,再平衡買進,decile,momentum
2013-01-02,2331,buy,0.008022969208996863,1.8894092487187612e-05,再平衡買進,decile,momentum
2013-01-02,1410,buy,0.008022969208996863,1.8894092487187612e-05,再平衡買進,decile,momentum
2013-01-02,3060,buy,0.008022969208996863,1.8894092487187612e-05,再平衡買進,decile,momentum
2013-01-02,5508,buy,0.008022969208996863,1.8894092487187612e-05,再平衡買進,decile,momentum
2013-01-02,6245,buy,0.008022969208996863,1.8894092487187612e-05,再平衡買進,decile,momentum
2013-01-02,6143,buy,0.008022969208996863,1.8894092487187612e-05,再平衡買進,decile,momentum
2013-01-02,8088,buy,0.008022969208996863,1.8894092487187612e-05,再平衡買進,decile,momentum
2013-01-02,5511,buy,0.008022969208996863,1.8894092487187612e-05,再平衡買進,decile,momentum
2013-01-02,4139,buy,0.008022969208996863,1.8894092487187612e-05,再平衡買進,decile,momentum
2013-01-02,2449,buy,0.008022969208996863,1.8894092487187612e-05,再平衡買進,decile,momentum
2013-01-02,3234,buy,0.008022969208996863,1.8894092487187612e-05,再平衡買進,decile,momentum
2013-01-02,4113,buy,0.008022969208996863,1.8894092487187612e-05,再平衡買進,decile,momentum
2013-01-02,2545,buy,0.008022969208996863,1.8894092487187612e-05,再平衡買進,decile,momentum
2013-01-02,2524,buy,0.008022969208996863,1.8894092487187612e-05,再平衡買進,decile,momentum
2013-01-02,2308,buy,0.008022969208996863,1.8894092487187612e-05,再平衡買進,decile,momentum
2013-01-02,3479,buy,0.008022969208996863,1.8894092487187612e-05,再平衡買進,decile,momentum
2013-01-02,6163,buy,0.008022969208996863,1.8894092487187612e-05,再平衡買進,decile,momentum
2013-01-02,3607,buy,0.008022969208996863,1.8894092487187612e-05,再平衡買進,decile,momentum
2013-01-02,2102,buy,0.008022969208996863,1.8894092487187612e-05,再平衡買進,decile,momentum
2013-01-02,2383,buy,0.008022969208996863,1.8894092487187612e-05,再平衡買進,decile,momentum
2014-01-02,1476,sell,0.01598960414036405,5.3645121890921393e-05,再平衡減碼,decile,momentum
2014-01-02,6269,sell,0.008116637791997445,2.723131979215143e-05,再平衡移出,decile,momentum
2014-01-02,9914,sell,0.013549742093467052,4.545938472358196e-05,再平衡移出,decile,momentum
2014-01-02,3265,sell,0.009459886937050514,3.173792067380447e-05,再平衡移出,decile,momentum
2014-01-02,3176,sell,0.010547998049747116,3.538853345690157e-05,再平衡移出,decile,momentum
2014-01-02,3373,sell,0.00403674772135157,1.3543288605134517e-05,再平衡移出,decile,momentum
2014-01-02,5306,sell,0.010797106381974644,3.622429191152493e-05,再平衡減碼,decile,momentum
2014-01-02,1566,sell,0.006004161103784176,2.014396050319591e-05,再平衡移出,decile,momentum
2014-01-02,2314,sell,0.010462945217907155,3.510318120607851e-05,再平衡移出,decile,momentum
2014-01-02,4912,sell,0.007455695181661481,2.5013857334474266e-05,再平衡移出,decile,momentum
2014-01-02,3587,sell,0.010844565324247615,3.638351666285075e-05,再平衡移出,decile,momentum
2014-01-02,4933,sell,0.005552667339989298,1.8629198925664096e-05,再平衡移出,decile,momentum
2014-01-02,1781,sell,0.007069238571830574,2.3717295408491573e-05,再平衡移出,decile,momentum
2014-01-02,5480,sell,0.009836698226792227,3.300212255088792e-05,再平衡移出,decile,momentum
2014-01-02,3131,sell,0.0005500879626053282,1.8455451145408762e-06,再平衡減碼,decile,momentum
2014-01-02,3680,sell,0.007502631156528015,2.5171327530151492e-05,再平衡移出,decile,momentum
2014-01-02,5904,sell,0.010194185122420915,3.420149108572217e-05,再平衡減碼,decile,momentum
2014-01-02,1435,sell,0.00817733357252264,2.7434954135813457e-05,再平衡移出,decile,momentum
2014-01-02,8213,sell,0.0073932181090933975,2.480424675600835e-05,再平衡移出,decile,momentum
2014-01-02,1707,sell,0.015449383695915612,5.1832682299796876e-05,再平衡移出,decile,momentum
2014-01-02,3498,sell,0.02645248253887498,8.874807891792555e-05,再平衡減碼,decile,momentum
2014-01-02,3582,sell,0.0053661162407671464,1.8003319987773776e-05,再平衡移出,decile,momentum
2014-01-02,2514,sell,0.005316202245766381,1.7835858534546208e-05,再平衡移出,decile,momentum
2014-01-02,3303,sell,0.00871983003148105,2.9255029755618922e-05,再平衡移出,decile,momentum
2014-01-02,3489,sell,0.013059315676766733,4.381400409555239e-05,再平衡移出,decile,momentum
2014-01-02,1416,sell,0.009631807579364124,3.231471442876664e-05,再平衡移出,decile,momentum
2014-01-02,2227,sell,0.015793754167439212,5.298804523175855e-05,再平衡移出,decile,momentum
2014-01-02,5347,sell,0.013841902512074468,4.643958292800984e-05,再平衡移出,decile,momentum
2014-01-02,6147,sell,0.00669355504448864,2.2456877174259386e-05,再平衡移出,decile,momentum
2014-01-02,8271,sell,0.00945821853586517,3.173232318782765e-05,再平衡移出,decile,momentum
2014-01-02,9945,sell,0.008063116062169383,2.705175438857828e-05,再平衡移出,decile,momentum
2014-01-02,6298,sell,0.007494496895048473,2.5144037082887625e-05,再平衡移出,decile,momentum
2014-01-02,4702,sell,0.004458510245267068,1.4958301872871011e-05,再平衡移出,decile,momentum
2014-01-02,1752,sell,0.007206541539930025,2.4177946866465235e-05,再平衡移出,decile,momentum
2014-01-02,6230,sell,0.020538531178084643,6.890677210247398e-05,再平衡移出,decile,momentum
2014-01-02,2458,sell,0.008504589531613246,2.8532897878562442e-05,再平衡移出,decile,momentum
2014-01-02,3266,sell,0.008172963477197826,2.742029246599871e-05,再平衡移出,decile,momentum
2014-01-02,3548,sell,0.008767093507420337,2.941359871739523e-05,再平衡移出,decile,momentum
2014-01-02,3376,sell,0.0072642142549165225,2.437143882524493e-05,再平衡移出,decile,momentum
2014-01-02,3030,sell,0.00703851201187647,2.3614207799845556e-05,再平衡移出,decile,momentum
2014-01-02,3035,sell,0.009140911613073044,3.066775846186006e-05,再平衡移出,decile,momentum
2014-01-02,5489,sell,0.01677430939902348,5.627780803372377e-05,再平衡移出,decile,momentum
2014-01-02,2901,sell,0.0077108811886113056,2.5870006387790932e-05,再平衡移出,decile,momentum
2014-01-02,3491,sell,0.008610972092108458,2.8889811369023875e-05,再平衡移出,decile,momentum
2014-01-02,2355,sell,0.0131513295248202,4.412271055577177e-05,再平衡移出,decile,momentum
2014-01-02,2331,sell,0.015345372920002542,5.148372614660853e-05,再平衡移出,decile,momentum
2014-01-02,1410,sell,0.008248143783628396,2.767252239407327e-05,再平衡移出,decile,momentum
2014-01-02,3060,sell,0.01613537804272892,5.413419333335553e-05,再平衡移出,decile,momentum
2014-01-02,5508,sell,0.012867189030741754,4.316941919813858e-05,再平衡移出,decile,momentum
2014-01-02,6245,sell,0.014084703694928856,4.725418089648631e-05,再平衡移出,decile,momentum
2014-01-02,6143,sell,0.014884386096447759,4.993711535358223e-05,再平衡移出,decile,momentum
2014-01-02,8088,sell,0.01689501156279198,5.66827637931671e-05,再平衡移出,decile,momentum
2014-01-02,5511,sell,0.008873736534297546,2.9771386072568263e-05,再平衡移出,decile,momentum
2014-01-02,4139,sell,0.007236621522821869,2.427886520906737e-05,再平衡移出,decile,momentum
2014-01-02,2449,sell,0.009412322390746313,3.1578341620953885e-05,再平衡移出,decile,momentum
2014-01-02,3234,sell,0.006560419591545841,2.2010207729636296e-05,再平衡移出,decile,momentum
2014-01-02,4113,sell,0.00888114279503693,2.97962340773489e-05,再平衡移出,decile,momentum
2014-01-02,2545,sell,0.006338567505002055,2.1265893979281895e-05,再平衡移出,decile,momentum
2014-01-02,2524,sell,0.007261539439517569,2.4362464819581444e-05,再平衡移出,decile,momentum
2014-01-02,2308,sell,0.01311035344731697,4.398523581574843e-05,再平衡移出,decile,momentum
2014-01-02,3479,sell,0.0093173613660784,3.125974738319303e-05,再平衡移出,decile,momentum
2014-01-02,6163,sell,0.0074720236910822985,2.5068639483581114e-05,再平衡移出,decile,momentum
2014-01-02,3607,sell,0.006633514700095684,2.225544181882102e-05,再平衡移出,decile,momentum
2014-01-02,2102,sell,0.009203995734341863,3.087940568871695e-05,再平衡移出,decile,momentum
2014-01-02,2383,sell,0.007480294915482515,2.5096389441443837e-05,再平衡移出,decile,momentum
2014-01-02,3474,buy,0.010139728985351593,2.3879061760503002e-05,再平衡買進,decile,momentum
2014-01-02,4401,buy,0.010139728985351593,2.3879061760503002e-05,再平衡買進,decile,momentum
2014-01-02,3229,buy,0.010139728985351593,2.3879061760503002e-05,再平衡買進,decile,momentum
2014-01-02,6116,buy,0.010139728985351593,2.3879061760503002e-05,再平衡買進,decile,momentum
2014-01-02,4703,buy,0.010139728985351593,2.3879061760503002e-05,再平衡買進,decile,momentum
2014-01-02,3570,buy,0.010139728985351593,2.3879061760503002e-05,再平衡買進,decile,momentum
2014-01-02,3665,buy,0.010139728985351593,2.3879061760503002e-05,再平衡買進,decile,momentum
2014-01-02,2439,buy,0.010139728985351593,2.3879061760503002e-05,再平衡買進,decile,momentum
2014-01-02,8416,buy,0.010139728985351593,2.3879061760503002e-05,再平衡買進,decile,momentum
2014-01-02,8076,buy,0.010139728985351593,2.3879061760503002e-05,再平衡買進,decile,momentum
2014-01-02,5474,buy,0.010139728985351593,2.3879061760503002e-05,再平衡買進,decile,momentum
2014-01-02,1795,buy,0.010139728985351593,2.3879061760503002e-05,再平衡買進,decile,momentum
2014-01-02,3089,buy,0.010139728985351593,2.3879061760503002e-05,再平衡買進,decile,momentum
2014-01-02,2375,buy,0.010139728985351593,2.3879061760503002e-05,再平衡買進,decile,momentum
2014-01-02,4934,buy,0.010139728985351593,2.3879061760503002e-05,再平衡買進,decile,momentum
2014-01-02,1539,buy,0.010139728985351593,2.3879061760503002e-05,再平衡買進,decile,momentum
2014-01-02,4965,buy,0.010139728985351593,2.3879061760503002e-05,再平衡買進,decile,momentum
2014-01-02,1310,buy,0.010139728985351593,2.3879061760503002e-05,再平衡買進,decile,momentum
2014-01-02,1256,buy,0.010139728985351593,2.3879061760503002e-05,再平衡買進,decile,momentum
2014-01-02,3257,buy,0.010139728985351593,2.3879061760503002e-05,再平衡買進,decile,momentum
2014-01-02,1589,buy,0.010139728985351593,2.3879061760503002e-05,再平衡買進,decile,momentum
2014-01-02,1432,buy,0.010139728985351593,2.3879061760503002e-05,再平衡買進,decile,momentum
2014-01-02,2206,buy,0.010139728985351593,2.3879061760503002e-05,再平衡買進,decile,momentum
2014-01-02,2488,buy,0.010139728985351593,2.3879061760503002e-05,再平衡買進,decile,momentum
2014-01-02,8064,buy,0.010139728985351593,2.3879061760503002e-05,再平衡買進,decile,momentum
2014-01-02,3054,buy,0.010139728985351593,2.3879061760503002e-05,再平衡買進,decile,momentum
2014-01-02,1536,buy,0.010139728985351593,2.3879061760503002e-05,再平衡買進,decile,momentum
2014-01-02,4947,buy,0.010139728985351593,2.3879061760503002e-05,再平衡買進,decile,momentum
2014-01-02,2062,buy,0.010139728985351593,2.3879061760503002e-05,再平衡買進,decile,momentum
2014-01-02,3290,buy,0.010139728985351593,2.3879061760503002e-05,再平衡買進,decile,momentum
2014-01-02,3259,buy,0.010139728985351593,2.3879061760503002e-05,再平衡買進,decile,momentum
2014-01-02,6195,buy,0.010139728985351593,2.3879061760503002e-05,再平衡買進,decile,momentum
2014-01-02,2497,buy,0.010139728985351593,2.3879061760503002e-05,再平衡買進,decile,momentum
2014-01-02,3260,buy,0.010139728985351593,2.3879061760503002e-05,再平衡買進,decile,momentum
2014-01-02,3057,buy,0.010139728985351593,2.3879061760503002e-05,再平衡買進,decile,momentum
2014-01-02,9951,buy,0.010139728985351593,2.3879061760503002e-05,再平衡買進,decile,momentum
2014-01-02,3623,buy,0.010139728985351593,2.3879061760503002e-05,再平衡買進,decile,momentum
2014-01-02,3191,buy,0.010139728985351593,2.3879061760503002e-05,再平衡買進,decile,momentum
2014-01-02,9938,buy,0.010139728985351593,2.3879061760503002e-05,再平衡買進,decile,momentum
2014-01-02,3611,buy,0.010139728985351593,2.3879061760503002e-05,再平衡買進,decile,momentum
2014-01-02,4432,buy,0.010139728985351593,2.3879061760503002e-05,再平衡買進,decile,momentum
2014-01-02,3431,buy,0.010139728985351593,2.3879061760503002e-05,再平衡買進,decile,momentum
2014-01-02,8215,buy,0.010139728985351593,2.3879061760503002e-05,再平衡買進,decile,momentum
2014-01-02,3085,buy,0.010139728985351593,2.3879061760503002e-05,再平衡買進,decile,momentum
2014-01-02,9910,buy,0.010139728985351593,2.3879061760503002e-05,再平衡買進,decile,momentum
2014-01-02,8916,buy,0.010139728985351593,2.3879061760503002e-05,再平衡買進,decile,momentum
2014-01-02,3297,buy,0.010139728985351593,2.3879061760503002e-05,再平衡買進,decile,momentum
2014-01-02,2431,buy,0.010139728985351593,2.3879061760503002e-05,再平衡買進,decile,momentum
2014-01-02,3576,buy,0.010139728985351593,2.3879061760503002e-05,再平衡買進,decile,momentum
2014-01-02,2640,buy,0.010139728985351593,2.3879061760503002e-05,再平衡買進,decile,momentum
2014-01-02,9906,buy,0.010139728985351593,2.3879061760503002e-05,再平衡買進,decile,momentum
2014-01-02,2233,buy,0.010139728985351593,2.3879061760503002e-05,再平衡買進,decile,momentum
2014-01-02,2356,buy,0.010139728985351593,2.3879061760503002e-05,再平衡買進,decile,momentum
2014-01-02,3494,buy,0.010139728985351593,2.3879061760503002e-05,再平衡買進,decile,momentum
2014-01-02,6244,buy,0.010139728985351593,2.3879061760503002e-05,再平衡買進,decile,momentum
2014-01-02,1323,buy,0.010139728985351593,2.3879061760503002e-05,再平衡買進,decile,momentum
2014-01-02,1533,buy,0.010139728985351593,2.3879061760503002e-05,再平衡買進,decile,momentum
2014-01-02,8261,buy,0.010139728985351593,2.3879061760503002e-05,再平衡買進,decile,momentum
2014-01-02,3052,buy,0.010139728985351593,2.3879061760503002e-05,再平衡買進,decile,momentum
2014-01-02,6284,buy,0.010139728985351593,2.3879061760503002e-05,再平衡買進,decile,momentum
2014-01-02,1515,buy,0.010139728985351593,2.3879061760503002e-05,再平衡買進,decile,momentum
2014-01-02,4743,buy,0.010139728985351593,2.3879061760503002e-05,再平衡買進,decile,momentum
2014-01-02,4987,buy,0.010139728985351593,2.3879061760503002e-05,再平衡買進,decile,momentum
2015-01-05,3085,sell,0.004311918880846969,1.4466487845241582e-05,停牌於選股日，視同下市,decile,momentum
2015-01-05,1476,sell,0.010308488967547316,3.458498048612124e-05,再平衡移出,decile,momentum
2015-01-05,5306,sell,0.00989268419566862,3.318995547646822e-05,再平衡移出,decile,momentum
2015-01-05,3131,sell,0.008058588151983544,2.703656324990479e-05,再平衡移出,decile,momentum
2015-01-05,5904,sell,0.013431380389336613,4.506228120622433e-05,再平衡移出,decile,momentum
2015-01-05,3498,sell,0.005580840956501398,1.872372140906219e-05,再平衡移出,decile,momentum
2015-01-05,3474,sell,0.013151115673617104,4.412199308498539e-05,再平衡減碼,decile,momentum
2015-01-05,4401,sell,0.007932035200759125,2.6611978098546864e-05,再平衡移出,decile,momentum
2015-01-05,3229,sell,0.009632395824884326,3.2316687992486915e-05,再平衡移出,decile,momentum
2015-01-05,6116,sell,0.008557481328028185,2.8710349855534562e-05,再平衡移出,decile,momentum
2015-01-05,4703,sell,0.012308037504740047,4.1293465828402855e-05,再平衡移出,decile,momentum
2015-01-05,3570,sell,0.007174698193106307,2.407111243787166e-05,再平衡移出,decile,momentum
2015-01-05,3665,sell,0.009526463448835957,3.1961284870844634e-05,再平衡移出,decile,momentum
2015-01-05,2439,sell,0.0071452672206933285,2.3972371525426116e-05,再平衡移出,decile,momentum
2015-01-05,8416,sell,0.0071370812586334705,2.3944907622715293e-05,再平衡移出,decile,momentum
2015-01-05,8076,sell,0.010241685602625714,3.436085519680927e-05,再平衡移出,decile,momentum
2015-01-05,5474,sell,0.00992585112308515,3.3301230517950674e-05,再平衡移出,decile,momentum
2015-01-05,1795,sell,0.011327894970620067,3.800508762643032e-05,再平衡移出,decile,momentum
2015-01-05,3089,sell,0.011510896400573995,3.861905742392575e-05,再平衡移出,decile,momentum
2015-01-05,2375,sell,0.009787648328853631,3.283756014330393e-05,再平衡移出,decile,momentum
2015-01-05,4934,sell,0.0069231727170279145,2.3227244465628655e-05,再平衡移出,decile,momentum
2015-01-05,1539,sell,0.009487055175811963,3.182907011484914e-05,再平衡移出,decile,momentum
2015-01-05,4965,sell,0.009768478145691418,3.27732441787947e-05,再平衡移出,decile,momentum
2015-01-05,1310,sell,0.007192372187304139,2.4130408688405384e-05,再平衡移出,decile,momentum
2015-01-05,1256,sell,0.013879790976809374,4.6566698727195455e-05,再平衡移出,decile,momentum
2015-01-05,3257,sell,0.010755024445893756,3.608310701597355e-05,再平衡移出,decile,momentum
2015-01-05,1589,sell,0.012945489281246746,4.3432116538582834e-05,再平衡移出,decile,momentum
2015-01-05,1432,sell,0.008763356287654922,2.9401060345082262e-05,再平衡移出,decile,momentum
2015-01-05,2206,sell,0.005959841112353832,1.9995266931947108e-05,再平衡移出,decile,momentum
2015-01-05,2488,sell,0.007425111975823991,2.491125067888949e-05,再平衡移出,decile,momentum
2015-01-05,8064,sell,0.012755911794069503,4.279608406910319e-05,再平衡移出,decile,momentum
2015-01-05,3054,sell,0.00593054013377093,1.9896962148801468e-05,再平衡移出,decile,momentum
2015-01-05,1536,sell,0.013024716462903131,4.369792373304e-05,再平衡移出,decile,momentum
2015-01-05,4947,sell,0.006398466480745809,2.1466855042902188e-05,再平衡移出,decile,momentum
2015-01-05,2062,sell,0.007580977676085224,2.5434180103265927e-05,再平衡移出,decile,momentum
2015-01-05,3290,sell,0.005988312008008715,2.009078678686924e-05,再平衡移出,decile,momentum
2015-01-05,3259,sell,0.00848729448435318,2.847487299500492e-05,再平衡移出,decile,momentum
2015-01-05,6195,sell,0.008912678079424178,2.9902034956468116e-05,再平衡移出,decile,momentum
2015-01-05,2497,sell,0.010710312526263746,3.593309852561487e-05,再平衡移出,decile,momentum
2015-01-05,3260,sell,0.008909435951075538,2.989115761585843e-05,再平衡移出,decile,momentum
2015-01-05,3057,sell,0.011065357805590642,3.7124275437756606e-05,再平衡移出,decile,momentum
2015-01-05,9951,sell,0.009840151057887075,3.3013706799211136e-05,再平衡移出,decile,momentum
2015-01-05,3623,sell,0.005685866303328381,1.9076081447666718e-05,再平衡減碼,decile,momentum
2015-01-05,3191,sell,0.010321299198159408,3.462795880982481e-05,再平衡移出,decile,momentum
2015-01-05,9938,sell,0.012478148722259061,4.186418896317915e-05,再平衡移出,decile,momentum
2015-01-05,3611,sell,0.012360678897858026,4.147007770231368e-05,再平衡移出,decile,momentum
2015-01-05,4432,sell,0.01152999011533155,3.868311683693735e-05,再平衡移出,decile,momentum
2015-01-05,3431,sell,0.008361108404410626,2.8051518696797647e-05,再平衡移出,decile,momentum
2015-01-05,8215,sell,0.01095626187174395,3.675825857970095e-05,再平衡移出,decile,momentum
2015-01-05,9910,sell,0.015222167013660607,5.107037033083134e-05,再平衡移出,decile,momentum
2015-01-05,8916,sell,0.009849096836236236,3.3043719885572576e-05,再平衡移出,decile,momentum
2015-01-05,3297,sell,0.006924491930560695,2.3231670427031133e-05,再平衡移出,decile,momentum
2015-01-05,2431,sell,0.0131578873848132,4.4144712176048294e-05,再平衡移出,decile,momentum
2015-01-05,3576,sell,0.006966911168400578,2.337398696998394e-05,再平衡移出,decile,momentum
2015-01-05,2640,sell,0.007996205284903763,2.6827268730852125e-05,再平衡移出,decile,momentum
2015-01-05,9906,sell,0.008282647599458114,2.778828269618197e-05,再平衡移出,decile,momentum
2015-01-05,2233,sell,0.007476320067784411,2.5083053827416696e-05,再平衡移出,decile,momentum
2015-01-05,2356,sell,0.00870310253469318,2.9198909003895613e-05,再平衡移出,decile,momentum
2015-01-05,3494,sell,0.005316922380794071,1.7838274587564106e-05,再平衡移出,decile,momentum
2015-01-05,6244,sell,0.008116714375434163,2.7231576729581617e-05,再平衡移出,decile,momentum
2015-01-05,1323,sell,0.009009201064488761,3.0225869571359793e-05,再平衡移出,decile,momentum
2015-01-05,1533,sell,0.014506126046149193,4.8668052884830543e-05,再平衡移出,decile,momentum
2015-01-05,8261,sell,0.008822098603913005,2.9598140816128133e-05,再平衡移出,decile,momentum
2015-01-05,3052,sell,0.007617082012489417,2.5555310151901993e-05,再平衡移出,decile,momentum
2015-01-05,6284,sell,0.01057396850788996,3.547566434397082e-05,再平衡移出,decile,momentum
2015-01-05,1515,sell,0.009194147096701626,3.0846363509433955e-05,再平衡移出,decile,momentum
2015-01-05,4743,sell,0.014795587699324477,4.963919673123362e-05,再平衡移出,decile,momentum
2015-01-05,4987,sell,0.011245487323507605,3.772860997036801e-05,再平衡移出,decile,momentum
2015-01-05,2408,buy,0.009432953853364331,2.2214606324673e-05,再平衡買進,decile,momentum
2015-01-05,3520,buy,0.009432953853364331,2.2214606324673e-05,再平衡買進,decile,momentum
2015-01-05,3232,buy,0.009432953853364331,2.2214606324673e-05,再平衡買進,decile,momentum
2015-01-05,5269,buy,0.009432953853364331,2.2214606324673e-05,再平衡買進,decile,momentum
2015-01-05,3490,buy,0.009432953853364331,2.2214606324673e-05,再平衡買進,decile,momentum
2015-01-05,6259,buy,0.009432953853364331,2.2214606324673e-05,再平衡買進,decile,momentum
2015-01-05,2327,buy,0.009432953853364331,2.2214606324673e-05,再平衡買進,decile,momentum
2015-01-05,3529,buy,0.009432953853364331,2.2214606324673e-05,再平衡買進,decile,momentum
2015-01-05,5202,buy,0.009432953853364331,2.2214606324673e-05,再平衡買進,decile,momentum
2015-01-05,5263,buy,0.009432953853364331,2.2214606324673e-05,再平衡買進,decile,momentum
2015-01-05,3360,buy,0.009432953853364331,2.2214606324673e-05,再平衡買進,decile,momentum
2015-01-05,8928,buy,0.009432953853364331,2.2214606324673e-05,再平衡買進,decile,momentum
2015-01-05,3541,buy,0.009432953853364331,2.2214606324673e-05,再平衡買進,decile,momentum
2015-01-05,6228,buy,0.009432953853364331,2.2214606324673e-05,再平衡買進,decile,momentum
2015-01-05,2231,buy,0.009432953853364331,2.2214606324673e-05,再平衡買進,decile,momentum
2015-01-05,3293,buy,0.009432953853364331,2.2214606324673e-05,再平衡買進,decile,momentum
2015-01-05,3289,buy,0.009432953853364331,2.2214606324673e-05,再平衡買進,decile,momentum
2015-01-05,5505,buy,0.009432953853364331,2.2214606324673e-05,再平衡買進,decile,momentum
2015-01-05,6179,buy,0.009432953853364331,2.2214606324673e-05,再平衡買進,decile,momentum
2015-01-05,1339,buy,0.009432953853364331,2.2214606324673e-05,再平衡買進,decile,momentum
2015-01-05,2368,buy,0.009432953853364331,2.2214606324673e-05,再平衡買進,decile,momentum
2015-01-05,4995,buy,0.009432953853364331,2.2214606324673e-05,再平衡買進,decile,momentum
2015-01-05,8086,buy,0.009432953853364331,2.2214606324673e-05,再平衡買進,decile,momentum
2015-01-05,8234,buy,0.009432953853364331,2.2214606324673e-05,再平衡買進,decile,momentum
2015-01-05,6104,buy,0.009432953853364331,2.2214606324673e-05,再平衡買進,decile,momentum
2015-01-05,2329,buy,0.009432953853364331,2.2214606324673e-05,再平衡買進,decile,momentum
2015-01-05,3533,buy,0.009432953853364331,2.2214606324673e-05,再平衡買進,decile,momentum
2015-01-05,8085,buy,0.009432953853364331,2.2214606324673e-05,再平衡買進,decile,momentum
2015-01-05,4733,buy,0.009432953853364331,2.2214606324673e-05,再平衡買進,decile,momentum
2015-01-05,3432,buy,0.009432953853364331,2.2214606324673e-05,再平衡買進,decile,momentum
2015-01-05,4161,buy,0.009432953853364331,2.2214606324673e-05,再平衡買進,decile,momentum
2015-01-05,5215,buy,0.009432953853364331,2.2214606324673e-05,再平衡買進,decile,momentum
2015-01-05,2305,buy,0.009432953853364331,2.2214606324673e-05,再平衡買進,decile,momentum
2015-01-05,3048,buy,0.009432953853364331,2.2214606324673e-05,再平衡買進,decile,momentum
2015-01-05,3008,buy,0.009432953853364331,2.2214606324673e-05,再平衡買進,decile,momentum
2015-01-05,3662,buy,0.009432953853364331,2.2214606324673e-05,再平衡買進,decile,momentum
2015-01-05,8349,buy,0.009432953853364331,2.2214606324673e-05,再平衡買進,decile,momentum
2015-01-05,1225,buy,0.009432953853364331,2.2214606324673e-05,再平衡買進,decile,momentum
2015-01-05,3018,buy,0.009432953853364331,2.2214606324673e-05,再平衡買進,decile,momentum
2015-01-05,3605,buy,0.009432953853364331,2.2214606324673e-05,再平衡買進,decile,momentum
2015-01-05,2352,buy,0.009432953853364331,2.2214606324673e-05,再平衡買進,decile,momentum
2015-01-05,3594,buy,0.009432953853364331,2.2214606324673e-05,再平衡買進,decile,momentum
2015-01-05,2465,buy,0.009432953853364331,2.2214606324673e-05,再平衡買進,decile,momentum
2015-01-05,1729,buy,0.009432953853364331,2.2214606324673e-05,再平衡買進,decile,momentum
2015-01-05,5603,buy,0.009432953853364331,2.2214606324673e-05,再平衡買進,decile,momentum
2015-01-05,2402,buy,0.009432953853364331,2.2214606324673e-05,再平衡買進,decile,momentum
2015-01-05,5481,buy,0.009432953853364331,2.2214606324673e-05,再平衡買進,decile,momentum
2015-01-05,3645,buy,0.009432953853364331,2.2214606324673e-05,再平衡買進,decile,momentum
2015-01-05,6223,buy,0.009432953853364331,2.2214606324673e-05,再平衡買進,decile,momentum
2015-01-05,2390,buy,0.009432953853364331,2.2214606324673e-05,再平衡買進,decile,momentum
2015-01-05,4938,buy,0.009432953853364331,2.2214606324673e-05,再平衡買進,decile,momentum
2015-01-05,3642,buy,0.009432953853364331,2.2214606324673e-05,再平衡買進,decile,momentum
2015-01-05,3285,buy,0.009432953853364331,2.2214606324673e-05,再平衡買進,decile,momentum
2015-01-05,3580,buy,0.009432953853364331,2.2214606324673e-05,再平衡買進,decile,momentum
2015-01-05,2331,buy,0.009432953853364331,2.2214606324673e-05,再平衡買進,decile,momentum
2015-01-05,9944,buy,0.009432953853364331,2.2214606324673e-05,再平衡買進,decile,momentum
2015-01-05,4739,buy,0.009432953853364331,2.2214606324673e-05,再平衡買進,decile,momentum
2015-01-05,3055,buy,0.009432953853364331,2.2214606324673e-05,再平衡買進,decile,momentum
2015-01-05,4153,buy,0.009432953853364331,2.2214606324673e-05,再平衡買進,decile,momentum
2015-01-05,6105,buy,0.009432953853364331,2.2214606324673e-05,再平衡買進,decile,momentum
2015-01-05,5274,buy,0.009432953853364331,2.2214606324673e-05,再平衡買進,decile,momentum
2015-01-05,5272,buy,0.009432953853364331,2.2214606324673e-05,再平衡買進,decile,momentum
2015-01-05,6243,buy,0.009432953853364331,2.2214606324673e-05,再平衡買進,decile,momentum
2015-01-05,3484,buy,0.009432953853364331,2.2214606324673e-05,再平衡買進,decile,momentum
2015-01-05,6175,buy,0.009432953853364331,2.2214606324673e-05,再平衡買進,decile,momentum
2015-01-05,2472,buy,0.009432953853364331,2.2214606324673e-05,再平衡買進,decile,momentum
2015-01-05,2615,buy,0.009432953853364331,2.2214606324673e-05,再平衡買進,decile,momentum
2015-01-05,3206,buy,0.009432953853364331,2.2214606324673e-05,再平衡買進,decile,momentum
2015-05-13,5505,sell,0.001968998176241985,6.605988881291859e-06,下市出場,decile,momentum
2015-05-13,3474,buy,2.8373646545872773e-05,6.681993761553038e-08,下市所得再分配,decile,momentum
2015-05-13,3623,buy,2.8373646545872773e-05,6.681993761553038e-08,下市所得再分配,decile,momentum
2015-05-13,2408,buy,2.8373646545872773e-05,6.681993761553038e-08,下市所得再分配,decile,momentum
2015-05-13,3520,buy,2.8373646545872773e-05,6.681993761553038e-08,下市所得再分配,decile,momentum
2015-05-13,3232,buy,2.8373646545872773e-05,6.681993761553038e-08,下市所得再分配,decile,momentum
2015-05-13,5269,buy,2.8373646545872773e-05,6.681993761553038e-08,下市所得再分配,decile,momentum
2015-05-13,3490,buy,2.8373646545872773e-05,6.681993761553038e-08,下市所得再分配,decile,momentum
2015-05-13,6259,buy,2.8373646545872773e-05,6.681993761553038e-08,下市所得再分配,decile,momentum
2015-05-13,2327,buy,2.8373646545872773e-05,6.681993761553038e-08,下市所得再分配,decile,momentum
2015-05-13,3529,buy,2.8373646545872773e-05,6.681993761553038e-08,下市所得再分配,decile,momentum
2015-05-13,5202,buy,2.8373646545872773e-05,6.681993761553038e-08,下市所得再分配,decile,momentum
2015-05-13,5263,buy,2.8373646545872773e-05,6.681993761553038e-08,下市所得再分配,decile,momentum
2015-05-13,3360,buy,2.8373646545872773e-05,6.681993761553038e-08,下市所得再分配,decile,momentum
2015-05-13,8928,buy,2.8373646545872773e-05,6.681993761553038e-08,下市所得再分配,decile,momentum
2015-05-13,3541,buy,2.8373646545872773e-05,6.681993761553038e-08,下市所得再分配,decile,momentum
2015-05-13,6228,buy,2.8373646545872773e-05,6.681993761553038e-08,下市所得再分配,decile,momentum
2015-05-13,2231,buy,2.8373646545872773e-05,6.681993761553038e-08,下市所得再分配,decile,momentum
2015-05-13,3293,buy,2.8373646545872773e-05,6.681993761553038e-08,下市所得再分配,decile,momentum
2015-05-13,3289,buy,2.8373646545872773e-05,6.681993761553038e-08,下市所得再分配,decile,momentum
2015-05-13,6179,buy,2.8373646545872773e-05,6.681993761553038e-08,下市所得再分配,decile,momentum
2015-05-13,1339,buy,2.8373646545872773e-05,6.681993761553038e-08,下市所得再分配,decile,momentum
2015-05-13,2368,buy,2.8373646545872773e-05,6.681993761553038e-08,下市所得再分配,decile,momentum
2015-05-13,4995,buy,2.8373646545872773e-05,6.681993761553038e-08,下市所得再分配,decile,momentum
2015-05-13,8086,buy,2.8373646545872773e-05,6.681993761553038e-08,下市所得再分配,decile,momentum
2015-05-13,8234,buy,2.8373646545872773e-05,6.681993761553038e-08,下市所得再分配,decile,momentum
2015-05-13,6104,buy,2.8373646545872773e-05,6.681993761553038e-08,下市所得再分配,decile,momentum
2015-05-13,2329,buy,2.8373646545872773e-05,6.681993761553038e-08,下市所得再分配,decile,momentum
2015-05-13,3533,buy,2.8373646545872773e-05,6.681993761553038e-08,下市所得再分配,decile,momentum
2015-05-13,8085,buy,2.8373646545872773e-05,6.681993761553038e-08,下市所得再分配,decile,momentum
2015-05-13,4733,buy,2.8373646545872773e-05,6.681993761553038e-08,下市所得再分配,decile,momentum
2015-05-13,3432,buy,2.8373646545872773e-05,6.681993761553038e-08,下市所得再分配,decile,momentum
2015-05-13,4161,buy,2.8373646545872773e-05,6.681993761553038e-08,下市所得再分配,decile,momentum
2015-05-13,5215,buy,2.8373646545872773e-05,6.681993761553038e-08,下市所得再分配,decile,momentum
2015-05-13,2305,buy,2.8373646545872773e-05,6.681993761553038e-08,下市所得再分配,decile,momentum
2015-05-13,3048,buy,2.8373646545872773e-05,6.681993761553038e-08,下市所得再分配,decile,momentum
2015-05-13,3008,buy,2.8373646545872773e-05,6.681993761553038e-08,下市所得再分配,decile,momentum
2015-05-13,3662,buy,2.8373646545872773e-05,6.681993761553038e-08,下市所得再分配,decile,momentum
2015-05-13,8349,buy,2.8373646545872773e-05,6.681993761553038e-08,下市所得再分配,decile,momentum
2015-05-13,1225,buy,2.8373646545872773e-05,6.681993761553038e-08,下市所得再分配,decile,momentum
2015-05-13,3018,buy,2.8373646545872773e-05,6.681993761553038e-08,下市所得再分配,decile,momentum
2015-05-13,3605,buy,2.8373646545872773e-05,6.681993761553038e-08,下市所得再分配,decile,momentum
2015-05-13,2352,buy,2.8373646545872773e-05,6.681993761553038e-08,下市所得再分配,decile,momentum
2015-05-13,3594,buy,2.8373646545872773e-05,6.681993761553038e-08,下市所得再分配,decile,momentum
2015-05-13,2465,buy,2.8373646545872773e-05,6.681993761553038e-08,下市所得再分配,decile,momentum
2015-05-13,1729,buy,2.8373646545872773e-05,6.681993761553038e-08,下市所得再分配,decile,momentum
2015-05-13,5603,buy,2.8373646545872773e-05,6.681993761553038e-08,下市所得再分配,decile,momentum
2015-05-13,2402,buy,2.8373646545872773e-05,6.681993761553038e-08,下市所得再分配,decile,momentum
2015-05-13,5481,buy,2.8373646545872773e-05,6.681993761553038e-08,下市所得再分配,decile,momentum
2015-05-13,3645,buy,2.8373646545872773e-05,6.681993761553038e-08,下市所得再分配,decile,momentum
2015-05-13,6223,buy,2.8373646545872773e-05,6.681993761553038e-08,下市所得再分配,decile,momentum
2015-05-13,2390,buy,2.8373646545872773e-05,6.681993761553038e-08,下市所得再分配,decile,momentum
2015-05-13,4938,buy,2.8373646545872773e-05,6.681993761553038e-08,下市所得再分配,decile,momentum
2015-05-13,3642,buy,2.8373646545872773e-05,6.681993761553038e-08,下市所得再分配,decile,momentum
2015-05-13,3285,buy,2.8373646545872773e-05,6.681993761553038e-08,下市所得再分配,decile,momentum
2015-05-13,3580,buy,2.8373646545872773e-05,6.681993761553038e-08,下市所得再分配,decile,momentum
2015-05-13,2331,buy,2.8373646545872773e-05,6.681993761553038e-08,下市所得再分配,decile,momentum
2015-05-13,9944,buy,2.8373646545872773e-05,6.681993761553038e-08,下市所得再分配,decile,momentum
2015-05-13,4739,buy,2.8373646545872773e-05,6.681993761553038e-08,下市所得再分配,decile,momentum
2015-05-13,3055,buy,2.8373646545872773e-05,6.681993761553038e-08,下市所得再分配,decile,momentum
2015-05-13,4153,buy,2.8373646545872773e-05,6.681993761553038e-08,下市所得再分配,decile,momentum
2015-05-13,6105,buy,2.8373646545872773e-05,6.681993761553038e-08,下市所得再分配,decile,momentum
2015-05-13,5274,buy,2.8373646545872773e-05,6.681993761553038e-08,下市所得再分配,decile,momentum
2015-05-13,5272,buy,2.8373646545872773e-05,6.681993761553038e-08,下市所得再分配,decile,momentum
2015-05-13,6243,buy,2.8373646545872773e-05,6.681993761553038e-08,下市所得再分配,decile,momentum
2015-05-13,3484,buy,2.8373646545872773e-05,6.681993761553038e-08,下市所得再分配,decile,momentum
2015-05-13,6175,buy,2.8373646545872773e-05,6.681993761553038e-08,下市所得再分配,decile,momentum
2015-05-13,2472,buy,2.8373646545872773e-05,6.681993761553038e-08,下市所得再分配,decile,momentum
2015-05-13,2615,buy,2.8373646545872773e-05,6.681993761553038e-08,下市所得再分配,decile,momentum
2015-05-13,3206,buy,2.8373646545872773e-05,6.681993761553038e-08,下市所得再分配,decile,momentum
2007-01-02,3025,buy,0.02269326377696697,5.344263619475722e-05,再平衡買進,decile,size
2007-01-02,2543,buy,0.02269326377696697,5.344263619475722e-05,再平衡買進,decile,size
2007-01-02,1215,buy,0.02269326377696697,5.344263619475722e-05,再平衡買進,decile,size
2007-01-02,3013,buy,0.02269326377696697,5.344263619475722e-05,再平衡買進,decile,size
2007-01-02,3050,buy,0.02269326377696697,5.344263619475722e-05,再平衡買進,decile,size
2007-01-02,3271,buy,0.02269326377696697,5.344263619475722e-05,再平衡買進,decile,size
2007-01-02,1535,buy,0.02269326377696697,5.344263619475722e-05,再平衡買進,decile,size
2007-01-02,3058,buy,0.02269326377696697,5.344263619475722e-05,再平衡買進,decile,size
2007-01-02,2406,buy,0.02269326377696697,5.344263619475722e-05,再平衡買進,decile,size
2007-01-02,2484,buy,0.02269326377696697,5.344263619475722e-05,再平衡買進,decile,size
2007-01-02,2530,buy,0.02269326377696697,5.344263619475722e-05,再平衡買進,decile,size
2007-01-02,2444,buy,0.02269326377696697,5.344263619475722e-05,再平衡買進,decile,size
2007-01-02,6133,buy,0.02269326377696697,5.344263619475722e-05,再平衡買進,decile,size
2007-01-02,1616,buy,0.02269326377696697,5.344263619475722e-05,再平衡買進,decile,size
2007-01-02,2399,buy,0.02269326377696697,5.344263619475722e-05,再平衡買進,decile,size
2007-01-02,2428,buy,0.02269326377696697,5.344263619475722e-05,再平衡買進,decile,size
2007-01-02,9944,buy,0.02269326377696697,5.344263619475722e-05,再平衡買進,decile,size
2007-01-02,3016,buy,0.02269326377696697,5.344263619475722e-05,再平衡買進,decile,size
2007-01-02,2032,buy,0.02269326377696697,5.344263619475722e-05,再平衡買進,decile,size
2007-01-02,2456,buy,0.02269326377696697,5.344263619475722e-05,再平衡買進,decile,size
2007-01-02,1809,buy,0.02269326377696697,5.344263619475722e-05,再平衡買進,decile,size
2007-01-02,1524,buy,0.02269326377696697,5.344263619475722e-05,再平衡買進,decile,size
2007-01-02,2413,buy,0.02269326377696697,5.344263619475722e-05,再平衡買進,decile,size
2007-01-02,2483,buy,0.02269326377696697,5.344263619475722e-05,再平衡買進,decile,size
2007-01-02,2611,buy,0.02269326377696697,5.344263619475722e-05,再平衡買進,decile,size
2007-01-02,2007,buy,0.02269326377696697,5.344263619475722e-05,再平衡買進,decile,size
2007-01-02,2467,buy,0.02269326377696697,5.344263619475722e-05,再平衡買進,decile,size
2007-01-02,2414,buy,0.02269326377696697,5.344263619475722e-05,再平衡買進,decile,size
2007-03-03,3086,buy,0.022639946702482622,5.331707448434658e-05,順延買進,decile,size
2007-03-03,8088,buy,0.022639946702482622,5.331707448434658e-05,順延買進,decile,size
2007-03-03,6179,buy,0.022639946702482622,5.331707448434658e-05,順延買進,decile,size
2007-03-03,8277,buy,0.022639946702482622,5.331707448434658e-05,順延買進,decile,size
2007-03-03,8096,buy,0.022639946702482622,5.331707448434658e-05,順延買進,decile,size
2007-03-03,6167,buy,0.022639946702482622,5.331707448434658e-05,順延買進,decile,size
2007-03-03,6101,buy,0.022639946702482622,5.331707448434658e-05,順延買進,decile,size
2007-03-03,6190,buy,0.022639946702482622,5.331707448434658e-05,順延買進,decile,size
2007-03-03,3188,buy,0.022639946702482622,5.331707448434658e-05,順延買進,decile,size
2007-03-03,5474,buy,0.022639946702482622,5.331707448434658e-05,順延買進,decile,size
2007-03-03,5475,buy,0.022639946702482622,5.331707448434658e-05,順延買進,decile,size
2007-03-03,5426,buy,0.022639946702482622,5.331707448434658e-05,順延買進,decile,size
2007-03-03,4716,buy,0.022639946702482622,5.331707448434658e-05,順延買進,decile,size
2007-03-03,6118,buy,0.022639946702482622,5.331707448434658e-05,順延買進,decile,size
2007-03-03,6207,buy,0.022639946702482622,5.331707448434658e-05,順延買進,decile,size
2007-03-03,5905,buy,0.022639946702482622,5.331707448434658e-05,順延買進,decile,size
2008-01-02,3025,sell,0.01679490486978771,5.634690583813777e-05,再平衡移出,decile,size
2008-01-02,2543,sell,0.016208383431370935,5.4379126412249486e-05,再平衡移出,decile,size
2008-01-02,1215,sell,0.01640945358784771,5.505371678722906e-05,再平衡減碼,decile,size
2008-01-02,3013,sell,0.020425557122580127,6.852774414625632e-05,再平衡移出,decile,size
2008-01-02,3050,sell,0.0007014497947743087,2.353364061467806e-06,再平衡減碼,decile,size
2008-01-02,3271,sell,0.008348574247106569,2.8009466599042538e-05,再平衡減碼,decile,size
2008-01-02,1535,sell,0.032904812600310605,0.00011039564627404208,再平衡移出,decile,size
2008-01-02,3058,sell,0.01363450235857816,4.574375541302973e-05,再平衡移出,decile,size
2008-01-02,2484,sell,0.0010627463376266764,3.5655139627374993e-06,再平衡減碼,decile,size
2008-01-02,2530,sell,0.021094780576745593,7.077298883498146e-05,再平衡移出,decile,size
2008-01-02,2444,sell,0.01768366030915651,5.9328680337220085e-05,再平衡移出,decile,size
2008-01-02,6133,sell,0.01803564655587229,6.050959419495154e-05,再平衡移出,decile,size
2008-01-02,1616,sell,0.01159392136536098,3.8897606180786086e-05,再平衡移出,decile,size
2008-01-02,2399,sell,0.008572889773891524,2.8762045191406064e-05,再平衡減碼,decile,size
2008-01-02,2428,sell,0.006972361020264776,2.3392271222988325e-05,再平衡減碼,decile,size
2008-01-02,9944,sell,0.00262864260429186,8.81909593739919e-06,再平衡減碼,decile,size
2008-01-02,3016,sell,0.0019343316284253231,6.489682613366959e-06,再平衡減碼,decile,size
2008-01-02,2032,sell,0.01642113333762766,5.50929023477408e-05,再平衡移出,decile,size
2008-01-02,2456,sell,0.0215119862106299,7.217271373666332e-05,再平衡移出,decile,size
2008-01-02,1809,sell,0.016821418834812623,5.643586019079635e-05,再平衡移出,decile,size
2008-01-02,1524,sell,0.01535650472019729,5.152107333626191e-05,再平衡移出,decile,size
2008-01-02,2413,sell,0.01943738407501141,6.521242357166328e-05,再平衡移出,decile,size
2008-01-02,2483,sell,0.015260362329185985,5.119851561441898e-05,再平衡移出,decile,size
2008-01-02,2611,sell,0.024172954510371415,8.11002623822961e-05,再平衡移出,decile,size
2008-01-02,2007,sell,0.029755756585155016,9.983056334319509e-05,再平衡移出,decile,size
2008-01-02,2467,sell,0.01779930964681497,5.971668386506422e-05,再平衡移出,decile,size
2008-01-02,2414,sell,0.020884141533212726,7.00662948439287e-05,再平衡移出,decile,size
2008-01-02,3086,sell,0.01379248641212024,4.6273791912663404e-05,再平衡移出,decile,size
2008-01-02,8088,sell,0.01201091932388568,4.029663433163646e-05,再平衡移出,decile,size
2008-01-02,6179,sell,0.01895541638249505,6.359542196327089e-05,再平衡移出,decile,size
2008-01-02,8277,sell,0.011897448667333305,3.991594027890324e-05,再平衡移出,decile,size
2008-01-02,8096,sell,0.018015354872923186,6.044151559865729e-05,再平衡移出,decile,size
2008-01-02,6167,sell,0.01900389135398636,6.375805549262423e-05,再平衡移出,decile,size
2008-01-02,6101,sell,0.01987094845262812,6.666703205856734e-05,再平衡移出,decile,size
2008-01-02,6190,sell,0.018394997024668187,6.171521501776178e-05,再平衡移出,decile,size
2008-01-02,3188,sell,0.012537409639180569,4.206300933945081e-05,再平衡移出,decile,size
2008-01-02,5474,sell,0.01700569507082299,5.705410696261113e-05,再平衡移出,decile,size
2008-01-02,5475,sell,0.016797120602109136,5.6354339620076144e-05,再平衡移出,decile,size
2008-01-02,5426,sell,0.017238327645862913,5.783458925187007e-05,再平衡移出,decile,size
2008-01-02,4716,sell,0.009347860253215434,3.136207114953778e-05,再平衡移出,decile,size
2008-01-02,6118,sell,0.01705874159427232,5.723207804878363e-05,再平衡移出,decile,size
2008-01-02,6207,sell,0.0230510685944864,7.733633513450186e-05,再平衡移出,decile,size
2008-01-02,5905,sell,0.024215664726073952,8.124355515597811e-05,再平衡移出,decile,size
2008-01-02,1529,buy,0.021788836417878658,5.131270976410424e-05,再平衡買進,decile,size
2008-01-02,1731,buy,0.021788836417878658,5.131270976410424e-05,再平衡買進,decile,size
2008-01-02,4106,buy,0.021788836417878658,5.131270976410424e-05,再平衡買進,decile,size
2008-01-02,1514,buy,0.021788836417878658,5.131270976410424e-05,再平衡買進,decile,size
2008-01-02,2406,buy,0.0022840804281856544,5.379009408377217e-06,再平衡買進,decile,size
2008-01-02,1467,buy,0.021788836417878658,5.131270976410424e-05,再平衡買進,decile,size
2008-01-02,6269,buy,0.021788836417878658,5.131270976410424e-05,再平衡買進,decile,size
2008-01-02,2437,buy,0.021788836417878658,5.131270976410424e-05,再平衡買進,decile,size
2008-01-02,1537,buy,0.021788836417878658,5.131270976410424e-05,再平衡買進,decile,size
2008-01-02,1517,buy,0.021788836417878658,5.131270976410424e-05,再平衡買進,decile,size
2008-01-02,2025,buy,0.021788836417878658,5.131270976410424e-05,再平衡買進,decile,size
2008-01-02,1707,buy,0.021788836417878658,5.131270976410424e-05,再平衡買進,decile,size
2008-01-02,9911,buy,0.021788836417878658,5.131270976410424e-05,再平衡買進,decile,size
2008-01-02,6136,buy,0.021788836417878658,5.131270976410424e-05,再平衡買進,decile,size
2008-01-02,2361,buy,0.021788836417878658,5.131270976410424e-05,再平衡買進,decile,size
2008-01-02,1702,buy,0.021788836417878658,5.131270976410424e-05,再平衡買進,decile,size
2008-01-02,9935,buy,0.021788836417878658,5.131270976410424e-05,再平衡買進,decile,size
2008-01-02,3450,buy,0.021788836417878658,5.131270976410424e-05,再平衡買進,decile,size
2008-01-02,1734,buy,0.021788836417878658,5.131270976410424e-05,再平衡買進,decile,size
2008-01-02,2383,buy,0.021788836417878658,5.131270976410424e-05,再平衡買進,decile,size
2008-01-02,1309,buy,0.021788836417878658,5.131270976410424e-05,再平衡買進,decile,size
2008-01-02,2022,buy,0.021788836417878658,5.131270976410424e-05,再平衡買進,decile,size
2008-01-02,2017,buy,0.021788836417878658,5.131270976410424e-05,再平衡買進,decile,size
2008-01-02,6131,buy,0.021788836417878658,5.131270976410424e-05,再平衡買進,decile,size
2008-01-02,2434,buy,0.021788836417878658,5.131270976410424e-05,再平衡買進,decile,size
2008-01-02,1712,buy,0.021788836417878658,5.131270976410424e-05,再平衡買進,decile,size
2008-01-02,3038,buy,0.021788836417878658,5.131270976410424e-05,再平衡買進,decile,size
2008-01-02,2341,buy,0.021788836417878658,5.131270976410424e-05,再平衡買進,decile,size
2008-01-02,1437,buy,0.021788836417878658,5.131270976410424e-05,再平衡買進,decile,size
2008-01-02,5515,buy,0.021788836417878658,5.131270976410424e-05,再平衡買進,decile,size
2008-01-02,1902,buy,0.021788836417878658,5.131270976410424e-05,再平衡買進,decile,size
2008-01-02,3315,buy,0.021788836417878658,5.131270976410424e-05,再平衡買進,decile,size
2008-06-17,3271,sell,0.01872009441702377,6.280591676911474e-05,下市出場,decile,size
2008-06-17,1215,buy,0.00047726804657735275,1.1239662496896657e-06,下市所得再分配,decile,size
2008-06-17,3050,buy,0.00047726804657735275,1.1239662496896657e-06,下市所得再分配,decile,size
2008-06-17,2406,buy,0.00047726804657735275,1.1239662496896657e-06,下市所得再分配,decile,size
2008-06-17,2484,buy,0.00047726804657735275,1.1239662496896657e-06,下市所得再分配,decile,size
2008-06-17,2399,buy,0.00047726804657735275,1.1239662496896657e-06,下市所得再分配,decile,size
2008-06-17,2428,buy,0.00047726804657735275,1.1239662496896657e-06,下市所得再分配,decile,size
2008-06-17,9944,buy,0.00047726804657735275,1.1239662496896657e-06,下市所得再分配,decile,size
2008-06-17,3016,buy,0.00047726804657735275,1.1239662496896657e-06,下市所得再分配,decile,size
2008-06-17,1529,buy,0.00047726804657735275,1.1239662496896657e-06,下市所得再分配,decile,size
2008-06-17,1731,buy,0.00047726804657735275,1.1239662496896657e-06,下市所得再分配,decile,size
2008-06-17,4106,buy,0.00047726804657735275,1.1239662496896657e-06,下市所得再分配,decile,size
2008-06-17,1514,buy,0.00047726804657735275,1.1239662496896657e-06,下市所得再分配,decile,size
2008-06-17,1467,buy,0.00047726804657735275,1.1239662496896657e-06,下市所得再分配,decile,size
2008-06-17,6269,buy,0.00047726804657735275,1.1239662496896657e-06,下市所得再分配,decile,size
2008-06-17,2437,buy,0.00047726804657735275,1.1239662496896657e-06,下市所得再分配,decile,size
2008-06-17,1537,buy,0.00047726804657735275,1.1239662496896657e-06,下市所得再分配,decile,size
2008-06-17,1517,buy,0.00047726804657735275,1.1239662496896657e-06,下市所得再分配,decile,size
2008-06-17,2025,buy,0.00047726804657735275,1.1239662496896657e-06,下市所得再分配,decile,size
2008-06-17,1707,buy,0.00047726804657735275,1.1239662496896657e-06,下市所得再分配,decile,size
2008-06-17,9911,buy,0.00047726804657735275,1.1239662496896657e-06,下市所得再分配,decile,size
2008-06-17,6136,buy,0.00047726804657735275,1.1239662496896657e-06,下市所得再分配,decile,size
2008-06-17,2361,buy,0.00047726804657735275,1.1239662496896657e-06,下市所得再分配,decile,size
2008-06-17,1702,buy,0.00047726804657735275,1.1239662496896657e-06,下市所得再分配,decile,size
2008-06-17,9935,buy,0.00047726804657735275,1.1239662496896657e-06,下市所得再分配,decile,size
2008-06-17,3450,buy,0.00047726804657735275,1.1239662496896657e-06,下市所得再分配,decile,size
2008-06-17,1734,buy,0.00047726804657735275,1.1239662496896657e-06,下市所得再分配,decile,size
2008-06-17,2383,buy,0.00047726804657735275,1.1239662496896657e-06,下市所得再分配,decile,size
2008-06-17,1309,buy,0.00047726804657735275,1.1239662496896657e-06,下市所得再分配,decile,size
2008-06-17,2022,buy,0.00047726804657735275,1.1239662496896657e-06,下市所得再分配,decile,size
2008-06-17,2017,buy,0.00047726804657735275,1.1239662496896657e-06,下市所得再分配,decile,size
2008-06-17,6131,buy,0.00047726804657735275,1.1239662496896657e-06,下市所得再分配,decile,size
2008-06-17,2434,buy,0.00047726804657735275,1.1239662496896657e-06,下市所得再分配,decile,size
2008-06-17,1712,buy,0.00047726804657735275,1.1239662496896657e-06,下市所得再分配,decile,size
2008-06-17,3038,buy,0.00047726804657735275,1.1239662496896657e-06,下市所得再分配,decile,size
2008-06-17,2341,buy,0.00047726804657735275,1.1239662496896657e-06,下市所得再分配,decile,size
2008-06-17,1437,buy,0.00047726804657735275,1.1239662496896657e-06,下市所得再分配,decile,size
2008-06-17,5515,buy,0.00047726804657735275,1.1239662496896657e-06,下市所得再分配,decile,size
2008-06-17,1902,buy,0.00047726804657735275,1.1239662496896657e-06,下市所得再分配,decile,size
2008-06-17,3315,buy,0.00047726804657735275,1.1239662496896657e-06,下市所得再分配,decile,size
2009-01-05,1215,sell,0.01802257713797191,6.046574629789576e-05,再平衡移出,decile,size
2009-01-05,3050,sell,0.011024328328030597,3.6986621540542654e-05,再平衡移出,decile,size
2009-01-05,2406,sell,0.008522268684314887,2.8592211435876447e-05,再平衡移出,decile,size
2009-01-05,2484,sell,0.0015672572427592093,5.258148049457148e-06,再平衡減碼,decile,size
2009-01-05,2399,sell,0.00020260601834253857,6.797431915392168e-07,再平衡減碼,decile,size
2009-01-05,2428,sell,0.010441344918982153,3.503071220318512e-05,再平衡移出,decile,size
2009-01-05,9944,sell,0.010331326949097941,3.4661601914223595e-05,再平衡移出,decile,size
2009-01-05,1529,sell,0.004687985648855221,1.5728191851909267e-05,再平衡移出,decile,size
2009-01-05,1731,sell,0.019090277395814946,6.404788066295915e-05,再平衡移出,decile,size
2009-01-05,4106,sell,0.008738768367165113,2.9318567871838955e-05,再平衡減碼,decile,size
2009-01-05,1514,sell,0.012106141773395609,4.061610564974227e-05,再平衡移出,decile,size
2009-01-05,1467,sell,0.008907361428984614,2.988419759424338e-05,再平衡移出,decile,size
2009-01-05,6269,sell,0.003626077915527031,1.216549140659319e-05,再平衡減碼,decile,size
2009-01-05,2437,sell,0.010195434506098297,3.4205682767959787e-05,再平衡移出,decile,size
2009-01-05,1537,sell,4.245600596483774e-05,1.4243990001203063e-07,再平衡減碼,decile,size
2009-01-05,1517,sell,0.017112011697570456,5.741079924534888e-05,再平衡移出,decile,size
2009-01-05,2025,sell,0.0010435009773145775,3.5009457788904074e-06,再平衡減碼,decile,size
2009-01-05,1707,sell,0.018189016333417664,6.1024149798616264e-05,再平衡移出,decile,size
2009-01-05,9911,sell,0.015897404564468975,5.3335792313793415e-05,再平衡移出,decile,size
2009-01-05,6136,sell,0.013719124654773632,4.6027663216765535e-05,再平衡移出,decile,size
2009-01-05,2361,sell,0.005072768589081424,1.7019138616368178e-05,再平衡移出,decile,size
2009-01-05,1702,sell,0.012136541507537313,4.071809675778769e-05,再平衡移出,decile,size
2009-01-05,9935,sell,0.005835427139587674,1.9577858053316644e-05,再平衡移出,decile,size
2009-01-05,3450,sell,0.0007344667260617398,2.464135865937137e-06,再平衡減碼,decile,size
2009-01-05,1734,sell,0.01720155392488663,5.7711213417994645e-05,再平衡移出,decile,size
2009-01-05,2383,sell,0.009709957401501738,3.2576907082038335e-05,再平衡移出,decile,size
2009-01-05,1309,sell,0.011648627713541271,3.9081145978930964e-05,再平衡移出,decile,size
2009-01-05,2022,sell,0.016842540527574987,5.6506723470014085e-05,再平衡移出,decile,size
2009-01-05,2017,sell,0.01553646685382278,5.2124846294575425e-05,再平衡移出,decile,size
2009-01-05,6131,sell,0.010218827039759798,3.428416471839412e-05,再平衡移出,decile,size
2009-01-05,1712,sell,0.021515428539265028,7.218426274923417e-05,再平衡移出,decile,size
2009-01-05,3038,sell,0.005484537295530139,1.8400622626503615e-05,再平衡移出,decile,size
2009-01-05,2341,sell,0.004692220817469409,1.5742400842609867e-05,再平衡移出,decile,size
2009-01-05,1437,sell,0.009979424802736597,3.348097021318128e-05,再平衡移出,decile,size
2009-01-05,5515,sell,0.019883147424493448,6.670795960917551e-05,再平衡移出,decile,size
2009-01-05,1902,sell,0.016849878062777823,5.65313409006196e-05,再平衡移出,decile,size
2009-01-05,3315,sell,0.0068433012439817215,2.2959275673558676e-05,再平衡移出,decile,size
2009-01-05,5211,buy,0.009032283059219425,2.1271026604461744e-05,再平衡買進,decile,size
2009-01-05,6187,buy,0.009032283059219425,2.1271026604461744e-05,再平衡買進,decile,size
2009-01-05,3288,buy,0.009032283059219425,2.1271026604461744e-05,再平衡買進,decile,size
2009-01-05,3490,buy,0.009032283059219425,2.1271026604461744e-05,再平衡買進,decile,size
2009-01-05,1721,buy,0.009032283059219425,2.1271026604461744e-05,再平衡買進,decile,size
2009-01-05,1410,buy,0.009032283059219425,2.1271026604461744e-05,再平衡買進,decile,size
2009-01-05,5013,buy,0.009032283059219425,2.1271026604461744e-05,再平衡買進,decile,size
2009-01-05,6265,buy,0.009032283059219425,2.1271026604461744e-05,再平衡買進,decile,size
2009-01-05,6289,buy,0.009032283059219425,2.1271026604461744e-05,再平衡買進,decile,size
2009-01-05,3086,buy,0.009032283059219425,2.1271026604461744e-05,再平衡買進,decile,size
2009-01-05,6169,buy,0.009032283059219425,2.1271026604461744e-05,再平衡買進,decile,size
2009-01-05,4123,buy,0.009032283059219425,2.1271026604461744e-05,再平衡買進,decile,size
2009-01-05,8112,buy,0.009032283059219425,2.1271026604461744e-05,再平衡買進,decile,size
2009-01-05,1727,buy,0.009032283059219425,2.1271026604461744e-05,再平衡買進,decile,size
2009-01-05,6207,buy,0.009032283059219425,2.1271026604461744e-05,再平衡買進,decile,size
2009-01-05,6143,buy,0.009032283059219425,2.1271026604461744e-05,再平衡買進,decile,size
2009-01-05,8933,buy,0.009032283059219425,2.1271026604461744e-05,再平衡買進,decile,size
2009-01-05,3303,buy,0.009032283059219425,2.1271026604461744e-05,再平衡買進,decile,size
2009-01-05,3047,buy,0.009032283059219425,2.1271026604461744e-05,再平衡買進,decile,size
2009-01-05,6283,buy,0.009032283059219425,2.1271026604461744e-05,再平衡買進,decile,size
2009-01-05,2434,buy,0.0013482565363593917,3.175144143126367e-06,再平衡買進,decile,size
2009-01-05,3317,buy,0.009032283059219425,2.1271026604461744e-05,再平衡買進,decile,size
2009-01-05,3016,buy,0.0007627328818556652,1.7962359367700916e-06,再平衡買進,decile,size
2009-01-05,6104,buy,0.009032283059219425,2.1271026604461744e-05,再平衡買進,decile,size
2009-01-05,2413,buy,0.009032283059219425,2.1271026604461744e-05,再平衡買進,decile,size
2009-01-05,5905,buy,0.009032283059219425,2.1271026604461744e-05,再平衡買進,decile,size
2009-01-05,1225,buy,0.009032283059219425,2.1271026604461744e-05,再平衡買進,decile,size
2009-01-05,3526,buy,0.009032283059219425,2.1271026604461744e-05,再平衡買進,decile,size
2009-01-05,8040,buy,0.009032283059219425,2.1271026604461744e-05,再平衡買進,decile,size
2009-01-05,2702,buy,0.009032283059219425,2.1271026604461744e-05,再平衡買進,decile,size
2009-01-05,3483,buy,0.009032283059219425,2.1271026604461744e-05,再平衡買進,decile,size
2009-01-05,3095,buy,0.009032283059219425,2.1271026604461744e-05,再平衡買進,decile,size
2009-01-05,4533,buy,0.009032283059219425,2.1271026604461744e-05,再平衡買進,decile,size
2009-01-05,6233,buy,0.009032283059219425,2.1271026604461744e-05,再平衡買進,decile,size
2009-01-05,6145,buy,0.009032283059219425,2.1271026604461744e-05,再平衡買進,decile,size
2009-01-05,6164,buy,0.009032283059219425,2.1271026604461744e-05,再平衡買進,decile,size
2009-01-05,4114,buy,0.009032283059219425,2.1271026604461744e-05,再平衡買進,decile,size
2009-01-05,1536,buy,0.009032283059219425,2.1271026604461744e-05,再平衡買進,decile,size
2009-01-05,2028,buy,0.009032283059219425,2.1271026604461744e-05,再平衡買進,decile,size
2009-01-05,6508,buy,0.009032283059219425,2.1271026604461744e-05,再平衡買進,decile,size
2009-01-05,3094,buy,0.009032283059219425,2.1271026604461744e-05,再平衡買進,decile,size
2009-01-05,6235,buy,0.009032283059219425,2.1271026604461744e-05,再平衡買進,decile,size
2009-01-05,1471,buy,0.009032283059219425,2.1271026604461744e-05,再平衡買進,decile,size
2009-01-05,3289,buy,0.009032283059219425,2.1271026604461744e-05,再平衡買進,decile,size
2010-01-04,2399,sell,0.02954166645094365,9.911229094291595e-05,再平衡移出,decile,size
2010-01-04,3016,sell,0.023110874280482203,7.75369832110178e-05,再平衡移出,decile,size
2010-01-04,4106,sell,0.01636201303576905,5.489455373500516e-05,再平衡移出,decile,size
2010-01-04,6269,sell,0.05104345001769567,0.00017125077480936897,再平衡移出,decile,size
2010-01-04,1537,sell,0.004078366631393604,1.368292004832554e-05,再平衡減碼,decile,size
2010-01-04,2025,sell,0.013893561917636266,4.6612900233669674e-05,再平衡移出,decile,size
2010-01-04,3450,sell,0.04331361073369776,0.00014531716401155597,再平衡移出,decile,size
2010-01-04,5211,sell,0.031485146223336556,0.00010563266557929415,再平衡移出,decile,size
2010-01-04,6187,sell,0.009506761794582399,3.189518582082395e-05,再平衡減碼,decile,size
2010-01-04,3288,sell,0.022653536679404025,7.60026155594005e-05,再平衡移出,decile,size
2010-01-04,3490,sell,0.013596124778540471,4.5614998632003284e-05,再平衡移出,decile,size
2010-01-04,1721,sell,0.019235486486488144,6.453505716216772e-05,再平衡移出,decile,size
2010-01-04,1410,sell,0.019141274292492603,6.421897525131268e-05,再平衡移出,decile,size
2010-01-04,5013,sell,0.012108206967778675,4.0623034376897454e-05,再平衡移出,decile,size
2010-01-04,6265,sell,0.017185008037743733,5.7655701966630225e-05,再平衡移出,decile,size
2010-01-04,6289,sell,0.004908932931217181,1.6469469984233644e-05,再平衡減碼,decile,size
2010-01-04,3086,sell,0.012871756670945611,4.318474363102253e-05,再平衡移出,decile,size
2010-01-04,6169,sell,0.03465557921671025,0.0001162694682720629,再平衡移出,decile,size
2010-01-04,4123,sell,0.0209863069322327,7.040905975764071e-05,再平衡移出,decile,size
2010-01-04,8112,sell,0.04264749798325652,0.0001430823557338256,再平衡移出,decile,size
2010-01-04,1727,sell,0.016137458354474606,5.41411727792623e-05,再平衡移出,decile,size
2010-01-04,6143,sell,0.07773323904574898,0.0002607950169984878,再平衡移出,decile,size
2010-01-04,8933,sell,0.004223061769141907,1.4168372235471095e-05,再平衡減碼,decile,size
2010-01-04,3047,sell,0.0017859968366623659,5.9920193870022375e-06,再平衡減碼,decile,size
2010-01-04,3317,sell,0.027702558115424002,9.294208247724753e-05,再平衡移出,decile,size
2010-01-04,6104,sell,0.03486686350069195,0.00011697832704482149,再平衡移出,decile,size
2010-01-04,2413,sell,0.01857079314648459,6.23050110064558e-05,再平衡移出,decile,size
2010-01-04,5905,sell,0.02544697898956614,8.53746145099944e-05,再平衡移出,decile,size
2010-01-04,3526,sell,0.03980928074384602,0.0001335601368956034,再平衡移出,decile,size
2010-01-04,2702,sell,0.016618250224418058,5.575422950292259e-05,再平衡移出,decile,size
2010-01-04,3483,sell,0.02969742781112413,9.963487030632146e-05,再平衡移出,decile,size
2010-01-04,3095,sell,0.03198318461885621,0.00010730358439626257,再平衡移出,decile,size
2010-01-04,4533,sell,0.01175087256125511,3.9424177443010894e-05,再平衡移出,decile,size
2010-01-04,6233,sell,0.030451750277635792,0.00010216562218146808,再平衡移出,decile,size
2010-01-04,6145,sell,0.05202830613199853,0.00017455496707285506,再平衡移出,decile,size
2010-01-04,6164,sell,0.02547067654537329,8.545411980972738e-05,再平衡移出,decile,size
2010-01-04,1536,sell,0.012567510139945275,4.21639965195164e-05,再平衡移出,decile,size
2010-01-04,6508,sell,0.013819266222792104,4.636363817746751e-05,再平衡移出,decile,size
2010-01-04,3094,sell,0.024762503550337857,8.30781994113835e-05,再平衡移出,decile,size
2010-01-04,6235,sell,0.01674140281362679,5.616740643971788e-05,再平衡移出,decile,size
2010-01-04,1471,sell,0.03759597856696521,0.0001261345080921683,再平衡移出,decile,size
2010-01-04,3289,sell,0.01413185742883013,4.741238167372509e-05,再平衡移出,decile,size
2010-01-04,6151,buy,0.02246809939626705,5.29123740782089e-05,再平衡買進,decile,size
2010-01-04,5403,buy,0.02246809939626705,5.29123740782089e-05,再平衡買進,decile,size
2010-01-04,3128,buy,0.02246809939626705,5.29123740782089e-05,再平衡買進,decile,size
2010-01-04,6226,buy,0.02246809939626705,5.29123740782089e-05,再平衡買進,decile,size
2010-01-04,3402,buy,0.02246809939626705,5.29123740782089e-05,再平衡買進,decile,size
2010-01-04,5443,buy,0.02246809939626705,5.29123740782089e-05,再平衡買進,decile,size
2010-01-04,3011,buy,0.02246809939626705,5.29123740782089e-05,再平衡買進,decile,size
2010-01-04,6283,buy,0.008420154072745743,1.9829462841316223e-05,再平衡買進,decile,size
2010-01-04,3025,buy,0.02246809939626705,5.29123740782089e-05,再平衡買進,decile,size
2010-01-04,5205,buy,0.02246809939626705,5.29123740782089e-05,再平衡買進,decile,size
2010-01-04,8049,buy,0.02246809939626705,5.29123740782089e-05,再平衡買進,decile,size
2010-01-04,8024,buy,0.02246809939626705,5.29123740782089e-05,再平衡買進,decile,size
2010-01-04,2482,buy,0.02246809939626705,5.29123740782089e-05,再平衡買進,decile,size
2010-01-04,6207,buy,0.001777595083345615,4.186236421278923e-06,再平衡買進,decile,size
2010-01-04,5381,buy,0.02246809939626705,5.29123740782089e-05,再平衡買進,decile,size
2010-01-04,9935,buy,0.02246809939626705,5.29123740782089e-05,再平衡買進,decile,size
2010-01-04,3484,buy,0.02246809939626705,5.29123740782089e-05,再平衡買進,decile,size
2010-01-04,3217,buy,0.02246809939626705,5.29123740782089e-05,再平衡買進,decile,size
2010-01-04,3325,buy,0.02246809939626705,5.29123740782089e-05,再平衡買進,decile,size
2010-01-04,3535,buy,0.02246809939626705,5.29123740782089e-05,再平衡買進,decile,size
2010-01-04,5452,buy,0.02246809939626705,5.29123740782089e-05,再平衡買進,decile,size
2010-01-04,6220,buy,0.02246809939626705,5.29123740782089e-05,再平衡買進,decile,size
2010-01-04,3073,buy,0.02246809939626705,5.29123740782089e-05,再平衡買進,decile,size
2010-01-04,2484,buy,0.0053577865592026284,1.2617587346922188e-05,再平衡買進,decile,size
2010-01-04,6163,buy,0.02246809939626705,5.29123740782089e-05,再平衡買進,decile,size
2010-01-04,3536,buy,0.02246809939626705,5.29123740782089e-05,再平衡買進,decile,size
2010-01-04,1524,buy,0.02246809939626705,5.29123740782089e-05,再平衡買進,decile,size
2010-01-04,3029,buy,0.02246809939626705,5.29123740782089e-05,再平衡買進,decile,size
2010-01-04,5464,buy,0.02246809939626705,5.29123740782089e-05,再平衡買進,decile,size
2010-01-04,2431,buy,0.02246809939626705,5.29123740782089e-05,再平衡買進,decile,size
2010-01-04,3303,buy,0.0013148930873391716,3.096573220683749e-06,再平衡買進,decile,size
2010-01-04,2434,buy,0.0066975619562671534,1.5772758407009148e-05,再平衡買進,decile,size
2010-01-04,2472,buy,0.02246809939626705,5.29123740782089e-05,再平衡買進,decile,size
2010-01-04,2493,buy,0.02246809939626705,5.29123740782089e-05,再平衡買進,decile,size
2010-01-04,3559,buy,0.02246809939626705,5.29123740782089e-05,再平衡買進,decile,size
2010-01-04,8096,buy,0.02246809939626705,5.29123740782089e-05,再平衡買進,decile,size
2010-01-04,4721,buy,0.02246809939626705,5.29123740782089e-05,再平衡買進,decile,size
2010-01-04,8099,buy,0.02246809939626705,5.29123740782089e-05,再平衡買進,decile,size
2010-01-04,1225,buy,0.0015006983527313701,3.5341446206823768e-06,再平衡買進,decile,size
2010-01-04,3027,buy,0.02246809939626705,5.29123740782089e-05,再平衡買進,decile,size
2010-01-04,8103,buy,0.02246809939626705,5.29123740782089e-05,再平衡買進,decile,size
2010-01-04,3090,buy,0.02246809939626705,5.29123740782089e-05,再平衡買進,decile,size
2010-01-04,3315,buy,0.02246809939626705,5.29123740782089e-05,再平衡買進,decile,size
2010-01-04,8040,buy,0.0012454694518526412,2.93308055911297e-06,再平衡買進,decile,size
2010-01-04,4114,buy,0.005531759021852167,1.3027292496461853e-05,再平衡買進,decile,size
2010-01-04,2443,buy,0.02246809939626705,5.29123740782089e-05,再平衡買進,decile,size
2010-01-04,2359,buy,0.02246809939626705,5.29123740782089e-05,再平衡買進,decile,size
2010-01-04,8064,buy,0.02246809939626705,5.29123740782089e-05,再平衡買進,decile,size
2010-01-04,3548,buy,0.02246809939626705,5.29123740782089e-05,再平衡買進,decile,size
2010-01-04,3038,buy,0.02246809939626705,5.29123740782089e-05,再平衡買進,decile,size
2010-01-04,6209,buy,0.02246809939626705,5.29123740782089e-05,再平衡買進,decile,size
2010-01-04,2028,buy,0.0025141683718545617,5.920866515717493e-06,再平衡買進,decile,size
2011-01-03,2484,sell,0.007937055170058622,2.6628820095546678e-05,再平衡減碼,decile,size
2011-01-03,1537,sell,0.03322661271830453,0.0001114752856699117,再平衡移出,decile,size
2011-01-03,2434,sell,0.01764637422070254,5.9203585510457015e-05,再平衡移出,decile,size
2011-01-03,6289,sell,0.015191323380233867,5.096688994068462e-05,再平衡移出,decile,size
2011-01-03,6207,sell,0.041989044836767006,0.00014087324542735332,再平衡移出,decile,size
2011-01-03,8933,sell,0.013720497403271754,4.6032268787976735e-05,再平衡移出,decile,size
2011-01-03,3303,sell,0.015281333238600866,5.12688730155059e-05,再平衡移出,decile,size
2011-01-03,6283,sell,0.016293133172902416,5.4663461795087604e-05,再平衡移出,decile,size
2011-01-03,1225,sell,0.0016690913067238938,5.599801334058664e-06,再平衡減碼,decile,size
2011-01-03,8040,sell,0.0006696215933217758,2.2465804455945577e-06,再平衡減碼,decile,size
2011-01-03,4114,sell,0.0008859874720308289,2.972487968663431e-06,再平衡減碼,decile,size
2011-01-03,2028,sell,0.01810215873085336,6.0732742542013026e-05,再平衡移出,decile,size
2011-01-03,6151,sell,0.059830127534938625,0.0002007300778797191,再平衡移出,decile,size
2011-01-03,5403,sell,0.024168367029679377,8.10848713845743e-05,再平衡移出,decile,size
2011-01-03,3128,sell,0.014911961397003598,5.002963048694707e-05,再平衡移出,decile,size
2011-01-03,6226,sell,0.020619037751222948,6.917687165535299e-05,再平衡移出,decile,size
2011-01-03,3402,sell,0.020083649808034804,6.738064510595677e-05,再平衡移出,decile,size
2011-01-03,5443,sell,0.01594805097373135,5.350571101686868e-05,再平衡移出,decile,size
2011-01-03,3011,sell,0.016109230167019335,5.4046467210349866e-05,再平衡移出,decile,size
2011-01-03,3025,sell,0.017355409461276786,5.822739874258362e-05,再平衡移出,decile,size
2011-01-03,5205,sell,0.014211165836055363,4.767846137996575e-05,再平衡移出,decile,size
2011-01-03,8049,sell,0.016276930157540774,5.46091006785493e-05,再平衡移出,decile,size
2011-01-03,8024,sell,0.021639020730411,7.259891455052891e-05,再平衡移出,decile,size
2011-01-03,2482,sell,0.014545385760093486,4.8799769225113644e-05,再平衡移出,decile,size
2011-01-03,5381,sell,0.016068127878875894,5.390856903362863e-05,再平衡移出,decile,size
2011-01-03,9935,sell,0.01921385148373509,6.446247172793123e-05,再平衡移出,decile,size
2011-01-03,3484,sell,0.018216596549094983,6.111668142221366e-05,再平衡移出,decile,size
2011-01-03,3217,sell,0.020678236138129753,6.937548224342532e-05,再平衡移出,decile,size
2011-01-03,3325,sell,0.026639397772569656,8.937517952697119e-05,再平衡移出,decile,size
2011-01-03,3535,sell,0.008301584075298112,2.7851814572625167e-05,再平衡減碼,decile,size
2011-01-03,5452,sell,0.02296251191695494,7.703922748138382e-05,再平衡移出,decile,size
2011-01-03,6220,sell,0.020150096795022596,6.760357474730081e-05,再平衡移出,decile,size
2011-01-03,3073,sell,0.010516111009684234,3.5281552437490606e-05,再平衡移出,decile,size
2011-01-03,6163,sell,0.013515067896350763,4.534305279225681e-05,再平衡移出,decile,size
2011-01-03,3536,sell,0.01035450792849364,3.4739374100096164e-05,再平衡移出,decile,size
2011-01-03,1524,sell,0.016876387143475235,5.662027886635941e-05,再平衡移出,decile,size
2011-01-03,3029,sell,0.006481750366193705,2.1746272478579882e-05,再平衡減碼,decile,size
2011-01-03,5464,sell,0.01733236499301724,5.8150084551572846e-05,再平衡移出,decile,size
2011-01-03,2431,sell,0.01582242248500297,5.3084227437184966e-05,再平衡移出,decile,size
2011-01-03,2472,sell,0.03258258197948314,0.00010931456254116594,再平衡移出,decile,size
2011-01-03,2493,sell,0.019049633684066824,6.39115210100442e-05,再平衡移出,decile,size
2011-01-03,3559,sell,0.022211026069573512,7.451799246341914e-05,再平衡移出,decile,size
2011-01-03,8096,sell,0.04002397228797403,0.00013428042702615288,再平衡移出,decile,size
2011-01-03,8099,sell,0.015009612805476509,5.035725096237369e-05,再平衡移出,decile,size
2011-01-03,3027,sell,0.014542376541544812,4.878967329688284e-05,再平衡移出,decile,size
2011-01-03,8103,sell,0.004479956969676267,1.5030255633263876e-05,再平衡減碼,decile,size
2011-01-03,3090,sell,0.023167388638857155,7.772658888336576e-05,再平衡移出,decile,size
2011-01-03,3315,sell,0.022282123897210817,7.475652567514229e-05,再平衡移出,decile,size
2011-01-03,2443,sell,0.014526898732194817,4.8737745246513614e-05,再平衡移出,decile,size
2011-01-03,2359,sell,0.020098707949722974,6.743116517132059e-05,再平衡移出,decile,size
2011-01-03,8064,sell,0.019963208507500364,6.697656454266372e-05,再平衡移出,decile,size
2011-01-03,3548,sell,0.012871610698436417,4.3184253893254184e-05,再平衡移出,decile,size
2011-01-03,3038,sell,0.024766271577320902,8.309084114191164e-05,再平衡移出,decile,size
2011-01-03,6209,sell,0.045255204519717665,0.00015183121116365276,再平衡移出,decile,size
2011-01-03,3232,buy,0.02044152839082704,4.813979936039768e-05,再平衡買進,decile,size
2011-01-03,6275,buy,0.02044152839082704,4.813979936039768e-05,再平衡買進,decile,size
2011-01-03,3206,buy,0.02044152839082704,4.813979936039768e-05,再平衡買進,decile,size
2011-01-03,4127,buy,0.02044152839082704,4.813979936039768e-05,再平衡買進,decile,size
2011-01-03,6113,buy,0.02044152839082704,4.813979936039768e-05,再平衡買進,decile,size
2011-01-03,1213,buy,0.02044152839082704,4.813979936039768e-05,再平衡買進,decile,size
2011-01-03,4111,buy,0.02044152839082704,4.813979936039768e-05,再平衡買進,decile,size
2011-01-03,4109,buy,0.02044152839082704,4.813979936039768e-05,再平衡買進,decile,size
2011-01-03,2471,buy,0.02044152839082704,4.813979936039768e-05,再平衡買進,decile,size
2011-01-03,2364,buy,0.02044152839082704,4.813979936039768e-05,再平衡買進,decile,size
2011-01-03,3118,buy,0.02044152839082704,4.813979936039768e-05,再平衡買進,decile,size
2011-01-03,4121,buy,0.02044152839082704,4.813979936039768e-05,再平衡買進,decile,size
2011-01-03,3324,buy,0.02044152839082704,4.813979936039768e-05,再平衡買進,decile,size
2011-01-03,4207,buy,0.02044152839082704,4.813979936039768e-05,再平衡買進,decile,size
2011-01-03,3390,buy,0.02044152839082704,4.813979936039768e-05,再平衡買進,decile,size
2011-01-03,6208,buy,0.02044152839082704,4.813979936039768e-05,再平衡買進,decile,size
2011-01-03,8032,buy,0.02044152839082704,4.813979936039768e-05,再平衡買進,decile,size
2011-01-03,5309,buy,0.02044152839082704,4.813979936039768e-05,再平衡買進,decile,size
2011-01-03,5410,buy,0.02044152839082704,4.813979936039768e-05,再平衡買進,decile,size
2011-01-03,3290,buy,0.02044152839082704,4.813979936039768e-05,再平衡買進,decile,size
2011-01-03,4716,buy,0.02044152839082704,4.813979936039768e-05,再平衡買進,decile,size
2011-01-03,6127,buy,0.02044152839082704,4.813979936039768e-05,再平衡買進,decile,size
2011-01-03,5013,buy,0.02044152839082704,4.813979936039768e-05,再平衡買進,decile,size
2011-01-03,3313,buy,0.02044152839082704,4.813979936039768e-05,再平衡買進,decile,size
2011-01-03,1584,buy,0.02044152839082704,4.813979936039768e-05,再平衡買進,decile,size
2011-01-03,6169,buy,0.02044152839082704,4.813979936039768e-05,再平衡買進,decile,size
2011-01-03,1410,buy,0.02044152839082704,4.813979936039768e-05,再平衡買進,decile,size
2011-01-03,1752,buy,0.02044152839082704,4.813979936039768e-05,再平衡買進,decile,size
2011-01-03,5511,buy,0.02044152839082704,4.813979936039768e-05,再平衡買進,decile,size
2011-01-03,1727,buy,0.02044152839082704,4.813979936039768e-05,再平衡買進,decile,size
2011-01-03,4721,buy,0.00033944344307158467,7.993893084335819e-07,再平衡買進,decile,size
2011-01-03,1452,buy,0.02044152839082704,4.813979936039768e-05,再平衡買進,decile,size
2011-01-03,3086,buy,0.02044152839082704,4.813979936039768e-05,再平衡買進,decile,size
2011-01-03,8916,buy,0.02044152839082704,4.813979936039768e-05,再平衡買進,decile,size
2011-01-03,4129,buy,0.02044152839082704,4.813979936039768e-05,再平衡買進,decile,size
2011-01-03,8277,buy,0.02044152839082704,4.813979936039768e-05,再平衡買進,decile,size
2011-01-03,8091,buy,0.02044152839082704,4.813979936039768e-05,再平衡買進,decile,size
2011-01-03,5328,buy,0.02044152839082704,4.813979936039768e-05,再平衡買進,decile,size
2011-01-03,6508,buy,0.02044152839082704,4.813979936039768e-05,再平衡買進,decile,size
2011-01-03,5211,buy,0.02044152839082704,4.813979936039768e-05,再平衡買進,decile,size
2011-01-03,6187,buy,0.0005321948510996315,1.2533188743396323e-06,再平衡買進,decile,size
2011-01-03,6123,buy,0.02044152839082704,4.813979936039768e-05,再平衡買進,decile,size
2011-01-03,6175,buy,0.02044152839082704,4.813979936039768e-05,再平衡買進,decile,size
2011-01-03,3511,buy,0.02044152839082704,4.813979936039768e-05,再平衡買進,decile,size
2011-01-03,6131,buy,0.02044152839082704,4.813979936039768e-05,再平衡買進,decile,size
2011-01-03,3047,buy,0.003997147154426645,9.413281548674748e-06,再平衡買進,decile,size
2011-01-03,3209,buy,0.02044152839082704,4.813979936039768e-05,再平衡買進,decile,size
2011-01-03,6150,buy,0.02044152839082704,4.813979936039768e-05,再平衡買進,decile,size
2011-01-03,4102,buy,0.02044152839082704,4.813979936039768e-05,再平衡買進,decile,size
2011-01-03,1784,buy,0.02044152839082704,4.813979936039768e-05,再平衡買進,decile,size
2011-01-03,1506,buy,0.02044152839082704,4.813979936039768e-05,再平衡買進,decile,size
2011-01-03,6196,buy,0.02044152839082704,4.813979936039768e-05,再平衡買進,decile,size
2012-01-02,2484,sell,0.010361772806150301,3.476374776463426e-05,再平衡移出,decile,size
2012-01-02,6187,sell,0.007152313110011235,2.399601048408769e-05,再平衡移出,decile,size
2012-01-02,3047,sell,0.0004363838840138346,1.4640679308664152e-06,再平衡減碼,decile,size
2012-01-02,1225,sell,0.017481118521878464,5.864915264090225e-05,再平衡移出,decile,size
2012-01-02,8040,sell,0.007281850076926134,2.4430607008087178e-05,再平衡移出,decile,size
2012-01-02,4114,sell,0.015871552493404967,5.324905861537367e-05,再平衡移出,decile,size
2012-01-02,4721,sell,0.015341145016718372,5.146954153109014e-05,再平衡移出,decile,size
2012-01-02,8103,sell,0.01745679482137756,5.8567546625721714e-05,再平衡移出,decile,size
2012-01-02,3232,sell,0.00681453719991855,2.2862772305726734e-05,再平衡移出,decile,size
2012-01-02,6275,sell,0.009916109958347612,3.3268548910256245e-05,再平衡移出,decile,size
2012-01-02,3206,sell,0.010733249310948656,3.6010051438232745e-05,再平衡移出,decile,size
2012-01-02,4127,sell,0.010646881506457716,3.572028745416564e-05,再平衡移出,decile,size
2012-01-02,6113,sell,0.008320040508157265,2.7913735904867624e-05,再平衡移出,decile,size
2012-01-02,1213,sell,0.013867575186653342,4.652571475122196e-05,再平衡移出,decile,size
2012-01-02,4111,sell,0.011216815212673805,3.763241503852062e-05,再平衡移出,decile,size
2012-01-02,4109,sell,0.01141500240316747,3.8297333062626865e-05,再平衡移出,decile,size
2012-01-02,2364,sell,0.013743050122353058,4.610793316049451e-05,再平衡移出,decile,size
2012-01-02,3118,sell,0.012850850329492547,4.3114602855447496e-05,再平衡移出,decile,size
2012-01-02,4121,sell,0.01090651977260716,3.659137383709702e-05,再平衡移出,decile,size
2012-01-02,3324,sell,0.007026702942834355,2.357458837320926e-05,再平衡減碼,decile,size
2012-01-02,4207,sell,0.015187134267537162,5.095283546758718e-05,再平衡移出,decile,size
2012-01-02,3390,sell,0.00600351816826197,2.014180345451891e-05,再平衡減碼,decile,size
2012-01-02,6208,sell,0.005865085463826442,1.967736173113771e-05,再平衡減碼,decile,size
2012-01-02,8032,sell,0.017692141916694337,5.93571361305095e-05,再平衡移出,decile,size
2012-01-02,5309,sell,0.012650527678831692,4.244252036248032e-05,再平衡移出,decile,size
2012-01-02,3290,sell,0.0009108097314922282,3.0557666491564255e-06,再平衡減碼,decile,size
2012-01-02,4716,sell,0.010875701090265375,3.648797715784033e-05,再平衡移出,decile,size
2012-01-02,6127,sell,0.009392551216567636,3.151200933158442e-05,再平衡移出,decile,size
2012-01-02,5013,sell,0.013098184983424953,4.3944410619390715e-05,再平衡移出,decile,size
2012-01-02,3313,sell,0.009249476808199238,3.103199469150844e-05,再平衡移出,decile,size
2012-01-02,1410,sell,0.013718800840956826,4.602657682141015e-05,再平衡移出,decile,size
2012-01-02,1752,sell,0.01401594171552716,4.702348445559363e-05,再平衡移出,decile,size
2012-01-02,5511,sell,0.020916074675221358,7.017343053536765e-05,再平衡移出,decile,size
2012-01-02,1727,sell,0.01414410757819963,4.745348092485976e-05,再平衡移出,decile,size
2012-01-02,1452,sell,0.011200690405329883,3.757831630988176e-05,再平衡移出,decile,size
2012-01-02,8916,sell,0.014742734925016833,4.946187567343148e-05,再平衡移出,decile,size
2012-01-02,4129,sell,0.00010675656830358773,3.5816828665853684e-07,再平衡減碼,decile,size
2012-01-02,8091,sell,0.016561227718533206,5.556291899567891e-05,再平衡移出,decile,size
2012-01-02,5328,sell,0.01216262910147775,4.080562063545785e-05,再平衡移出,decile,size
2012-01-02,6508,sell,0.015377607039520166,5.159187161759016e-05,再平衡移出,decile,size
2012-01-02,6123,sell,0.002128794449967516,7.142105379641017e-06,再平衡減碼,decile,size
2012-01-02,6175,sell,0.013837123271272591,4.642354857511955e-05,再平衡移出,decile,size
2012-01-02,3511,sell,0.006798983092354575,2.28105882748496e-05,再平衡移出,decile,size
2012-01-02,6131,sell,0.010119808248653772,3.3951956674233404e-05,再平衡移出,decile,size
2012-01-02,3209,sell,0.012419194635717353,4.166639800283172e-05,再平衡移出,decile,size
2012-01-02,6150,sell,0.008125521438734129,2.7261124426953003e-05,再平衡移出,decile,size
2012-01-02,4102,sell,0.012076257772180762,4.0515844825666456e-05,再平衡移出,decile,size
2012-01-02,1784,sell,0.012633757678735497,4.238625701215759e-05,再平衡移出,decile,size
2012-01-02,1506,sell,0.019628544210065203,6.585376582476875e-05,再平衡移出,decile,size
2012-01-02,6196,sell,0.02196186319216721,7.368205100972099e-05,再平衡移出,decile,size
2012-01-02,5205,buy,0.01245527148646055,2.9332164350614596e-05,再平衡買進,decile,size
2012-01-02,2471,buy,0.0017108573791744346,4.029069127955793e-06,再平衡買進,decile,size
2012-01-02,3521,buy,0.01245527148646055,2.9332164350614596e-05,再平衡買進,decile,size
2012-01-02,2221,buy,0.01245527148646055,2.9332164350614596e-05,再平衡買進,decile,size
2012-01-02,3535,buy,0.006492825664605505,1.5290604440145963e-05,再平衡買進,decile,size
2012-01-02,3623,buy,0.01245527148646055,2.9332164350614596e-05,再平衡買進,decile,size
2012-01-02,3537,buy,0.01245527148646055,2.9332164350614596e-05,再平衡買進,decile,size
2012-01-02,6276,buy,0.01245527148646055,2.9332164350614596e-05,再平衡買進,decile,size
2012-01-02,1441,buy,0.01245527148646055,2.9332164350614596e-05,再平衡買進,decile,size
2012-01-02,5410,buy,0.0016348537772485662,3.850080645420374e-06,再平衡買進,decile,size
2012-01-02,6169,buy,0.003265079421172679,7.689262036861658e-06,再平衡買進,decile,size
2012-01-02,3011,buy,0.01245527148646055,2.9332164350614596e-05,再平衡買進,decile,size
2012-01-02,8277,buy,0.004220517621370726,9.939318998328059e-06,再平衡買進,decile,size
2012-01-02,2453,buy,0.01245527148646055,2.9332164350614596e-05,再平衡買進,decile,size
2012-01-02,5398,buy,0.01245527148646055,2.9332164350614596e-05,再平衡買進,decile,size
2012-01-02,3325,buy,0.01245527148646055,2.9332164350614596e-05,再平衡買進,decile,size
2012-01-02,4510,buy,0.01245527148646055,2.9332164350614596e-05,再平衡買進,decile,size
2012-01-02,6151,buy,0.01245527148646055,2.9332164350614596e-05,再平衡買進,decile,size
2012-01-02,3004,buy,0.01245527148646055,2.9332164350614596e-05,再平衡買進,decile,size
2012-01-02,3491,buy,0.01245527148646055,2.9332164350614596e-05,再平衡買進,decile,size
2012-01-02,3441,buy,0.01245527148646055,2.9332164350614596e-05,再平衡買進,decile,size
2012-01-02,6289,buy,0.01245527148646055,2.9332164350614596e-05,再平衡買進,decile,size
2012-01-02,6217,buy,0.01245527148646055,2.9332164350614596e-05,再平衡買進,decile,size
2012-01-02,5211,buy,0.0022347718640253877,5.262887739779788e-06,再平衡買進,decile,size
2012-01-02,6609,buy,0.01245527148646055,2.9332164350614596e-05,再平衡買進,decile,size
2012-01-02,6220,buy,0.01245527148646055,2.9332164350614596e-05,再平衡買進,decile,size
2012-01-02,3289,buy,0.01245527148646055,2.9332164350614596e-05,再平衡買進,decile,size
2012-01-02,6233,buy,0.01245527148646055,2.9332164350614596e-05,再平衡買進,decile,size
2012-01-02,5314,buy,0.01245527148646055,2.9332164350614596e-05,再平衡買進,decile,size
2012-01-02,6237,buy,0.01245527148646055,2.9332164350614596e-05,再平衡買進,decile,size
2012-01-02,6245,buy,0.01245527148646055,2.9332164350614596e-05,再平衡買進,decile,size
2012-01-02,3086,buy,2.9581665280376673e-05,6.966482173528706e-08,再平衡買進,decile,size
2012-01-02,3029,buy,0.0013750032621265475,3.2381326823080194e-06,再平衡買進,decile,size
2012-01-02,4533,buy,0.01245527148646055,2.9332164350614596e-05,再平衡買進,decile,size
2012-01-02,2461,buy,0.01245527148646055,2.9332164350614596e-05,再平衡買進,decile,size
2012-01-02,3218,buy,0.01245527148646055,2.9332164350614596e-05,再平衡買進,decile,size
2012-01-02,5016,buy,0.01245527148646055,2.9332164350614596e-05,再平衡買進,decile,size
2012-01-02,8111,buy,0.01245527148646055,2.9332164350614596e-05,再平衡買進,decile,size
2012-01-02,8261,buy,0.01245527148646055,2.9332164350614596e-05,再平衡買進,decile,size
2012-01-02,1466,buy,0.01245527148646055,2.9332164350614596e-05,再平衡買進,decile,size
2012-01-02,3094,buy,0.01245527148646055,2.9332164350614596e-05,再平衡買進,decile,size
2012-01-02,6603,buy,0.01245527148646055,2.9332164350614596e-05,再平衡買進,decile,size
2012-01-02,2390,buy,0.01245527148646055,2.9332164350614596e-05,再平衡買進,decile,size
2012-01-02,5498,buy,0.01245527148646055,2.9332164350614596e-05,再平衡買進,decile,size
2012-01-02,3455,buy,0.01245527148646055,2.9332164350614596e-05,再平衡買進,decile,size
2012-01-02,3323,buy,0.01245527148646055,2.9332164350614596e-05,再平衡買進,decile,size
2012-01-02,6235,buy,0.01245527148646055,2.9332164350614596e-05,再平衡買進,decile,size
2012-01-02,5475,buy,0.01245527148646055,2.9332164350614596e-05,再平衡買進,decile,size
2012-01-02,1584,buy,0.00018541581215455322,4.3665423762397286e-07,再平衡買進,decile,size
2012-01-02,6170,buy,0.01245527148646055,2.9332164350614596e-05,再平衡買進,decile,size
2012-01-02,8940,buy,0.01245527148646055,2.9332164350614596e-05,再平衡買進,decile,size
2012-01-02,6195,buy,0.01245527148646055,2.9332164350614596e-05,再平衡買進,decile,size
2012-01-02,3551,buy,0.01245527148646055,2.9332164350614596e-05,再平衡買進,decile,size
2013-01-02,3047,sell,0.0009338061608637881,3.1329196696980096e-06,再平衡減碼,decile,size
2013-01-02,3535,sell,0.014107706886668965,4.7331356604774374e-05,再平衡移出,decile,size
2013-01-02,3029,sell,0.01217951461984787,4.086227154958961e-05,再平衡移出,decile,size
2013-01-02,2471,sell,0.015042147283356393,5.0466404135660695e-05,再平衡移出,decile,size
2013-01-02,3324,sell,0.001605790434216471,5.38742690679626e-06,再平衡減碼,decile,size
2013-01-02,3390,sell,0.006420523646255926,2.1540856833188633e-05,再平衡減碼,decile,size
2013-01-02,6208,sell,0.011748617120304335,3.941661043862104e-05,再平衡移出,decile,size
2013-01-02,5410,sell,0.013981147601759966,4.690675020390468e-05,再平衡移出,decile,size
2013-01-02,3290,sell,0.011460818356102949,3.8451045584725395e-05,再平衡移出,decile,size
2013-01-02,6169,sell,0.0133000837070757,4.4621780837238975e-05,再平衡移出,decile,size
2013-01-02,3086,sell,0.01017454696558096,3.413560506952412e-05,再平衡移出,decile,size
2013-01-02,4129,sell,0.005286520984817132,1.773627790406148e-05,再平衡減碼,decile,size
2013-01-02,8277,sell,0.01148721559607066,3.8539608324817065e-05,再平衡移出,decile,size
2013-01-02,5211,sell,0.011252997246048986,3.775380576049435e-05,再平衡移出,decile,size
2013-01-02,6123,sell,0.010496026233353356,3.5214168012900506e-05,再平衡移出,decile,size
2013-01-02,5205,sell,0.00449033987301452,1.5065090273963715e-05,再平衡移出,decile,size
2013-01-02,3521,sell,0.009762524284821371,3.27532689755757e-05,再平衡移出,decile,size
2013-01-02,2221,sell,0.010752730184056774,3.6075409767510473e-05,再平衡移出,decile,size
2013-01-02,3623,sell,0.01035174022604175,3.473008845837007e-05,再平衡移出,decile,size
2013-01-02,3537,sell,0.01856116990025284,6.227272501534828e-05,再平衡移出,decile,size
2013-01-02,6276,sell,0.021419544217537945,7.186257084983981e-05,再平衡移出,decile,size
2013-01-02,1441,sell,0.01275768122192403,4.280202049955511e-05,再平衡移出,decile,size
2013-01-02,3011,sell,0.013000152303511932,4.361551097828253e-05,再平衡移出,decile,size
2013-01-02,2453,sell,0.01569075754542866,5.264249156491315e-05,再平衡移出,decile,size
2013-01-02,5398,sell,0.007326426879458684,2.4580162180583885e-05,再平衡移出,decile,size
2013-01-02,3325,sell,0.012367698836487313,4.149362959641494e-05,再平衡移出,decile,size
2013-01-02,4510,sell,0.009765436613330679,3.2763039837724426e-05,再平衡移出,decile,size
2013-01-02,6151,sell,0.010428468607711882,3.4987512178873365e-05,再平衡移出,decile,size
2013-01-02,3004,sell,0.01992738528731812,6.68563776389523e-05,再平衡移出,decile,size
2013-01-02,3491,sell,0.026545068881368795,8.90587060969923e-05,再平衡移出,decile,size
2013-01-02,3441,sell,0.0008584412323503279,2.88007033453535e-06,再平衡減碼,decile,size
2013-01-02,6289,sell,0.01208320011174901,4.053913637491793e-05,再平衡移出,decile,size
2013-01-02,6217,sell,0.005132341971576608,1.721900731463952e-05,再平衡減碼,decile,size
2013-01-02,6609,sell,0.013886750341332053,4.659004739516904e-05,再平衡移出,decile,size
2013-01-02,6220,sell,0.012081705529976172,4.053412205307006e-05,再平衡移出,decile,size
2013-01-02,3289,sell,0.017592201413762863,5.90218357431744e-05,再平衡移出,decile,size
2013-01-02,6233,sell,0.010981148394497191,3.684175286353808e-05,再平衡移出,decile,size
2013-01-02,5314,sell,0.011596180903284393,3.890518693051914e-05,再平衡移出,decile,size
2013-01-02,6237,sell,0.013012937229505736,4.365840440499175e-05,再平衡移出,decile,size
2013-01-02,6245,sell,0.021923771822682608,7.355425446510015e-05,再平衡移出,decile,size
2013-01-02,4533,sell,0.01429352053959844,4.795476141035276e-05,再平衡移出,decile,size
2013-01-02,2461,sell,0.015312802508445758,5.137445241583552e-05,再平衡移出,decile,size
2013-01-02,5016,sell,0.011022622367088833,3.6980898041583034e-05,再平衡移出,decile,size
2013-01-02,8111,sell,0.007405163989253185,2.4844325183944437e-05,再平衡移出,decile,size
2013-01-02,8261,sell,0.01237071315268495,4.1503742627258006e-05,再平衡移出,decile,size
2013-01-02,1466,sell,0.01554342677896903,5.21481968434411e-05,再平衡移出,decile,size
2013-01-02,3094,sell,0.012281894523147634,4.1205756125160316e-05,再平衡移出,decile,size
2013-01-02,6603,sell,0.0105767644157049,3.5485044614689936e-05,再平衡移出,decile,size
2013-01-02,2390,sell,0.02294204744285289,7.697056917077144e-05,再平衡移出,decile,size
2013-01-02,5498,sell,0.010762989944831122,3.610983126490842e-05,再平衡移出,decile,size
2013-01-02,3455,sell,0.008779163106478307,2.945409222223472e-05,再平衡移出,decile,size
2013-01-02,3323,sell,0.0031791873072891715,1.066617341595517e-05,再平衡減碼,decile,size
2013-01-02,6235,sell,0.013660556282059515,4.5831166326309674e-05,再平衡移出,decile,size
2013-01-02,5475,sell,0.014011779723803451,4.7009520973360585e-05,再平衡移出,decile,size
2013-01-02,8940,sell,0.013160419508350943,4.415320745051741e-05,再平衡移出,decile,size
2013-01-02,6195,sell,0.014905190291736167,5.000691342877484e-05,再平衡移出,decile,size
2013-01-02,3551,sell,0.01407216518284001,4.721211418842823e-05,再平衡移出,decile,size
2013-01-02,3073,buy,0.012780493955896336,3.0098063266135873e-05,再平衡買進,decile,size
2013-01-02,1799,buy,0.012780493955896336,3.0098063266135873e-05,再平衡買進,decile,size
2013-01-02,1316,buy,0.012780493955896336,3.0098063266135873e-05,再平衡買進,decile,size
2013-01-02,3236,buy,0.012780493955896336,3.0098063266135873e-05,再平衡買進,decile,size
2013-01-02,3489,buy,0.012780493955896336,3.0098063266135873e-05,再平衡買進,decile,size
2013-01-02,8088,buy,0.012780493955896336,3.0098063266135873e-05,再平衡買進,decile,size
2013-01-02,4903,buy,0.012780493955896336,3.0098063266135873e-05,再平衡買進,decile,size
2013-01-02,1435,buy,0.012780493955896336,3.0098063266135873e-05,再平衡買進,decile,size
2013-01-02,8080,buy,0.012780493955896336,3.0098063266135873e-05,再平衡買進,decile,size
2013-01-02,3557,buy,0.012780493955896336,3.0098063266135873e-05,再平衡買進,decile,size
2013-01-02,3144,buy,0.012780493955896336,3.0098063266135873e-05,再平衡買進,decile,size
2013-01-02,4109,buy,0.012780493955896336,3.0098063266135873e-05,再平衡買進,decile,size
2013-01-02,4127,buy,0.012780493955896336,3.0098063266135873e-05,再平衡買進,decile,size
2013-01-02,3257,buy,0.012780493955896336,3.0098063266135873e-05,再平衡買進,decile,size
2013-01-02,6283,buy,0.012780493955896336,3.0098063266135873e-05,再平衡買進,decile,size
2013-01-02,4131,buy,0.012780493955896336,3.0098063266135873e-05,再平衡買進,decile,size
2013-01-02,4121,buy,0.012780493955896336,3.0098063266135873e-05,再平衡買進,decile,size
2013-01-02,1584,buy,0.0027369556511496456,6.445530558457416e-06,再平衡買進,decile,size
2013-01-02,3118,buy,0.012780493955896336,3.0098063266135873e-05,再平衡買進,decile,size
2013-01-02,6170,buy,0.0018569192467866522,4.373044826182566e-06,再平衡買進,decile,size
2013-01-02,4111,buy,0.012780493955896336,3.0098063266135873e-05,再平衡買進,decile,size
2013-01-02,4102,buy,0.012780493955896336,3.0098063266135873e-05,再平衡買進,decile,size
2013-01-02,4417,buy,0.012780493955896336,3.0098063266135873e-05,再平衡買進,decile,size
2013-01-02,3218,buy,0.00018545640633860216,4.367498369274081e-07,再平衡買進,decile,size
2013-01-02,4946,buy,0.012780493955896336,3.0098063266135873e-05,再平衡買進,decile,size
2013-01-02,3483,buy,0.012780493955896336,3.0098063266135873e-05,再平衡買進,decile,size
2013-01-02,3040,buy,0.012780493955896336,3.0098063266135873e-05,再平衡買進,decile,size
2013-01-02,3548,buy,0.012780493955896336,3.0098063266135873e-05,再平衡買進,decile,size
2013-01-02,3379,buy,0.012780493955896336,3.0098063266135873e-05,再平衡買進,decile,size
2013-01-02,5355,buy,0.012780493955896336,3.0098063266135873e-05,再平衡買進,decile,size
2013-01-02,2904,buy,0.012780493955896336,3.0098063266135873e-05,再平衡買進,decile,size
2013-01-02,8107,buy,0.012780493955896336,3.0098063266135873e-05,再平衡買進,decile,size
2013-01-02,3363,buy,0.012780493955896336,3.0098063266135873e-05,再平衡買進,decile,size
2013-01-02,3303,buy,0.012780493955896336,3.0098063266135873e-05,再平衡買進,decile,size
2013-01-02,8403,buy,0.012780493955896336,3.0098063266135873e-05,再平衡買進,decile,size
2013-01-02,1323,buy,0.012780493955896336,3.0098063266135873e-05,再平衡買進,decile,size
2013-01-02,3373,buy,0.012780493955896336,3.0098063266135873e-05,再平衡買進,decile,size
2013-01-02,1813,buy,0.012780493955896336,3.0098063266135873e-05,再平衡買進,decile,size
2013-01-02,2613,buy,0.012780493955896336,3.0098063266135873e-05,再平衡買進,decile,size
2013-01-02,4523,buy,0.012780493955896336,3.0098063266135873e-05,再平衡買進,decile,size
2013-01-02,1781,buy,0.012780493955896336,3.0098063266135873e-05,再平衡買進,decile,size
2013-01-02,3498,buy,0.012780493955896336,3.0098063266135873e-05,再平衡買進,decile,size
2013-01-02,3057,buy,0.012780493955896336,3.0098063266135873e-05,再平衡買進,decile,size
2013-01-02,3559,buy,0.012780493955896336,3.0098063266135873e-05,再平衡買進,decile,size
2013-01-02,4113,buy,0.012780493955896336,3.0098063266135873e-05,再平衡買進,decile,size
2013-01-02,3479,buy,0.012780493955896336,3.0098063266135873e-05,再平衡買進,decile,size
2013-01-02,6163,buy,0.012780493955896336,3.0098063266135873e-05,再平衡買進,decile,size
2013-01-02,3080,buy,0.012780493955896336,3.0098063266135873e-05,再平衡買進,decile,size
2013-01-02,4934,buy,0.012780493955896336,3.0098063266135873e-05,再平衡買進,decile,size
2013-01-02,1784,buy,0.012780493955896336,3.0098063266135873e-05,再平衡買進,decile,size
2013-01-02,1414,buy,0.012780493955896336,3.0098063266135873e-05,再平衡買進,decile,size
2013-01-02,1795,buy,0.012780493955896336,3.0098063266135873e-05,再平衡買進,decile,size
2013-01-02,3296,buy,0.012780493955896336,3.0098063266135873e-05,再平衡買進,decile,size
2013-01-02,3419,buy,0.012780493955896336,3.0098063266135873e-05,再平衡買進,decile,size
2013-01-02,1731,buy,0.012780493955896336,3.0098063266135873e-05,再平衡買進,decile,size
2013-01-02,3624,buy,0.012780493955896336,3.0098063266135873e-05,再平衡買進,decile,size
2013-01-21,3080,sell,0.013181577950975291,4.4224194025522105e-05,下市出場,decile,size
2013-01-21,3047,buy,0.00021139496738326028,4.978351481875779e-07,下市所得再分配,decile,size
2013-01-21,3324,buy,0.00021139496738326028,4.978351481875779e-07,下市所得再分配,decile,size
2013-01-21,3390,buy,0.00021139496738326028,4.978351481875779e-07,下市所得再分配,decile,size
2013-01-21,1584,buy,0.00021139496738326028,4.978351481875779e-07,下市所得再分配,decile,size
2013-01-21,4129,buy,0.00021139496738326028,4.978351481875779e-07,下市所得再分配,decile,size
2013-01-21,3441,buy,0.00021139496738326028,4.978351481875779e-07,下市所得再分配,decile,size
2013-01-21,6217,buy,0.00021139496738326028,4.978351481875779e-07,下市所得再分配,decile,size
2013-01-21,3218,buy,0.00021139496738326028,4.978351481875779e-07,下市所得再分配,decile,size
2013-01-21,3323,buy,0.00021139496738326028,4.978351481875779e-07,下市所得再分配,decile,size
2013-01-21,6170,buy,0.00021139496738326028,4.978351481875779e-07,下市所得再分配,decile,size
2013-01-21,3073,buy,0.00021139496738326028,4.978351481875779e-07,下市所得再分配,decile,size
2013-01-21,1799,buy,0.00021139496738326028,4.978351481875779e-07,下市所得再分配,decile,size
2013-01-21,1316,buy,0.00021139496738326028,4.978351481875779e-07,下市所得再分配,decile,size
2013-01-21,3236,buy,0.00021139496738326028,4.978351481875779e-07,下市所得再分配,decile,size
2013-01-21,3489,buy,0.00021139496738326028,4.978351481875779e-07,下市所得再分配,decile,size
2013-01-21,8088,buy,0.00021139496738326028,4.978351481875779e-07,下市所得再分配,decile,size
2013-01-21,4903,buy,0.00021139496738326028,4.978351481875779e-07,下市所得再分配,decile,size
2013-01-21,1435,buy,0.00021139496738326028,4.978351481875779e-07,下市所得再分配,decile,size
2013-01-21,8080,buy,0.00021139496738326028,4.978351481875779e-07,下市所得再分配,decile,size
2013-01-21,3557,buy,0.00021139496738326028,4.978351481875779e-07,下市所得再分配,decile,size
2013-01-21,3144,buy,0.00021139496738326028,4.978351481875779e-07,下市所得再分配,decile,size
2013-01-21,4109,buy,0.00021139496738326028,4.978351481875779e-07,下市所得再分配,decile,size
2013-01-21,4127,buy,0.00021139496738326028,4.978351481875779e-07,下市所得再分配,decile,size
2013-01-21,3257,buy,0.00021139496738326028,4.978351481875779e-07,下市所得再分配,decile,size
2013-01-21,6283,buy,0.00021139496738326028,4.978351481875779e-07,下市所得再分配,decile,size
2013-01-21,4131,buy,0.00021139496738326028,4.978351481875779e-07,下市所得再分配,decile,size
2013-01-21,4121,buy,0.00021139496738326028,4.978351481875779e-07,下市所得再分配,decile,size
2013-01-21,3118,buy,0.00021139496738326028,4.978351481875779e-07,下市所得再分配,decile,size
2013-01-21,4111,buy,0.00021139496738326028,4.978351481875779e-07,下市所得再分配,decile,size
2013-01-21,4102,buy,0.00021139496738326028,4.978351481875779e-07,下市所得再分配,decile,size
2013-01-21,4417,buy,0.00021139496738326028,4.978351481875779e-07,下市所得再分配,decile,size
2013-01-21,4946,buy,0.00021139496738326028,4.978351481875779e-07,下市所得再分配,decile,size
2013-01-21,3483,buy,0.00021139496738326028,4.978351481875779e-07,下市所得再分配,decile,size
2013-01-21,3040,buy,0.00021139496738326028,4.978351481875779e-07,下市所得再分配,decile,size
2013-01-21,3548,buy,0.00021139496738326028,4.978351481875779e-07,下市所得再分配,decile,size
2013-01-21,3379,buy,0.00021139496738326028,4.978351481875779e-07,下市所得再分配,decile,size
2013-01-21,5355,buy,0.00021139496738326028,4.978351481875779e-07,下市所得再分配,decile,size
2013-01-21,2904,buy,0.00021139496738326028,4.978351481875779e-07,下市所得再分配,decile,size
2013-01-21,8107,buy,0.00021139496738326028,4.978351481875779e-07,下市所得再分配,decile,size
2013-01-21,3363,buy,0.00021139496738326028,4.978351481875779e-07,下市所得再分配,decile,size
2013-01-21,3303,buy,0.00021139496738326028,4.978351481875779e-07,下市所得再分配,decile,size
2013-01-21,8403,buy,0.00021139496738326028,4.978351481875779e-07,下市所得再分配,decile,size
2013-01-21,1323,buy,0.00021139496738326028,4.978351481875779e-07,下市所得再分配,decile,size
2013-01-21,3373,buy,0.00021139496738326028,4.978351481875779e-07,下市所得再分配,decile,size
2013-01-21,1813,buy,0.00021139496738326028,4.978351481875779e-07,下市所得再分配,decile,size
2013-01-21,2613,buy,0.00021139496738326028,4.978351481875779e-07,下市所得再分配,decile,size
2013-01-21,4523,buy,0.00021139496738326028,4.978351481875779e-07,下市所得再分配,decile,size
2013-01-21,1781,buy,0.00021139496738326028,4.978351481875779e-07,下市所得再分配,decile,size
2013-01-21,3498,buy,0.00021139496738326028,4.978351481875779e-07,下市所得再分配,decile,size
2013-01-21,3057,buy,0.00021139496738326028,4.978351481875779e-07,下市所得再分配,decile,size
2013-01-21,3559,buy,0.00021139496738326028,4.978351481875779e-07,下市所得再分配,decile,size
2013-01-21,4113,buy,0.00021139496738326028,4.978351481875779e-07,下市所得再分配,decile,size
2013-01-21,3479,buy,0.00021139496738326028,4.978351481875779e-07,下市所得再分配,decile,size
2013-01-21,6163,buy,0.00021139496738326028,4.978351481875779e-07,下市所得再分配,decile,size
2013-01-21,4934,buy,0.00021139496738326028,4.978351481875779e-07,下市所得再分配,decile,size
2013-01-21,1784,buy,0.00021139496738326028,4.978351481875779e-07,下市所得再分配,decile,size
2013-01-21,1414,buy,0.00021139496738326028,4.978351481875779e-07,下市所得再分配,decile,size
2013-01-21,1795,buy,0.00021139496738326028,4.978351481875779e-07,下市所得再分配,decile,size
2013-01-21,3296,buy,0.00021139496738326028,4.978351481875779e-07,下市所得再分配,decile,size
2013-01-21,3419,buy,0.00021139496738326028,4.978351481875779e-07,下市所得再分配,decile,size
2013-01-21,1731,buy,0.00021139496738326028,4.978351481875779e-07,下市所得再分配,decile,size
2013-01-21,3624,buy,0.00021139496738326028,4.978351481875779e-07,下市所得再分配,decile,size
2014-01-02,3047,sell,0.014387156006140323,4.8268908400600787e-05,再平衡移出,decile,size
2014-01-02,3390,sell,0.013245118322634938,4.443737197244022e-05,再平衡移出,decile,size
2014-01-02,1584,sell,0.011355227814462097,3.809678931752034e-05,再平衡移出,decile,size
2014-01-02,4129,sell,0.013431336380504416,4.5062133556592316e-05,再平衡移出,decile,size
2014-01-02,3441,sell,0.008475587022299341,2.8435594459814288e-05,再平衡移出,decile,size
2014-01-02,6217,sell,0.012186769753208409,4.088661252201421e-05,再平衡移出,decile,size
2014-01-02,3218,sell,0.015930439851428724,5.344662570154337e-05,再平衡移出,decile,size
2014-01-02,3323,sell,0.010940468607758963,3.670527217903132e-05,再平衡移出,decile,size
2014-01-02,6170,sell,0.011497017802479343,3.85724947273182e-05,再平衡移出,decile,size
2014-01-02,3073,sell,0.02333275413148158,7.82813901111207e-05,再平衡移出,decile,size
2014-01-02,1799,sell,0.006083445567341866,2.040995987843196e-05,再平衡減碼,decile,size
2014-01-02,1316,sell,0.0136921999555458,4.593733085085616e-05,再平衡移出,decile,size
2014-01-02,3236,sell,0.015529022046014767,5.209986896437954e-05,再平衡移出,decile,size
2014-01-02,3489,sell,0.021163135569787547,7.100231983663722e-05,再平衡移出,decile,size
2014-01-02,8088,sell,0.012059325315459954,4.045903643336814e-05,再平衡減碼,decile,size
2014-01-02,4903,sell,0.013623249701477906,4.5706002748458375e-05,再平衡移出,decile,size
2014-01-02,1435,sell,0.013243869413191656,4.4433181881258006e-05,再平衡移出,decile,size
2014-01-02,8080,sell,0.004051724462314972,1.3593535571066733e-05,再平衡減碼,decile,size
2014-01-02,3557,sell,0.010837260788144076,3.635900994422337e-05,再平衡移出,decile,size
2014-01-02,3144,sell,0.014680350518065148,4.925257598810857e-05,再平衡移出,decile,size
2014-01-02,4109,sell,0.0034371284298902755,1.1531565882281875e-05,再平衡減碼,decile,size
2014-01-02,4127,sell,0.012987161066841729,4.3571925379254005e-05,再平衡移出,decile,size
2014-01-02,3257,sell,0.044752802598725036,0.0001501456527187225,再平衡移出,decile,size
2014-01-02,4131,sell,0.0046005665488976066,1.543490077155147e-05,再平衡移出,decile,size
2014-01-02,4121,sell,0.016232605565071338,5.446039167081434e-05,再平衡移出,decile,size
2014-01-02,3118,sell,0.0126265388143233,4.236203772205467e-05,再平衡移出,decile,size
2014-01-02,4111,sell,0.014776548048413754,4.957531870242814e-05,再平衡移出,decile,size
2014-01-02,4102,sell,0.01165984971732295,3.911879580161849e-05,再平衡移出,decile,size
2014-01-02,4417,sell,0.01431455367866081,4.802532759190701e-05,再平衡移出,decile,size
2014-01-02,4946,sell,0.00960044877708523,3.220950564712095e-05,再平衡移出,decile,size
2014-01-02,3483,sell,0.009649966288388462,3.237563689754329e-05,再平衡移出,decile,size
2014-01-02,3040,sell,0.01747990626796942,5.86450855290374e-05,再平衡移出,decile,size
2014-01-02,3379,sell,0.006982856661293868,2.3427484098640926e-05,再平衡移出,decile,size
2014-01-02,5355,sell,0.01743941854167996,5.8509249207336264e-05,再平衡移出,decile,size
2014-01-02,2904,sell,0.015489728123450034,5.196803785417487e-05,再平衡移出,decile,size
2014-01-02,8107,sell,0.011448106772646167,3.8408398222227894e-05,再平衡移出,decile,size
2014-01-02,3303,sell,0.0141086436696301,4.733449951160899e-05,再平衡移出,decile,size
2014-01-02,8403,sell,0.017179771010919855,5.7638131741636114e-05,再平衡移出,decile,size
2014-01-02,1323,sell,0.025654990990361073,8.60724947726614e-05,再平衡移出,decile,size
2014-01-02,3373,sell,0.006543467794243546,2.1953334449687096e-05,再平衡移出,decile,size
2014-01-02,1813,sell,0.010728105065599495,3.59927924950863e-05,再平衡移出,decile,size
2014-01-02,3498,sell,0.05922983487190297,0.00019871609599523445,再平衡移出,decile,size
2014-01-02,3057,sell,0.03739517117300047,0.0001254607992854166,再平衡移出,decile,size
2014-01-02,3559,sell,0.014460433185671728,4.851475333792865e-05,再平衡移出,decile,size
2014-01-02,4113,sell,0.014381946992399246,4.8251432159499466e-05,再平衡移出,decile,size
2014-01-02,4934,sell,0.036088232062709016,0.00012107601857038876,再平衡移出,decile,size
2014-01-02,1784,sell,0.015538364946047203,5.213121439398837e-05,再平衡移出,decile,size
2014-01-02,1414,sell,0.014420681783935504,4.838138738510362e-05,再平衡移出,decile,size
2014-01-02,1795,sell,0.03625178239501245,0.00012162472993526677,再平衡移出,decile,size
2014-01-02,3296,sell,0.01393472029594329,4.675098659288974e-05,再平衡移出,decile,size
2014-01-02,1731,sell,0.012239527685941809,4.106361538633477e-05,再平衡移出,decile,size
2014-01-02,3191,buy,0.01529125420249216,3.601090364686904e-05,再平衡買進,decile,size
2014-01-02,4414,buy,0.01529125420249216,3.601090364686904e-05,再平衡買進,decile,size
2014-01-02,3085,buy,0.01529125420249216,3.601090364686904e-05,再平衡買進,decile,size
2014-01-02,8071,buy,0.01529125420249216,3.601090364686904e-05,再平衡買進,decile,size
2014-01-02,1539,buy,0.01529125420249216,3.601090364686904e-05,再平衡買進,decile,size
2014-01-02,2719,buy,0.01529125420249216,3.601090364686904e-05,再平衡買進,decile,size
2014-01-02,6283,buy,0.0021868689958131297,5.150076485139921e-06,再平衡買進,decile,size
2014-01-02,6215,buy,0.01529125420249216,3.601090364686904e-05,再平衡買進,decile,size
2014-01-02,1730,buy,0.01529125420249216,3.601090364686904e-05,再平衡買進,decile,size
2014-01-02,3363,buy,0.003657025202656773,8.6122943522567e-06,再平衡買進,decile,size
2014-01-02,3548,buy,0.0010832372056169479,2.551023619227912e-06,再平衡買進,decile,size
2014-01-02,1524,buy,0.01529125420249216,3.601090364686904e-05,再平衡買進,decile,size
2014-01-02,5438,buy,0.01529125420249216,3.601090364686904e-05,再平衡買進,decile,size
2014-01-02,3016,buy,0.01529125420249216,3.601090364686904e-05,再平衡買進,decile,size
2014-01-02,3324,buy,0.00491538532484739,1.1575732440015604e-05,再平衡買進,decile,size
2014-01-02,5398,buy,0.01529125420249216,3.601090364686904e-05,再平衡買進,decile,size
2014-01-02,5474,buy,0.01529125420249216,3.601090364686904e-05,再平衡買進,decile,size
2014-01-02,2453,buy,0.01529125420249216,3.601090364686904e-05,再平衡買進,decile,size
2014-01-02,3537,buy,0.01529125420249216,3.601090364686904e-05,再平衡買進,decile,size
2014-01-02,3484,buy,0.01529125420249216,3.601090364686904e-05,再平衡買進,decile,size
2014-01-02,4510,buy,0.01529125420249216,3.601090364686904e-05,再平衡買進,decile,size
2014-01-02,6237,buy,0.01529125420249216,3.601090364686904e-05,再平衡買進,decile,size
2014-01-02,3029,buy,0.01529125420249216,3.601090364686904e-05,再平衡買進,decile,size
2014-01-02,3306,buy,0.01529125420249216,3.601090364686904e-05,再平衡買進,decile,size
2014-01-02,3577,buy,0.01529125420249216,3.601090364686904e-05,再平衡買進,decile,size
2014-01-02,2375,buy,0.01529125420249216,3.601090364686904e-05,再平衡買進,decile,size
2014-01-02,5309,buy,0.01529125420249216,3.601090364686904e-05,再平衡買進,decile,size
2014-01-02,3027,buy,0.01529125420249216,3.601090364686904e-05,再平衡買進,decile,size
2014-01-02,1781,buy,0.0038317992252429964,9.023887175447257e-06,再平衡買進,decile,size
2014-01-02,3094,buy,0.01529125420249216,3.601090364686904e-05,再平衡買進,decile,size
2014-01-02,1569,buy,0.01529125420249216,3.601090364686904e-05,再平衡買進,decile,size
2014-01-02,3294,buy,0.01529125420249216,3.601090364686904e-05,再平衡買進,decile,size
2014-01-02,3297,buy,0.01529125420249216,3.601090364686904e-05,再平衡買進,decile,size
2014-01-02,8086,buy,0.01529125420249216,3.601090364686904e-05,再平衡買進,decile,size
2014-01-02,3623,buy,0.01529125420249216,3.601090364686904e-05,再平衡買進,decile,size
2014-01-02,1466,buy,0.01529125420249216,3.601090364686904e-05,再平衡買進,decile,size
2014-01-02,3541,buy,0.01529125420249216,3.601090364686904e-05,再平衡買進,decile,size
2014-01-02,6187,buy,0.01529125420249216,3.601090364686904e-05,再平衡買進,decile,size
2014-01-02,2613,buy,0.0009917290648062804,2.33552194761879e-06,再平衡買進,decile,size
2014-01-02,8074,buy,0.01529125420249216,3.601090364686904e-05,再平衡買進,decile,size
2014-01-02,6163,buy,0.0031751654376496654,7.477514605664962e-06,再平衡買進,decile,size
2014-01-02,2431,buy,0.01529125420249216,3.601090364686904e-05,再平衡買進,decile,size
2014-01-02,8099,buy,0.01529125420249216,3.601090364686904e-05,再平衡買進,decile,size
2014-01-02,6104,buy,0.01529125420249216,3.601090364686904e-05,再平衡買進,decile,size
2014-01-02,4987,buy,0.01529125420249216,3.601090364686904e-05,再平衡買進,decile,size
2014-01-02,4523,buy,0.0007561047218553659,1.780626619969387e-06,再平衡買進,decile,size
2014-01-02,3624,buy,0.0021968281746960663,5.173530351409236e-06,再平衡買進,decile,size
2014-01-02,3419,buy,0.003919189996560204,9.229692441899281e-06,再平衡買進,decile,size
2014-01-02,3089,buy,0.01529125420249216,3.601090364686904e-05,再平衡買進,decile,size
2014-01-02,3664,buy,0.01529125420249216,3.601090364686904e-05,再平衡買進,decile,size
2014-01-02,6123,buy,0.01529125420249216,3.601090364686904e-05,再平衡買進,decile,size
2014-01-02,4912,buy,0.01529125420249216,3.601090364686904e-05,再平衡買進,decile,size
2014-01-02,3663,buy,0.01529125420249216,3.601090364686904e-05,再平衡買進,decile,size
2014-01-02,4728,buy,0.01529125420249216,3.601090364686904e-05,再平衡買進,decile,size
2014-01-02,3479,buy,0.0001899302902585772,4.472858335589493e-07,再平衡買進,decile,size
2014-01-02,3362,buy,0.01529125420249216,3.601090364686904e-05,再平衡買進,decile,size
2014-01-02,5443,buy,0.01529125420249216,3.601090364686904e-05,再平衡買進,decile,size
2014-01-02,3234,buy,0.01529125420249216,3.601090364686904e-05,再平衡買進,decile,size
2014-01-02,2380,buy,0.01529125420249216,3.601090364686904e-05,再平衡買進,decile,size
2014-01-02,2924,buy,0.01529125420249216,3.601090364686904e-05,再平衡買進,decile,size
2014-01-02,8064,buy,0.01529125420249216,3.601090364686904e-05,再平衡買進,decile,size
2014-01-02,2399,buy,0.01529125420249216,3.601090364686904e-05,再平衡買進,decile,size
2015-01-05,3085,sell,0.006502604537341116,2.1816238222779443e-05,停牌於選股日，視同下市,decile,size
2015-01-05,3324,sell,0.013008668688548795,4.364408345008121e-05,再平衡移出,decile,size
2015-01-05,1799,sell,0.009445488254398865,3.168961309350819e-05,再平衡減碼,decile,size
2015-01-05,8088,sell,0.011520900569141056,3.865262140946824e-05,再平衡移出,decile,size
2015-01-05,4109,sell,0.01379747840976963,4.6290540064777105e-05,再平衡移出,decile,size
2015-01-05,6283,sell,0.009675243646644778,3.246044243449323e-05,再平衡移出,decile,size
2015-01-05,3548,sell,0.002659275707721672,8.921869999406211e-06,再平衡減碼,decile,size
2015-01-05,3363,sell,0.021992902317984668,7.378618727683857e-05,再平衡移出,decile,size
2015-01-05,2613,sell,0.014747083653483366,4.9476465657436695e-05,再平衡移出,decile,size
2015-01-05,4523,sell,0.010658766112941582,3.576016030891901e-05,再平衡移出,decile,size
2015-01-05,1781,sell,0.010391548083688694,3.486364382077556e-05,再平衡移出,decile,size
2015-01-05,3479,sell,0.016058739034272036,5.387706945998269e-05,再平衡移出,decile,size
2015-01-05,3419,sell,0.011058356010968344,3.7100784416798796e-05,再平衡移出,decile,size
2015-01-05,3624,sell,0.01713396876164483,5.7484465195318404e-05,再平衡移出,decile,size
2015-01-05,3191,sell,0.015565071804881328,5.2220815905376855e-05,再平衡移出,decile,size
2015-01-05,4414,sell,0.02299410728633675,7.71452299456598e-05,再平衡移出,decile,size
2015-01-05,8071,sell,0.010548126139384557,3.538896319763519e-05,再平衡移出,decile,size
2015-01-05,1539,sell,0.014306987152810915,4.799994189768062e-05,再平衡移出,decile,size
2015-01-05,2719,sell,0.010370664337174935,3.479357885122191e-05,再平衡移出,decile,size
2015-01-05,6215,sell,0.0058630311449807855,1.9670469491410538e-05,再平衡減碼,decile,size
2015-01-05,1730,sell,0.0014605633169048164,4.900189928215659e-06,再平衡減碼,decile,size
2015-01-05,1524,sell,0.013489481974615102,4.525721202483367e-05,再平衡移出,decile,size
2015-01-05,5438,sell,0.01700767136559892,5.706073743158438e-05,再平衡移出,decile,size
2015-01-05,5398,sell,0.014547681560455564,4.8807471635328416e-05,再平衡移出,decile,size
2015-01-05,2453,sell,0.013600653282811116,4.563019176383129e-05,再平衡移出,decile,size
2015-01-05,3484,sell,0.026273312042832304,8.814696190370238e-05,再平衡移出,decile,size
2015-01-05,4510,sell,0.016703145854222178,5.603905434091541e-05,再平衡移出,decile,size
2015-01-05,6237,sell,0.014370769398637887,4.821393133243011e-05,再平衡移出,decile,size
2015-01-05,3029,sell,0.013511770525771929,4.5331990113964825e-05,再平衡移出,decile,size
2015-01-05,3306,sell,0.015383085843757055,5.161025300580492e-05,再平衡移出,decile,size
2015-01-05,3577,sell,0.01691170052075396,5.6738755247129536e-05,再平衡移出,decile,size
2015-01-05,2375,sell,0.014760297721695846,4.9520798856289564e-05,再平衡移出,decile,size
2015-01-05,5309,sell,0.01854151854204147,6.220679470854914e-05,再平衡移出,decile,size
2015-01-05,3094,sell,0.027265764491983157,9.147663987060349e-05,再平衡移出,decile,size
2015-01-05,1569,sell,0.015155362826204128,5.084624228191485e-05,再平衡移出,decile,size
2015-01-05,3294,sell,0.021342328824323374,7.160351320560492e-05,再平衡移出,decile,size
2015-01-05,3297,sell,0.010442504576431514,3.5034602853927725e-05,再平衡移出,decile,size
2015-01-05,8086,sell,0.046172039328709905,0.00015490719194782173,再平衡移出,decile,size
2015-01-05,3623,sell,0.022799990275059048,7.649396737282311e-05,再平衡移出,decile,size
2015-01-05,1466,sell,0.014338036754140481,4.810411331014131e-05,再平衡移出,decile,size
2015-01-05,3541,sell,0.039905278883334006,0.0001338822106535856,再平衡移出,decile,size
2015-01-05,6187,sell,0.02268947054282802,7.6123173671188e-05,再平衡移出,decile,size
2015-01-05,8074,sell,0.01236970458217518,4.150035887319773e-05,再平衡移出,decile,size
2015-01-05,2431,sell,0.01984279866450167,6.65725895194031e-05,再平衡移出,decile,size
2015-01-05,8099,sell,0.012822870226113212,4.302072960860983e-05,再平衡移出,decile,size
2015-01-05,6104,sell,0.03968543980959727,0.00013314465056119882,再平衡移出,decile,size
2015-01-05,4987,sell,0.016958796979986087,5.689676386785332e-05,再平衡移出,decile,size
2015-01-05,3089,sell,0.017359048078505,5.823960630338428e-05,再平衡移出,decile,size
2015-01-05,3664,sell,0.01640672835324573,5.5044573625139423e-05,再平衡移出,decile,size
2015-01-05,6123,sell,0.01294802786112585,4.344063347407723e-05,再平衡移出,decile,size
2015-01-05,4912,sell,0.020575773850889045,6.903172126973274e-05,再平衡移出,decile,size
2015-01-05,3663,sell,0.012011705463675046,4.029927183062978e-05,再平衡移出,decile,size
2015-01-05,4728,sell,0.01165710665353486,3.910959282260946e-05,再平衡移出,decile,size
2015-01-05,3362,sell,0.016795985358605322,5.6350530878120856e-05,再平衡移出,decile,size
2015-01-05,3234,sell,0.02585910085711726,8.67572833756284e-05,再平衡移出,decile,size
2015-01-05,2380,sell,0.013586482811865358,4.5582649833808276e-05,再平衡移出,decile,size
2015-01-05,2924,sell,0.016625720156155103,5.577929112390037e-05,再平衡移出,decile,size
2015-01-05,8064,sell,0.01923659795143146,6.453878612705254e-05,再平衡移出,decile,size
2015-01-05,2399,sell,0.01456955670987338,4.888086276162519e-05,再平衡移出,decile,size
2015-01-05,6241,buy,0.016604316515143904,3.9103165393163895e-05,再平衡買進,decile,size
2015-01-05,1732,buy,0.016604316515143904,3.9103165393163895e-05,再平衡買進,decile,size
2015-01-05,4735,buy,0.016604316515143904,3.9103165393163895e-05,再平衡買進,decile,size
2015-01-05,6113,buy,0.016604316515143904,3.9103165393163895e-05,再平衡買進,decile,size
2015-01-05,5487,buy,0.016604316515143904,3.9103165393163895e-05,再平衡買進,decile,size
2015-01-05,3580,buy,0.016604316515143904,3.9103165393163895e-05,再平衡買進,decile,size
2015-01-05,8171,buy,0.016604316515143904,3.9103165393163895e-05,再平衡買進,decile,size
2015-01-05,3202,buy,0.016604316515143904,3.9103165393163895e-05,再平衡買進,decile,size
2015-01-05,3206,buy,0.016604316515143904,3.9103165393163895e-05,再平衡買進,decile,size
2015-01-05,3018,buy,0.016604316515143904,3.9103165393163895e-05,再平衡買進,decile,size
2015-01-05,3642,buy,0.016604316515143904,3.9103165393163895e-05,再平衡買進,decile,size
2015-01-05,2482,buy,0.016604316515143904,3.9103165393163895e-05,再平衡買進,decile,size
2015-01-05,5202,buy,0.016604316515143904,3.9103165393163895e-05,再平衡買進,decile,size
2015-01-05,6170,buy,0.016604316515143904,3.9103165393163895e-05,再平衡買進,decile,size
2015-01-05,5460,buy,0.016604316515143904,3.9103165393163895e-05,再平衡買進,decile,size
2015-01-05,2465,buy,0.016604316515143904,3.9103165393163895e-05,再平衡買進,decile,size
2015-01-05,3537,buy,0.004594757057914815,1.0820652871389388e-05,再平衡買進,decile,size
2015-01-05,3360,buy,0.016604316515143904,3.9103165393163895e-05,再平衡買進,decile,size
2015-01-05,8410,buy,0.016604316515143904,3.9103165393163895e-05,再平衡買進,decile,size
2015-01-05,8085,buy,0.016604316515143904,3.9103165393163895e-05,再平衡買進,decile,size
2015-01-05,3054,buy,0.016604316515143904,3.9103165393163895e-05,再平衡買進,decile,size
2015-01-05,6228,buy,0.016604316515143904,3.9103165393163895e-05,再平衡買進,decile,size
2015-01-05,2302,buy,0.016604316515143904,3.9103165393163895e-05,再平衡買進,decile,size
2015-01-05,8277,buy,0.016604316515143904,3.9103165393163895e-05,再平衡買進,decile,size
2015-01-05,8080,buy,0.004252660323103199,1.0015015060908033e-05,再平衡買進,decile,size
2015-01-05,3325,buy,0.016604316515143904,3.9103165393163895e-05,再平衡買進,decile,size
2015-01-05,5474,buy,0.0016356015802126908,3.8518417214008865e-06,再平衡買進,decile,size
2015-01-05,5603,buy,0.016604316515143904,3.9103165393163895e-05,再平衡買進,decile,size
2015-01-05,2488,buy,0.016604316515143904,3.9103165393163895e-05,再平衡買進,decile,size
2015-01-05,3455,buy,0.016604316515143904,3.9103165393163895e-05,再平衡買進,decile,size
2015-01-05,2025,buy,0.016604316515143904,3.9103165393163895e-05,再平衡買進,decile,size
2015-01-05,3432,buy,0.016604316515143904,3.9103165393163895e-05,再平衡買進,decile,size
2015-01-05,6208,buy,0.016604316515143904,3.9103165393163895e-05,再平衡買進,decile,size
2015-01-05,3232,buy,0.016604316515143904,3.9103165393163895e-05,再平衡買進,decile,size
2015-01-05,3303,buy,0.016604316515143904,3.9103165393163895e-05,再平衡買進,decile,size
2015-01-05,4995,buy,0.016604316515143904,3.9103165393163895e-05,再平衡買進,decile,size
2015-01-05,2413,buy,0.016604316515143904,3.9103165393163895e-05,再平衡買進,decile,size
2015-01-05,3016,buy,4.715565129324514e-05,1.1105155879559231e-07,再平衡買進,decile,size
2015-01-05,4939,buy,0.016604316515143904,3.9103165393163895e-05,再平衡買進,decile,size
2015-01-05,5014,buy,0.016604316515143904,3.9103165393163895e-05,再平衡買進,decile,size
2015-01-05,6259,buy,0.016604316515143904,3.9103165393163895e-05,再平衡買進,decile,size
2015-01-05,3593,buy,0.016604316515143904,3.9103165393163895e-05,再平衡買進,decile,size
2015-01-05,3526,buy,0.016604316515143904,3.9103165393163895e-05,再平衡買進,decile,size
2015-01-05,6163,buy,0.0008318410247100082,1.9589856131920694e-06,再平衡買進,decile,size
2015-01-05,6243,buy,0.016604316515143904,3.9103165393163895e-05,再平衡買進,decile,size
2015-01-05,3169,buy,0.016604316515143904,3.9103165393163895e-05,再平衡買進,decile,size
2015-01-05,3027,buy,1.1954421436827928e-05,2.8152662483729768e-08,再平衡買進,decile,size
2015-01-05,8928,buy,0.016604316515143904,3.9103165393163895e-05,再平衡買進,decile,size
2015-01-05,3390,buy,0.016604316515143904,3.9103165393163895e-05,再平衡買進,decile,size
2015-01-05,5481,buy,0.016604316515143904,3.9103165393163895e-05,再平衡買進,decile,size
2015-01-05,3546,buy,0.016604316515143904,3.9103165393163895e-05,再平衡買進,decile,size
2015-01-05,4984,buy,0.016604316515143904,3.9103165393163895e-05,再平衡買進,decile,size
2015-01-05,3615,buy,0.016604316515143904,3.9103165393163895e-05,再平衡買進,decile,size
2015-01-05,4721,buy,0.016604316515143904,3.9103165393163895e-05,再平衡買進,decile,size
2015-01-05,6179,buy,0.016604316515143904,3.9103165393163895e-05,再平衡買進,decile,size
2015-01-05,3588,buy,0.016604316515143904,3.9103165393163895e-05,再平衡買進,decile,size
2015-01-05,3221,buy,0.016604316515143904,3.9103165393163895e-05,再平衡買進,decile,size
2015-01-05,8155,buy,0.016604316515143904,3.9103165393163895e-05,再平衡買進,decile,size
2015-01-05,1325,buy,0.016604316515143904,3.9103165393163895e-05,再平衡買進,decile,size
2015-01-05,5443,buy,0.0009697540785848328,2.2837708550672814e-06,再平衡買進,decile,size
2015-01-05,3004,buy,0.016604316515143904,3.9103165393163895e-05,再平衡買進,decile,size
2015-01-05,3285,buy,0.016604316515143904,3.9103165393163895e-05,再平衡買進,decile,size
2015-01-05,4971,buy,0.016604316515143904,3.9103165393163895e-05,再平衡買進,decile,size
2015-01-05,2305,buy,0.016604316515143904,3.9103165393163895e-05,再平衡買進,decile,size
2007-01-02,2412,buy,0.021688055065104288,5.10753696783206e-05,再平衡買進,decile,lowvol
2007-01-02,6505,buy,0.021688055065104288,5.10753696783206e-05,再平衡買進,decile,lowvol
2007-01-02,1326,buy,0.021688055065104288,5.10753696783206e-05,再平衡買進,decile,lowvol
2007-01-02,2889,buy,0.021688055065104288,5.10753696783206e-05,再平衡買進,decile,lowvol
2007-01-02,1301,buy,0.021688055065104288,5.10753696783206e-05,再平衡買進,decile,lowvol
2007-01-02,1303,buy,0.021688055065104288,5.10753696783206e-05,再平衡買進,decile,lowvol
2007-01-02,2880,buy,0.021688055065104288,5.10753696783206e-05,再平衡買進,decile,lowvol
2007-01-02,2892,buy,0.021688055065104288,5.10753696783206e-05,再平衡買進,decile,lowvol
2007-01-02,2002,buy,0.021688055065104288,5.10753696783206e-05,再平衡買進,decile,lowvol
2007-01-02,1477,buy,0.021688055065104288,5.10753696783206e-05,再平衡買進,decile,lowvol
2007-01-02,3045,buy,0.021688055065104288,5.10753696783206e-05,再平衡買進,decile,lowvol
2007-01-02,2856,buy,0.021688055065104288,5.10753696783206e-05,再平衡買進,decile,lowvol
2007-01-02,2609,buy,0.021688055065104288,5.10753696783206e-05,再平衡買進,decile,lowvol
2007-01-02,2610,buy,0.021688055065104288,5.10753696783206e-05,再平衡買進,decile,lowvol
2007-01-02,4904,buy,0.021688055065104288,5.10753696783206e-05,再平衡買進,decile,lowvol
2007-01-02,2884,buy,0.021688055065104288,5.10753696783206e-05,再平衡買進,decile,lowvol
2007-01-02,2617,buy,0.021688055065104288,5.10753696783206e-05,再平衡買進,decile,lowvol
2007-01-02,1451,buy,0.021688055065104288,5.10753696783206e-05,再平衡買進,decile,lowvol
2007-01-02,2834,buy,0.021688055065104288,5.10753696783206e-05,再平衡買進,decile,lowvol
2007-01-02,6277,buy,0.021688055065104288,5.10753696783206e-05,再平衡買進,decile,lowvol
2007-01-02,2404,buy,0.021688055065104288,5.10753696783206e-05,再平衡買進,decile,lowvol
2007-01-02,2855,buy,0.021688055065104288,5.10753696783206e-05,再平衡買進,decile,lowvol
2007-01-02,1802,buy,0.021688055065104288,5.10753696783206e-05,再平衡買進,decile,lowvol
2007-01-02,2883,buy,0.021688055065104288,5.10753696783206e-05,再平衡買進,decile,lowvol
2007-01-02,1434,buy,0.021688055065104288,5.10753696783206e-05,再平衡買進,decile,lowvol
2007-01-02,1710,buy,0.021688055065104288,5.10753696783206e-05,再平衡買進,decile,lowvol
2007-01-02,2615,buy,0.021688055065104288,5.10753696783206e-05,再平衡買進,decile,lowvol
2007-01-02,1536,buy,0.021688055065104288,5.10753696783206e-05,再平衡買進,decile,lowvol
2007-01-02,2603,buy,0.021688055065104288,5.10753696783206e-05,再平衡買進,decile,lowvol
2007-01-02,1304,buy,0.021688055065104288,5.10753696783206e-05,再平衡買進,decile,lowvol
2007-01-02,2890,buy,0.021688055065104288,5.10753696783206e-05,再平衡買進,decile,lowvol
2007-01-02,3033,buy,0.021688055065104288,5.10753696783206e-05,再平衡買進,decile,lowvol
2007-01-02,9915,buy,0.021688055065104288,5.10753696783206e-05,再平衡買進,decile,lowvol
2007-01-02,2882,buy,0.021688055065104288,5.10753696783206e-05,再平衡買進,decile,lowvol
2007-01-02,4526,buy,0.021688055065104288,5.10753696783206e-05,再平衡買進,decile,lowvol
2007-01-02,3023,buy,0.021688055065104288,5.10753696783206e-05,再平衡買進,decile,lowvol
2007-01-02,2464,buy,0.021688055065104288,5.10753696783206e-05,再平衡買進,decile,lowvol
2007-01-02,2606,buy,0.021688055065104288,5.10753696783206e-05,再平衡買進,decile,lowvol
2007-01-02,1527,buy,0.021688055065104288,5.10753696783206e-05,再平衡買進,decile,lowvol
2007-01-02,2321,buy,0.021688055065104288,5.10753696783206e-05,再平衡買進,decile,lowvol
2007-01-02,2807,buy,0.021688055065104288,5.10753696783206e-05,再平衡買進,decile,lowvol
2007-01-02,1104,buy,0.021688055065104288,5.10753696783206e-05,再平衡買進,decile,lowvol
2007-01-02,6005,buy,0.021688055065104288,5.10753696783206e-05,再平衡買進,decile,lowvol
2007-01-02,1507,buy,0.021688055065104288,5.10753696783206e-05,再平衡買進,decile,lowvol
2007-01-02,2029,buy,0.021688055065104288,5.10753696783206e-05,再平衡買進,decile,lowvol
2007-01-02,2312,buy,0.021688055065104288,5.10753696783206e-05,再平衡買進,decile,lowvol
2007-01-17,2807,sell,0.021659490154145717,7.266758946715888e-05,下市出場,decile,lowvol
2007-01-17,2412,buy,0.0004785801119403484,1.1270561636195204e-06,下市所得再分配,decile,lowvol
2007-01-17,6505,buy,0.0004785801119403484,1.1270561636195204e-06,下市所得再分配,decile,lowvol
2007-01-17,1326,buy,0.0004785801119403484,1.1270561636195204e-06,下市所得再分配,decile,lowvol
2007-01-17,2889,buy,0.0004785801119403484,1.1270561636195204e-06,下市所得再分配,decile,lowvol
2007-01-17,1301,buy,0.0004785801119403484,1.1270561636195204e-06,下市所得再分配,decile,lowvol
2007-01-17,1303,buy,0.0004785801119403484,1.1270561636195204e-06,下市所得再分配,decile,lowvol
2007-01-17,2880,buy,0.0004785801119403484,1.1270561636195204e-06,下市所得再分配,decile,lowvol
2007-01-17,2892,buy,0.0004785801119403484,1.1270561636195204e-06,下市所得再分配,decile,lowvol
2007-01-17,2002,buy,0.0004785801119403484,1.1270561636195204e-06,下市所得再分配,decile,lowvol
2007-01-17,1477,buy,0.0004785801119403484,1.1270561636195204e-06,下市所得再分配,decile,lowvol
2007-01-17,3045,buy,0.0004785801119403484,1.1270561636195204e-06,下市所得再分配,decile,lowvol
2007-01-17,2856,buy,0.0004785801119403484,1.1270561636195204e-06,下市所得再分配,decile,lowvol
2007-01-17,2609,buy,0.0004785801119403484,1.1270561636195204e-06,下市所得再分配,decile,lowvol
2007-01-17,2610,buy,0.0004785801119403484,1.1270561636195204e-06,下市所得再分配,decile,lowvol
2007-01-17,4904,buy,0.0004785801119403484,1.1270561636195204e-06,下市所得再分配,decile,lowvol
2007-01-17,2884,buy,0.0004785801119403484,1.1270561636195204e-06,下市所得再分配,decile,lowvol
2007-01-17,2617,buy,0.0004785801119403484,1.1270561636195204e-06,下市所得再分配,decile,lowvol
2007-01-17,1451,buy,0.0004785801119403484,1.1270561636195204e-06,下市所得再分配,decile,lowvol
2007-01-17,2834,buy,0.0004785801119403484,1.1270561636195204e-06,下市所得再分配,decile,lowvol
2007-01-17,6277,buy,0.0004785801119403484,1.1270561636195204e-06,下市所得再分配,decile,lowvol
2007-01-17,2404,buy,0.0004785801119403484,1.1270561636195204e-06,下市所得再分配,decile,lowvol
2007-01-17,2855,buy,0.0004785801119403484,1.1270561636195204e-06,下市所得再分配,decile,lowvol
2007-01-17,1802,buy,0.0004785801119403484,1.1270561636195204e-06,下市所得再分配,decile,lowvol
2007-01-17,2883,buy,0.0004785801119403484,1.1270561636195204e-06,下市所得再分配,decile,lowvol
2007-01-17,1434,buy,0.0004785801119403484,1.1270561636195204e-06,下市所得再分配,decile,lowvol
2007-01-17,1710,buy,0.0004785801119403484,1.1270561636195204e-06,下市所得再分配,decile,lowvol
2007-01-17,2615,buy,0.0004785801119403484,1.1270561636195204e-06,下市所得再分配,decile,lowvol
2007-01-17,1536,buy,0.0004785801119403484,1.1270561636195204e-06,下市所得再分配,decile,lowvol
2007-01-17,2603,buy,0.0004785801119403484,1.1270561636195204e-06,下市所得再分配,decile,lowvol
2007-01-17,1304,buy,0.0004785801119403484,1.1270561636195204e-06,下市所得再分配,decile,lowvol
2007-01-17,2890,buy,0.0004785801119403484,1.1270561636195204e-06,下市所得再分配,decile,lowvol
2007-01-17,3033,buy,0.0004785801119403484,1.1270561636195204e-06,下市所得再分配,decile,lowvol
2007-01-17,9915,buy,0.0004785801119403484,1.1270561636195204e-06,下市所得再分配,decile,lowvol
2007-01-17,2882,buy,0.0004785801119403484,1.1270561636195204e-06,下市所得再分配,decile,lowvol
2007-01-17,4526,buy,0.0004785801119403484,1.1270561636195204e-06,下市所得再分配,decile,lowvol
2007-01-17,3023,buy,0.0004785801119403484,1.1270561636195204e-06,下市所得再分配,decile,lowvol
2007-01-17,2464,buy,0.0004785801119403484,1.1270561636195204e-06,下市所得再分配,decile,lowvol
2007-01-17,2606,buy,0.0004785801119403484,1.1270561636195204e-06,下市所得再分配,decile,lowvol
2007-01-17,1527,buy,0.0004785801119403484,1.1270561636195204e-06,下市所得再分配,decile,lowvol
2007-01-17,2321,buy,0.0004785801119403484,1.1270561636195204e-06,下市所得再分配,decile,lowvol
2007-01-17,1104,buy,0.0004785801119403484,1.1270561636195204e-06,下市所得再分配,decile,lowvol
2007-01-17,6005,buy,0.0004785801119403484,1.1270561636195204e-06,下市所得再分配,decile,lowvol
2007-01-17,1507,buy,0.0004785801119403484,1.1270561636195204e-06,下市所得再分配,decile,lowvol
2007-01-17,2029,buy,0.0004785801119403484,1.1270561636195204e-06,下市所得再分配,decile,lowvol
2007-01-17,2312,buy,0.0004785801119403484,1.1270561636195204e-06,下市所得再分配,decile,lowvol
2008-01-02,2412,sell,0.025424688076999942,8.529982849833481e-05,停牌於選股日，視同下市,decile,lowvol
2008-01-02,6505,sell,0.03079927897119237,0.0001033315809483504,再平衡移出,decile,lowvol
2008-01-02,1326,sell,0.004377818788158693,1.4687582034272416e-05,再平衡減碼,decile,lowvol
2008-01-02,1301,sell,0.03856847542456203,0.00012939723504940562,再平衡移出,decile,lowvol
2008-01-02,1303,sell,0.005758204268060053,1.9318775319341477e-05,再平衡減碼,decile,lowvol
2008-01-02,2002,sell,9.352437911110123e-05,3.137742919177446e-07,再平衡減碼,decile,lowvol
2008-01-02,3045,sell,0.030679321055896477,0.00010292912214253268,再平衡移出,decile,lowvol
2008-01-02,2856,sell,0.020676023502633267,6.93680588513346e-05,再平衡移出,decile,lowvol
2008-01-02,2609,sell,0.03014252944268311,0.00010112818628020183,再平衡移出,decile,lowvol
2008-01-02,2617,sell,0.049962100058787644,0.00016762284569723254,再平衡移出,decile,lowvol
2008-01-02,1451,sell,0.023723239396204538,7.959146817426623e-05,再平衡移出,decile,lowvol
2008-01-02,6277,sell,0.02625438951428511,8.808347682042654e-05,再平衡移出,decile,lowvol
2008-01-02,2855,sell,0.023975145785263437,8.043661410955883e-05,再平衡移出,decile,lowvol
2008-01-02,1802,sell,0.03030743347974417,0.00010168143932454169,再平衡移出,decile,lowvol
2008-01-02,1434,sell,0.03058539951490957,0.0001026140153725216,再平衡移出,decile,lowvol
2008-01-02,1710,sell,0.04138241036526375,0.00013883798677545987,再平衡移出,decile,lowvol
2008-01-02,2615,sell,0.032956258227877046,0.00011056824635452749,再平衡移出,decile,lowvol
2008-01-02,1536,sell,0.021679014517732267,7.273309370699176e-05,再平衡移出,decile,lowvol
2008-01-02,2603,sell,0.034885088169867316,0.00011703947080990484,再平衡移出,decile,lowvol
2008-01-02,1304,sell,0.048730164955745024,0.00016348970342652455,再平衡移出,decile,lowvol
2008-01-02,3033,sell,0.02134899042711965,7.162586288298642e-05,再平衡移出,decile,lowvol
2008-01-02,9915,sell,0.02967430882380508,9.955730610386603e-05,再平衡移出,decile,lowvol
2008-01-02,2882,sell,0.02005366046178083,6.728003084927468e-05,再平衡移出,decile,lowvol
2008-01-02,4526,sell,0.01847690247388044,6.199000779986887e-05,再平衡移出,decile,lowvol
2008-01-02,2464,sell,0.00021812409748080824,7.318063470481117e-07,再平衡減碼,decile,lowvol
2008-01-02,2606,sell,0.04419358803686657,0.00014826948786368735,再平衡移出,decile,lowvol
2008-01-02,2321,sell,0.03240635675009402,0.00010872332689656544,再平衡移出,decile,lowvol
2008-01-02,1104,sell,0.022954852173697866,7.701352904275634e-05,再平衡移出,decile,lowvol
2008-01-02,6005,sell,0.026007055375938556,8.725367078627386e-05,再平衡移出,decile,lowvol
2008-01-02,1507,sell,0.027683332459512502,9.287758040166445e-05,再平衡移出,decile,lowvol
2008-01-02,2029,sell,0.02133493622537064,7.15787110361185e-05,再平衡移出,decile,lowvol
2008-01-02,2312,sell,0.019524306871749362,6.550404955471911e-05,再平衡移出,decile,lowvol
2008-01-02,2820,buy,0.03080633303509993,7.254891429766034e-05,再平衡買進,decile,lowvol
2008-01-02,2892,buy,0.008530243946209912,2.0088724493324344e-05,再平衡買進,decile,lowvol
2008-01-02,4904,buy,0.004470471835896203,1.0527961173535558e-05,再平衡買進,decile,lowvol
2008-01-02,2886,buy,0.03080633303509993,7.254891429766034e-05,再平衡買進,decile,lowvol
2008-01-02,2834,buy,0.010696704451665935,2.5190738983673277e-05,再平衡買進,decile,lowvol
2008-01-02,2404,buy,0.004970456064102232,1.1705424030960755e-05,再平衡買進,decile,lowvol
2008-01-02,5854,buy,0.03080633303509993,7.254891429766034e-05,再平衡買進,decile,lowvol
2008-01-02,2889,buy,0.008388518097333954,1.9754960119221463e-05,再平衡買進,decile,lowvol
2008-01-02,2884,buy,0.014851619291531323,3.497556343155626e-05,再平衡買進,decile,lowvol
2008-01-02,2610,buy,0.008249935756635612,1.9428598706876865e-05,再平衡買進,decile,lowvol
2008-01-02,3010,buy,0.03080633303509993,7.254891429766034e-05,再平衡買進,decile,lowvol
2008-01-02,2204,buy,0.03080633303509993,7.254891429766034e-05,再平衡買進,decile,lowvol
2008-01-02,1527,buy,0.0079892547180924,1.88146948611076e-05,再平衡買進,decile,lowvol
2008-01-02,2832,buy,0.03080633303509993,7.254891429766034e-05,再平衡買進,decile,lowvol
2008-01-02,2890,buy,0.015312445133017584,3.606080828825641e-05,再平衡買進,decile,lowvol
2008-01-02,2618,buy,0.03080633303509993,7.254891429766034e-05,再平衡買進,decile,lowvol
2008-01-02,2303,buy,0.03080633303509993,7.254891429766034e-05,再平衡買進,decile,lowvol
2008-01-02,2883,buy,0.011698843594195613,2.7550776664330666e-05,再平衡買進,decile,lowvol
2008-01-02,3023,buy,0.01037418312819302,2.4431201266894563e-05,再平衡買進,decile,lowvol
2008-01-02,2330,buy,0.03080633303509993,7.254891429766034e-05,再平衡買進,decile,lowvol
2008-01-02,6131,buy,0.03080633303509993,7.254891429766034e-05,再平衡買進,decile,lowvol
2008-01-02,2880,buy,0.010992483758644311,2.588729925160735e-05,再平衡買進,decile,lowvol
2008-01-02,2801,buy,0.03080633303509993,7.254891429766034e-05,再平衡買進,decile,lowvol
2008-01-02,1503,buy,0.03080633303509993,7.254891429766034e-05,再平衡買進,decile,lowvol
2008-01-02,1477,buy,0.005010383382921136,1.1799452866779274e-05,再平衡買進,decile,lowvol
2008-01-02,1715,buy,0.03080633303509993,7.254891429766034e-05,再平衡買進,decile,lowvol
2008-01-02,9917,buy,0.03080633303509993,7.254891429766034e-05,再平衡買進,decile,lowvol
2008-01-02,2201,buy,0.03080633303509993,7.254891429766034e-05,再平衡買進,decile,lowvol
2008-01-02,2887,buy,0.03080633303509993,7.254891429766034e-05,再平衡買進,decile,lowvol
2008-01-02,2526,buy,0.03080633303509993,7.254891429766034e-05,再平衡買進,decile,lowvol
2008-01-02,2338,buy,0.03080633303509993,7.254891429766034e-05,再平衡買進,decile,lowvol
2008-01-02,1723,buy,0.03080633303509993,7.254891429766034e-05,再平衡買進,decile,lowvol
2008-01-02,2912,buy,0.03080633303509993,7.254891429766034e-05,再平衡買進,decile,lowvol
2008-01-02,3026,buy,0.03080633303509993,7.254891429766034e-05,再平衡買進,decile,lowvol
2008-01-02,2411,buy,0.03080633303509993,7.254891429766034e-05,再平衡買進,decile,lowvol
2008-01-02,6139,buy,0.03080633303509993,7.254891429766034e-05,再平衡買進,decile,lowvol
2008-10-22,2411,sell,0.0325383742598801,0.00010916624564189772,下市出場,decile,lowvol
2008-10-22,1326,buy,0.0008295645297436895,1.953624467546389e-06,下市所得再分配,decile,lowvol
2008-10-22,2889,buy,0.0008295645297436895,1.953624467546389e-06,下市所得再分配,decile,lowvol
2008-10-22,1303,buy,0.0008295645297436895,1.953624467546389e-06,下市所得再分配,decile,lowvol
2008-10-22,2880,buy,0.0008295645297436895,1.953624467546389e-06,下市所得再分配,decile,lowvol
2008-10-22,2892,buy,0.0008295645297436895,1.953624467546389e-06,下市所得再分配,decile,lowvol
2008-10-22,2002,buy,0.0008295645297436895,1.953624467546389e-06,下市所得再分配,decile,lowvol
2008-10-22,1477,buy,0.0008295645297436895,1.953624467546389e-06,下市所得再分配,decile,lowvol
2008-10-22,2610,buy,0.0008295645297436895,1.953624467546389e-06,下市所得再分配,decile,lowvol
2008-10-22,4904,buy,0.0008295645297436895,1.953624467546389e-06,下市所得再分配,decile,lowvol
2008-10-22,2884,buy,0.0008295645297436895,1.953624467546389e-06,下市所得再分配,decile,lowvol
2008-10-22,2834,buy,0.0008295645297436895,1.953624467546389e-06,下市所得再分配,decile,lowvol
2008-10-22,2404,buy,0.0008295645297436895,1.953624467546389e-06,下市所得再分配,decile,lowvol
2008-10-22,2883,buy,0.0008295645297436895,1.953624467546389e-06,下市所得再分配,decile,lowvol
2008-10-22,2890,buy,0.0008295645297436895,1.953624467546389e-06,下市所得再分配,decile,lowvol
2008-10-22,3023,buy,0.0008295645297436895,1.953624467546389e-06,下市所得再分配,decile,lowvol
2008-10-22,2464,buy,0.0008295645297436895,1.953624467546389e-06,下市所得再分配,decile,lowvol
2008-10-22,1527,buy,0.0008295645297436895,1.953624467546389e-06,下市所得再分配,decile,lowvol
2008-10-22,2820,buy,0.0008295645297436895,1.953624467546389e-06,下市所得再分配,decile,lowvol
2008-10-22,2886,buy,0.0008295645297436895,1.953624467546389e-06,下市所得再分配,decile,lowvol
2008-10-22,5854,buy,0.0008295645297436895,1.953624467546389e-06,下市所得再分配,decile,lowvol
2008-10-22,3010,buy,0.0008295645297436895,1.953624467546389e-06,下市所得再分配,decile,lowvol
2008-10-22,2204,buy,0.0008295645297436895,1.953624467546389e-06,下市所得再分配,decile,lowvol
2008-10-22,2832,buy,0.0008295645297436895,1.953624467546389e-06,下市所得再分配,decile,lowvol
2008-10-22,2618,buy,0.0008295645297436895,1.953624467546389e-06,下市所得再分配,decile,lowvol
2008-10-22,2303,buy,0.0008295645297436895,1.953624467546389e-06,下市所得再分配,decile,lowvol
2008-10-22,2330,buy,0.0008295645297436895,1.953624467546389e-06,下市所得再分配,decile,lowvol
2008-10-22,6131,buy,0.0008295645297436895,1.953624467546389e-06,下市所得再分配,decile,lowvol
2008-10-22,2801,buy,0.0008295645297436895,1.953624467546389e-06,下市所得再分配,decile,lowvol
2008-10-22,1503,buy,0.0008295645297436895,1.953624467546389e-06,下市所得再分配,decile,lowvol
2008-10-22,1715,buy,0.0008295645297436895,1.953624467546389e-06,下市所得再分配,decile,lowvol
2008-10-22,9917,buy,0.0008295645297436895,1.953624467546389e-06,下市所得再分配,decile,lowvol
2008-10-22,2201,buy,0.0008295645297436895,1.953624467546389e-06,下市所得再分配,decile,lowvol
2008-10-22,2887,buy,0.0008295645297436895,1.953624467546389e-06,下市所得再分配,decile,lowvol
2008-10-22,2526,buy,0.0008295645297436895,1.953624467546389e-06,下市所得再分配,decile,lowvol
2008-10-22,2338,buy,0.0008295645297436895,1.953624467546389e-06,下市所得再分配,decile,lowvol
2008-10-22,1723,buy,0.0008295645297436895,1.953624467546389e-06,下市所得再分配,decile,lowvol
2008-10-22,2912,buy,0.0008295645297436895,1.953624467546389e-06,下市所得再分配,decile,lowvol
2008-10-22,3026,buy,0.0008295645297436895,1.953624467546389e-06,下市所得再分配,decile,lowvol
2008-10-22,6139,buy,0.0008295645297436895,1.953624467546389e-06,下市所得再分配,decile,lowvol
2009-01-05,1326,sell,0.0032050201064763445,1.0752842457228136e-05,再平衡減碼,decile,lowvol
2009-01-05,2889,sell,0.00262360681316752,8.80220085817703e-06,再平衡減碼,decile,lowvol
2009-01-05,1303,sell,0.0010357518454407189,3.4749474414536116e-06,再平衡減碼,decile,lowvol
2009-01-05,2880,sell,0.030293215923872553,0.00010163373942459242,再平衡移出,decile,lowvol
2009-01-05,2892,sell,0.02600808608194397,8.725712880492202e-05,再平衡移出,decile,lowvol
2009-01-05,2002,sell,0.005257185232465739,1.7637856454922553e-05,再平衡減碼,decile,lowvol
2009-01-05,2610,sell,0.01681562720138383,5.641642926064275e-05,再平衡移出,decile,lowvol
2009-01-05,4904,sell,0.016655899529938657,5.58805429229442e-05,再平衡減碼,decile,lowvol
2009-01-05,2884,sell,0.018695749349752763,6.272423906842053e-05,再平衡移出,decile,lowvol
2009-01-05,2834,sell,0.02321636920086819,7.789091866891278e-05,再平衡移出,decile,lowvol
2009-01-05,2404,sell,0.015015375456868168,5.0376584657792706e-05,再平衡移出,decile,lowvol
2009-01-05,2883,sell,0.019651822224908883,6.59318635645693e-05,再平衡移出,decile,lowvol
2009-01-05,2890,sell,0.019767036546132676,6.631840761227512e-05,再平衡移出,decile,lowvol
2009-01-05,3023,sell,0.009490249199303462,3.183978606366311e-05,再平衡移出,decile,lowvol
2009-01-05,2464,sell,0.001856479684633927,6.228489341946826e-06,再平衡減碼,decile,lowvol
2009-01-05,2820,sell,0.02171340083359282,7.284845979670392e-05,再平衡移出,decile,lowvol
2009-01-05,2886,sell,0.020457387655855117,6.863453558539391e-05,再平衡移出,decile,lowvol
2009-01-05,5854,sell,0.027608977522323642,9.262811958739582e-05,再平衡移出,decile,lowvol
2009-01-05,2204,sell,0.012147168247358033,4.0753749469886205e-05,再平衡移出,decile,lowvol
2009-01-05,2832,sell,0.004414255968044203,1.4809828772788299e-05,再平衡減碼,decile,lowvol
2009-01-05,2618,sell,0.017377258422491496,5.8300702007458967e-05,再平衡移出,decile,lowvol
2009-01-05,2303,sell,0.0142879670770333,4.793612954344672e-05,再平衡移出,decile,lowvol
2009-01-05,2330,sell,0.026146960681529715,8.772305308653219e-05,再平衡移出,decile,lowvol
2009-01-05,6131,sell,0.014688866084128437,4.928114571225091e-05,再平衡移出,decile,lowvol
2009-01-05,2801,sell,0.025206719002968205,8.456854225495834e-05,再平衡移出,decile,lowvol
2009-01-05,1503,sell,0.030134883496388737,0.0001011025341303842,再平衡移出,decile,lowvol
2009-01-05,1715,sell,0.007300128771284879,2.449193202766077e-05,再平衡減碼,decile,lowvol
2009-01-05,9917,sell,0.015694990989712707,5.265669477048613e-05,再平衡減碼,decile,lowvol
2009-01-05,2201,sell,0.015617141424442897,5.2395509479005915e-05,再平衡移出,decile,lowvol
2009-01-05,2887,sell,0.01510351867913753,5.067230516850641e-05,再平衡移出,decile,lowvol
2009-01-05,2526,sell,0.01755550152584085,5.889870761919605e-05,再平衡移出,decile,lowvol
2009-01-05,2338,sell,0.016434533718627957,5.513786062599679e-05,再平衡移出,decile,lowvol
2009-01-05,1723,sell,0.008551054404699526,2.868878752776691e-05,再平衡減碼,decile,lowvol
2009-01-05,2912,sell,0.031062727251699795,0.00010421544992945282,再平衡移出,decile,lowvol
2009-01-05,3026,sell,0.014216204707956603,4.769536679519441e-05,再平衡移出,decile,lowvol
2009-01-05,6139,sell,0.016772624873794786,5.627215645158151e-05,再平衡移出,decile,lowvol
2009-01-05,2908,buy,0.014365461742453563,3.3830662403478145e-05,再平衡買進,decile,lowvol
2009-01-05,2020,buy,0.014365461742453563,3.3830662403478145e-05,再平衡買進,decile,lowvol
2009-01-05,2412,buy,0.014365461742453563,3.3830662403478145e-05,再平衡買進,decile,lowvol
2009-01-05,1716,buy,0.014365461742453563,3.3830662403478145e-05,再平衡買進,decile,lowvol
2009-01-05,8924,buy,0.014365461742453563,3.3830662403478145e-05,再平衡買進,decile,lowvol
2009-01-05,3045,buy,0.014365461742453563,3.3830662403478145e-05,再平衡買進,decile,lowvol
2009-01-05,1729,buy,0.014365461742453563,3.3830662403478145e-05,再平衡買進,decile,lowvol
2009-01-05,1565,buy,0.014365461742453563,3.3830662403478145e-05,再平衡買進,decile,lowvol
2009-01-05,4526,buy,0.014365461742453563,3.3830662403478145e-05,再平衡買進,decile,lowvol
2009-01-05,2450,buy,0.014365461742453563,3.3830662403478145e-05,再平衡買進,decile,lowvol
2009-01-05,2207,buy,0.014365461742453563,3.3830662403478145e-05,再平衡買進,decile,lowvol
2009-01-05,2029,buy,0.014365461742453563,3.3830662403478145e-05,再平衡買進,decile,lowvol
2009-01-05,9937,buy,0.014365461742453563,3.3830662403478145e-05,再平衡買進,decile,lowvol
2009-01-05,1537,buy,0.014365461742453563,3.3830662403478145e-05,再平衡買進,decile,lowvol
2009-01-05,6505,buy,0.014365461742453563,3.3830662403478145e-05,再平衡買進,decile,lowvol
2009-01-05,9930,buy,0.014365461742453563,3.3830662403478145e-05,再平衡買進,decile,lowvol
2009-01-05,9925,buy,0.014365461742453563,3.3830662403478145e-05,再平衡買進,decile,lowvol
2009-01-05,1530,buy,0.014365461742453563,3.3830662403478145e-05,再平衡買進,decile,lowvol
2009-01-05,6281,buy,0.014365461742453563,3.3830662403478145e-05,再平衡買進,decile,lowvol
2009-01-05,1301,buy,0.014365461742453563,3.3830662403478145e-05,再平衡買進,decile,lowvol
2009-01-05,1477,buy,0.002259893517779341,5.322049234370348e-06,再平衡買進,decile,lowvol
2009-01-05,9943,buy,0.014365461742453563,3.3830662403478145e-05,再平衡買進,decile,lowvol
2009-01-05,2850,buy,0.014365461742453563,3.3830662403478145e-05,再平衡買進,decile,lowvol
2009-01-05,1535,buy,0.014365461742453563,3.3830662403478145e-05,再平衡買進,decile,lowvol
2009-01-05,1536,buy,0.014365461742453563,3.3830662403478145e-05,再平衡買進,decile,lowvol
2009-01-05,1434,buy,0.014365461742453563,3.3830662403478145e-05,再平衡買進,decile,lowvol
2009-01-05,9908,buy,0.014365461742453563,3.3830662403478145e-05,再平衡買進,decile,lowvol
2009-01-05,4533,buy,0.014365461742453563,3.3830662403478145e-05,再平衡買進,decile,lowvol
2009-01-05,2387,buy,0.014365461742453563,3.3830662403478145e-05,再平衡買進,decile,lowvol
2009-01-05,3010,buy,0.0018455011577638708,4.346155226533916e-06,再平衡買進,decile,lowvol
2009-01-05,6605,buy,0.014365461742453563,3.3830662403478145e-05,再平衡買進,decile,lowvol
2009-01-05,3130,buy,0.014365461742453563,3.3830662403478145e-05,再平衡買進,decile,lowvol
2009-01-05,3047,buy,0.014365461742453563,3.3830662403478145e-05,再平衡買進,decile,lowvol
2009-01-05,2108,buy,0.014365461742453563,3.3830662403478145e-05,再平衡買進,decile,lowvol
2009-01-05,2355,buy,0.014365461742453563,3.3830662403478145e-05,再平衡買進,decile,lowvol
2009-01-05,1904,buy,0.014365461742453563,3.3830662403478145e-05,再平衡買進,decile,lowvol
2009-01-05,1527,buy,4.0014879795388994e-05,9.423504191814108e-08,再平衡買進,decile,lowvol
2009-01-05,6277,buy,0.014365461742453563,3.3830662403478145e-05,再平衡買進,decile,lowvol
2009-01-05,2847,buy,0.014365461742453563,3.3830662403478145e-05,再平衡買進,decile,lowvol
2009-01-05,3015,buy,0.014365461742453563,3.3830662403478145e-05,再平衡買進,decile,lowvol
2009-01-05,2382,buy,0.014365461742453563,3.3830662403478145e-05,再平衡買進,decile,lowvol
2009-01-05,1538,buy,0.014365461742453563,3.3830662403478145e-05,再平衡買進,decile,lowvol
2009-01-05,9921,buy,0.014365461742453563,3.3830662403478145e-05,再平衡買進,decile,lowvol
2010-01-04,1326,sell,0.002709373442800804,9.089947900596696e-06,再平衡減碼,decile,lowvol
2010-01-04,2889,sell,0.028702006089224585,9.629523042934848e-05,再平衡移出,decile,lowvol
2010-01-04,1303,sell,0.0013886144531440534,4.658801490298299e-06,再平衡減碼,decile,lowvol
2010-01-04,1477,sell,0.036900827905795484,0.00012380227762394386,再平衡移出,decile,lowvol
2010-01-04,2464,sell,0.005548447943519795,1.861504285050891e-05,再平衡減碼,decile,lowvol
2010-01-04,1527,sell,0.03299431703499019,0.00011069593365239206,再平衡移出,decile,lowvol
2010-01-04,3010,sell,0.031386194804168835,0.00010530068356798645,再平衡移出,decile,lowvol
2010-01-04,2832,sell,0.027883842870625373,9.355029283094813e-05,再平衡移出,decile,lowvol
2010-01-04,1715,sell,0.014472331120032775,4.855467090770996e-05,再平衡移出,decile,lowvol
2010-01-04,1723,sell,0.0032389743365512473,1.0866758899129435e-05,再平衡減碼,decile,lowvol
2010-01-04,2020,sell,0.034781438882638516,0.00011669172745125222,再平衡移出,decile,lowvol
2010-01-04,1716,sell,0.019226754972558605,6.450576293293412e-05,再平衡移出,decile,lowvol
2010-01-04,8924,sell,0.022280929412573276,7.475251817918334e-05,再平衡移出,decile,lowvol
2010-01-04,1729,sell,0.0008970326986976543,3.0095447041306304e-06,再平衡減碼,decile,lowvol
2010-01-04,1565,sell,0.0036999100321068908,1.2413198157718619e-05,再平衡減碼,decile,lowvol
2010-01-04,4526,sell,0.02591826224616,8.69557698358668e-05,再平衡移出,decile,lowvol
2010-01-04,2450,sell,0.02316511266486788,7.771895299063174e-05,再平衡移出,decile,lowvol
2010-01-04,2207,sell,0.02221651908203327,7.453642152022162e-05,再平衡移出,decile,lowvol
2010-01-04,2029,sell,0.01873427109137286,6.285347951155595e-05,再平衡移出,decile,lowvol
2010-01-04,9937,sell,0.005264745767804849,1.766322205098527e-05,再平衡減碼,decile,lowvol
2010-01-04,1537,sell,0.04222102425459848,0.0001416515363741779,再平衡移出,decile,lowvol
2010-01-04,9930,sell,0.020604226270484128,6.912717913747425e-05,再平衡移出,decile,lowvol
2010-01-04,9925,sell,0.022149769772059655,7.431247758526015e-05,再平衡移出,decile,lowvol
2010-01-04,1530,sell,0.025509089129928997,8.558299403091179e-05,再平衡移出,decile,lowvol
2010-01-04,6281,sell,0.025543810961088396,8.569948577445157e-05,再平衡移出,decile,lowvol
2010-01-04,1301,sell,0.0012773593995891348,4.285540785621548e-06,再平衡減碼,decile,lowvol
2010-01-04,9943,sell,0.038401306849329325,0.0001288363844794999,再平衡移出,decile,lowvol
2010-01-04,2850,sell,0.027285956247416514,9.15443832100824e-05,再平衡移出,decile,lowvol
2010-01-04,1535,sell,0.023894554718383997,8.016623108017831e-05,再平衡移出,decile,lowvol
2010-01-04,1536,sell,0.019988089935800053,6.706004173460918e-05,再平衡移出,decile,lowvol
2010-01-04,9908,sell,0.021517538537974445,7.219134179490427e-05,再平衡移出,decile,lowvol
2010-01-04,4533,sell,0.018689262627443165,6.270247611507182e-05,再平衡移出,decile,lowvol
2010-01-04,2387,sell,0.0352302151238267,0.00011819737174043858,再平衡移出,decile,lowvol
2010-01-04,6605,sell,0.007612701382100316,2.5540613136946562e-05,再平衡減碼,decile,lowvol
2010-01-04,3130,sell,0.019441260517988175,6.522542903785033e-05,再平衡移出,decile,lowvol
2010-01-04,3047,sell,0.03857510767184098,0.0001294194862390265,再平衡移出,decile,lowvol
2010-01-04,2108,sell,0.0007230828799306317,2.425943062167269e-06,再平衡減碼,decile,lowvol
2010-01-04,2355,sell,0.04329357610891494,0.00014524994784540963,再平衡移出,decile,lowvol
2010-01-04,1904,sell,0.026701414268578725,8.958324487108162e-05,再平衡移出,decile,lowvol
2010-01-04,6277,sell,0.026027769153761145,8.732316551086865e-05,再平衡移出,decile,lowvol
2010-01-04,2847,sell,0.02173936584158407,7.293557239851455e-05,再平衡移出,decile,lowvol
2010-01-04,3015,sell,0.04556944676963447,0.00015288549391212364,再平衡移出,decile,lowvol
2010-01-04,2382,sell,0.0069737704426611445,2.339699983512814e-05,再平衡減碼,decile,lowvol
2010-01-04,1538,sell,0.029125044656979876,9.771452482416749e-05,再平衡移出,decile,lowvol
2010-01-04,2412,buy,0.0035878854332212773,8.449470195236108e-06,再平衡買進,decile,lowvol
2010-01-04,3045,buy,0.002241196189405433,5.278017026049795e-06,再平衡買進,decile,lowvol
2010-01-04,4904,buy,0.007122732530858121,1.6774035110170877e-05,再平衡買進,decile,lowvol
2010-01-04,8926,buy,0.022849252050021227,5.380998857779999e-05,再平衡買進,decile,lowvol
2010-01-04,2912,buy,0.022849252050021227,5.380998857779999e-05,再平衡買進,decile,lowvol
2010-01-04,2908,buy,0.005579305995893666,1.3139265620329582e-05,再平衡買進,decile,lowvol
2010-01-04,9917,buy,0.004517362757189006,1.0638389293180109e-05,再平衡買進,decile,lowvol
2010-01-04,6505,buy,0.00493128877462673,1.1613185064245948e-05,再平衡買進,decile,lowvol
2010-01-04,2820,buy,0.022849252050021227,5.380998857779999e-05,再平衡買進,decile,lowvol
2010-01-04,9921,buy,0.001257228597642105,2.9607733474471577e-06,再平衡買進,decile,lowvol
2010-01-04,1434,buy,0.00024130085451274513,5.682635123775148e-07,再平衡買進,decile,lowvol
2010-01-04,9907,buy,0.022849252050021227,5.380998857779999e-05,再平衡買進,decile,lowvol
2010-01-04,9914,buy,0.022849252050021227,5.380998857779999e-05,再平衡買進,decile,lowvol
2010-01-04,5608,buy,0.022849252050021227,5.380998857779999e-05,再平衡買進,decile,lowvol
2010-01-04,2002,buy,0.0006473337241612691,1.5244709203997887e-06,再平衡買進,decile,lowvol
2010-01-04,6146,buy,0.022849252050021227,5.380998857779999e-05,再平衡買進,decile,lowvol
2010-01-04,2103,buy,0.022849252050021227,5.380998857779999e-05,再平衡買進,decile,lowvol
2010-01-04,8072,buy,0.022849252050021227,5.380998857779999e-05,再平衡買進,decile,lowvol
2010-01-04,2330,buy,0.022849252050021227,5.380998857779999e-05,再平衡買進,decile,lowvol
2010-01-04,3356,buy,0.022849252050021227,5.380998857779999e-05,再平衡買進,decile,lowvol
2010-01-04,1733,buy,0.022849252050021227,5.380998857779999e-05,再平衡買進,decile,lowvol
2010-01-04,1227,buy,0.022849252050021227,5.380998857779999e-05,再平衡買進,decile,lowvol
2010-01-04,5403,buy,0.022849252050021227,5.380998857779999e-05,再平衡買進,decile,lowvol
2010-01-04,5854,buy,0.022849252050021227,5.380998857779999e-05,再平衡買進,decile,lowvol
2010-01-04,9933,buy,0.022849252050021227,5.380998857779999e-05,再平衡買進,decile,lowvol
2010-01-04,1507,buy,0.022849252050021227,5.380998857779999e-05,再平衡買進,decile,lowvol
2010-01-04,1519,buy,0.022849252050021227,5.380998857779999e-05,再平衡買進,decile,lowvol
2010-01-04,2395,buy,0.022849252050021227,5.380998857779999e-05,再平衡買進,decile,lowvol
2010-01-04,4306,buy,0.022849252050021227,5.380998857779999e-05,再平衡買進,decile,lowvol
2010-01-04,9939,buy,0.022849252050021227,5.380998857779999e-05,再平衡買進,decile,lowvol
2010-01-04,6206,buy,0.022849252050021227,5.380998857779999e-05,再平衡買進,decile,lowvol
2010-01-04,1503,buy,0.022849252050021227,5.380998857779999e-05,再平衡買進,decile,lowvol
2010-01-04,1216,buy,0.022849252050021227,5.380998857779999e-05,再平衡買進,decile,lowvol
2010-01-04,1704,buy,0.022849252050021227,5.380998857779999e-05,再平衡買進,decile,lowvol
2010-01-04,2606,buy,0.022849252050021227,5.380998857779999e-05,再平衡買進,decile,lowvol
2010-01-04,2312,buy,0.022849252050021227,5.380998857779999e-05,再平衡買進,decile,lowvol
2010-01-04,1234,buy,0.022849252050021227,5.380998857779999e-05,再平衡買進,decile,lowvol
2010-01-04,1451,buy,0.022849252050021227,5.380998857779999e-05,再平衡買進,decile,lowvol
2010-01-04,2356,buy,0.022849252050021227,5.380998857779999e-05,再平衡買進,decile,lowvol
2010-01-04,2480,buy,0.022849252050021227,5.380998857779999e-05,再平衡買進,decile,lowvol
2010-01-04,2615,buy,0.022849252050021227,5.380998857779999e-05,再平衡買進,decile,lowvol
2010-01-04,3211,buy,0.022849252050021227,5.380998857779999e-05,再平衡買進,decile,lowvol
2010-01-04,4906,buy,0.022849252050021227,5.380998857779999e-05,再平衡買進,decile,lowvol
2010-01-04,2308,buy,0.022849252050021227,5.380998857779999e-05,再平衡買進,decile,lowvol
2010-01-04,2495,buy,0.022849252050021227,5.380998857779999e-05,再平衡買進,decile,lowvol
2010-01-04,6139,buy,0.022849252050021227,5.380998857779999e-05,再平衡買進,decile,lowvol
2010-01-04,6192,buy,0.022849252050021227,5.380998857779999e-05,再平衡買進,decile,lowvol
2010-01-04,6128,buy,0.022849252050021227,5.380998857779999e-05,再平衡買進,decile,lowvol
2010-01-04,2353,buy,0.022849252050021227,5.380998857779999e-05,再平衡買進,decile,lowvol
2011-01-03,1326,sell,0.007111408720640092,2.3858776257747508e-05,再平衡減碼,decile,lowvol
2011-01-03,1303,sell,0.02976558386164078,9.986353385580483e-05,再平衡移出,decile,lowvol
2011-01-03,2464,sell,0.025867045992201524,8.678393930383611e-05,再平衡移出,decile,lowvol
2011-01-03,9917,sell,0.024681822557883263,8.280751468169834e-05,再平衡移出,decile,lowvol
2011-01-03,1723,sell,0.00735750016486383,2.4684413053118154e-05,再平衡減碼,decile,lowvol
2011-01-03,2908,sell,0.03090506409137083,0.00010368649002654913,再平衡移出,decile,lowvol
2011-01-03,2412,sell,0.0030424031545815584,1.020726258362113e-05,再平衡減碼,decile,lowvol
2011-01-03,3045,sell,0.0003126317867859739,1.0488796446669424e-06,再平衡減碼,decile,lowvol
2011-01-03,1729,sell,0.014599507730138007,4.898134843461301e-05,再平衡移出,decile,lowvol
2011-01-03,1565,sell,0.04894105355029178,0.00016419723466122894,再平衡移出,decile,lowvol
2011-01-03,6505,sell,0.0015995645539106755,5.366539078370317e-06,再平衡減碼,decile,lowvol
2011-01-03,1301,sell,0.007825138004668605,2.625333800566317e-05,再平衡減碼,decile,lowvol
2011-01-03,6605,sell,0.02220011403166502,7.448138257623615e-05,再平衡移出,decile,lowvol
2011-01-03,2382,sell,0.021543452007825453,7.227828148625439e-05,再平衡移出,decile,lowvol
2011-01-03,9921,sell,0.03213970405035924,0.00010782870708895526,再平衡移出,decile,lowvol
2011-01-03,8926,sell,0.02632852332014443,8.833219573908456e-05,再平衡移出,decile,lowvol
2011-01-03,2912,sell,0.04163522892561666,0.00013968619304544392,再平衡移出,decile,lowvol
2011-01-03,2820,sell,0.0022906313234556178,7.685068090193597e-06,再平衡減碼,decile,lowvol
2011-01-03,9907,sell,0.004117218323068581,1.381326747389509e-05,再平衡減碼,decile,lowvol
2011-01-03,6146,sell,0.0256389061980416,8.601853029442957e-05,再平衡移出,decile,lowvol
2011-01-03,2103,sell,0.043536168628017145,0.00014606384574699751,再平衡移出,decile,lowvol
2011-01-03,8072,sell,0.019323434372593793,6.483012232005217e-05,再平衡移出,decile,lowvol
2011-01-03,3356,sell,0.017842329488252043,5.9861015433085604e-05,再平衡移出,decile,lowvol
2011-01-03,1227,sell,0.04543212407686906,0.00015242477627789569,再平衡移出,decile,lowvol
2011-01-03,5403,sell,0.024578363312311,8.24604089128034e-05,再平衡移出,decile,lowvol
2011-01-03,5854,sell,0.00490077798701646,1.6442110146440223e-05,再平衡減碼,decile,lowvol
2011-01-03,1507,sell,0.042151025412747845,0.00014141669025976902,再平衡移出,decile,lowvol
2011-01-03,1519,sell,0.0177409612690167,5.9520925057551026e-05,再平衡移出,decile,lowvol
2011-01-03,2395,sell,0.0001476888245857018,4.954960064850296e-07,再平衡減碼,decile,lowvol
2011-01-03,4306,sell,0.032764931848843264,0.00010992634635286915,再平衡移出,decile,lowvol
2011-01-03,9939,sell,0.0029152694506558753,9.780729006950461e-06,再平衡減碼,decile,lowvol
2011-01-03,1216,sell,0.0012250780349121679,4.110136807130323e-06,再平衡減碼,decile,lowvol
2011-01-03,1704,sell,0.04002363506976484,0.00013427929565906104,再平衡移出,decile,lowvol
2011-01-03,2312,sell,0.025963415470192094,8.710725890249447e-05,再平衡移出,decile,lowvol
2011-01-03,1234,sell,0.03525471744922051,0.00011827957704213482,再平衡移出,decile,lowvol
2011-01-03,1451,sell,0.034805872125103374,0.0001167737009797218,再平衡移出,decile,lowvol
2011-01-03,2480,sell,0.023784364088167413,7.979654151580166e-05,再平衡移出,decile,lowvol
2011-01-03,2615,sell,0.03407546848008961,0.00011432319675070065,再平衡移出,decile,lowvol
2011-01-03,4906,sell,0.018561731185466203,6.227460812723911e-05,再平衡移出,decile,lowvol
2011-01-03,2308,sell,0.03334676047451524,0.00011187838139199865,再平衡移出,decile,lowvol
2011-01-03,2495,sell,0.01683923445336627,5.6495631591043836e-05,再平衡移出,decile,lowvol
2011-01-03,6139,sell,0.017602908561761596,5.905775822471015e-05,再平衡移出,decile,lowvol
2011-01-03,6128,sell,0.016562411592654896,5.556689089335718e-05,再平衡移出,decile,lowvol
2011-01-03,2353,sell,0.02172848145712108,7.289905528864123e-05,再平衡移出,decile,lowvol
2011-01-03,4904,buy,9.684599855427217e-05,2.2807232659531095e-07,再平衡買進,decile,lowvol
2011-01-03,5608,buy,0.005356059335181972,1.2613519734353546e-05,再平衡買進,decile,lowvol
2011-01-03,2002,buy,0.002688294651106222,6.330933903355152e-06,再平衡買進,decile,lowvol
2011-01-03,2605,buy,0.027164064834238725,6.39713726846322e-05,再平衡買進,decile,lowvol
2011-01-03,2450,buy,0.027164064834238725,6.39713726846322e-05,再平衡買進,decile,lowvol
2011-01-03,2612,buy,0.027164064834238725,6.39713726846322e-05,再平衡買進,decile,lowvol
2011-01-03,2330,buy,0.000779456096879818,1.8356191081519714e-06,再平衡買進,decile,lowvol
2011-01-03,1477,buy,0.027164064834238725,6.39713726846322e-05,再平衡買進,decile,lowvol
2011-01-03,1232,buy,0.027164064834238725,6.39713726846322e-05,再平衡買進,decile,lowvol
2011-01-03,2356,buy,0.004931844760450648,1.1614494410861277e-05,再平衡買進,decile,lowvol
2011-01-03,2606,buy,0.002958159628706318,6.966465925603379e-06,再平衡買進,decile,lowvol
2011-01-03,9937,buy,0.0027876185743022884,6.564841742481889e-06,再平衡買進,decile,lowvol
2011-01-03,9933,buy,0.0026239501359847164,6.179402570244007e-06,再平衡買進,decile,lowvol
2011-01-03,2889,buy,0.027164064834238725,6.39713726846322e-05,再平衡買進,decile,lowvol
2011-01-03,3416,buy,0.027164064834238725,6.39713726846322e-05,再平衡買進,decile,lowvol
2011-01-03,1904,buy,0.027164064834238725,6.39713726846322e-05,再平衡買進,decile,lowvol
2011-01-03,1503,buy,0.004245232755631507,9.997523139512198e-06,再平衡買進,decile,lowvol
2011-01-03,1102,buy,0.027164064834238725,6.39713726846322e-05,再平衡買進,decile,lowvol
2011-01-03,2108,buy,0.00411472371939842,9.690174359183279e-06,再平衡買進,decile,lowvol
2011-01-03,6206,buy,0.004191581100909239,9.871173492641258e-06,再平衡買進,decile,lowvol
2011-01-03,9914,buy,0.002443088490624735,5.75347339542125e-06,再平衡買進,decile,lowvol
2011-01-03,1717,buy,0.027164064834238725,6.39713726846322e-05,再平衡買進,decile,lowvol
2011-01-03,2886,buy,0.027164064834238725,6.39713726846322e-05,再平衡買進,decile,lowvol
2011-01-03,3033,buy,0.027164064834238725,6.39713726846322e-05,再平衡買進,decile,lowvol
2011-01-03,2441,buy,0.027164064834238725,6.39713726846322e-05,再平衡買進,decile,lowvol
2011-01-03,5515,buy,0.027164064834238725,6.39713726846322e-05,再平衡買進,decile,lowvol
2011-01-03,2832,buy,0.027164064834238725,6.39713726846322e-05,再平衡買進,decile,lowvol
2011-01-03,2881,buy,0.027164064834238725,6.39713726846322e-05,再平衡買進,decile,lowvol
2011-01-03,9940,buy,0.027164064834238725,6.39713726846322e-05,再平衡買進,decile,lowvol
2011-01-03,2105,buy,0.027164064834238725,6.39713726846322e-05,再平衡買進,decile,lowvol
2011-01-03,2355,buy,0.027164064834238725,6.39713726846322e-05,再平衡買進,decile,lowvol
2011-01-03,1733,buy,0.0010186674224444796,2.3989617798567495e-06,再平衡買進,decile,lowvol
2011-01-03,9904,buy,0.027164064834238725,6.39713726846322e-05,再平衡買進,decile,lowvol
2011-01-03,2059,buy,0.027164064834238725,6.39713726846322e-05,再平衡買進,decile,lowvol
2011-01-03,2208,buy,0.027164064834238725,6.39713726846322e-05,再平衡買進,decile,lowvol
2011-01-03,1513,buy,0.027164064834238725,6.39713726846322e-05,再平衡買進,decile,lowvol
2011-01-03,6192,buy,0.002328989517936742,5.484770314741028e-06,再平衡買進,decile,lowvol
2011-01-03,1532,buy,0.027164064834238725,6.39713726846322e-05,再平衡買進,decile,lowvol
2011-01-03,3211,buy,0.006427180034323601,1.5136008980832078e-05,再平衡買進,decile,lowvol
2011-01-03,2883,buy,0.027164064834238725,6.39713726846322e-05,再平衡買進,decile,lowvol
2011-01-03,3518,buy,0.027164064834238725,6.39713726846322e-05,再平衡買進,decile,lowvol
2011-01-03,2852,buy,0.027164064834238725,6.39713726846322e-05,再平衡買進,decile,lowvol
2011-01-03,2104,buy,0.027164064834238725,6.39713726846322e-05,再平衡買進,decile,lowvol
2011-01-03,2301,buy,0.027164064834238725,6.39713726846322e-05,再平衡買進,decile,lowvol
2011-01-03,1434,buy,0.00019770997523967104,4.656069916894253e-07,再平衡買進,decile,lowvol
2011-01-03,2417,buy,0.027164064834238725,6.39713726846322e-05,再平衡買進,decile,lowvol
2011-01-03,1101,buy,0.027164064834238725,6.39713726846322e-05,再平衡買進,decile,lowvol
2011-01-03,2376,buy,0.027164064834238725,6.39713726846322e-05,再平衡買進,decile,lowvol
2011-01-03,2856,buy,0.027164064834238725,6.39713726846322e-05,再平衡買進,decile,lowvol
2011-11-18,5854,sell,0.02148458757578292,7.20807913167517e-05,下市出場,decile,lowvol
2011-11-18,1326,buy,0.0003560366467712898,8.384663031463875e-07,下市所得再分配,decile,lowvol
2011-11-18,2002,buy,0.0003560366467712898,8.384663031463875e-07,下市所得再分配,decile,lowvol
2011-11-18,4904,buy,0.0003560366467712898,8.384663031463875e-07,下市所得再分配,decile,lowvol
2011-11-18,1723,buy,0.0003560366467712898,8.384663031463875e-07,下市所得再分配,decile,lowvol
2011-11-18,2412,buy,0.0003560366467712898,8.384663031463875e-07,下市所得再分配,decile,lowvol
2011-11-18,3045,buy,0.0003560366467712898,8.384663031463875e-07,下市所得再分配,decile,lowvol
2011-11-18,9937,buy,0.0003560366467712898,8.384663031463875e-07,下市所得再分配,decile,lowvol
2011-11-18,6505,buy,0.0003560366467712898,8.384663031463875e-07,下市所得再分配,decile,lowvol
2011-11-18,1301,buy,0.0003560366467712898,8.384663031463875e-07,下市所得再分配,decile,lowvol
2011-11-18,1434,buy,0.0003560366467712898,8.384663031463875e-07,下市所得再分配,decile,lowvol
2011-11-18,2108,buy,0.0003560366467712898,8.384663031463875e-07,下市所得再分配,decile,lowvol
2011-11-18,2820,buy,0.0003560366467712898,8.384663031463875e-07,下市所得再分配,decile,lowvol
2011-11-18,9907,buy,0.0003560366467712898,8.384663031463875e-07,下市所得再分配,decile,lowvol
2011-11-18,9914,buy,0.0003560366467712898,8.384663031463875e-07,下市所得再分配,decile,lowvol
2011-11-18,5608,buy,0.0003560366467712898,8.384663031463875e-07,下市所得再分配,decile,lowvol
2011-11-18,2330,buy,0.0003560366467712898,8.384663031463875e-07,下市所得再分配,decile,lowvol
2011-11-18,1733,buy,0.0003560366467712898,8.384663031463875e-07,下市所得再分配,decile,lowvol
2011-11-18,9933,buy,0.0003560366467712898,8.384663031463875e-07,下市所得再分配,decile,lowvol
2011-11-18,2395,buy,0.0003560366467712898,8.384663031463875e-07,下市所得再分配,decile,lowvol
2011-11-18,9939,buy,0.0003560366467712898,8.384663031463875e-07,下市所得再分配,decile,lowvol
2011-11-18,6206,buy,0.0003560366467712898,8.384663031463875e-07,下市所得再分配,decile,lowvol
2011-11-18,1503,buy,0.0003560366467712898,8.384663031463875e-07,下市所得再分配,decile,lowvol
2011-11-18,1216,buy,0.0003560366467712898,8.384663031463875e-07,下市所得再分配,decile,lowvol
2011-11-18,2606,buy,0.0003560366467712898,8.384663031463875e-07,下市所得再分配,decile,lowvol
2011-11-18,2356,buy,0.0003560366467712898,8.384663031463875e-07,下市所得再分配,decile,lowvol
2011-11-18,3211,buy,0.0003560366467712898,8.384663031463875e-07,下市所得再分配,decile,lowvol
2011-11-18,6192,buy,0.0003560366467712898,8.384663031463875e-07,下市所得再分配,decile,lowvol
2011-11-18,2605,buy,0.0003560366467712898,8.384663031463875e-07,下市所得再分配,decile,lowvol
2011-11-18,2450,buy,0.0003560366467712898,8.384663031463875e-07,下市所得再分配,decile,lowvol
2011-11-18,2612,buy,0.0003560366467712898,8.384663031463875e-07,下市所得再分配,decile,lowvol
2011-11-18,1477,buy,0.0003560366467712898,8.384663031463875e-07,下市所得再分配,decile,lowvol
2011-11-18,1232,buy,0.0003560366467712898,8.384663031463875e-07,下市所得再分配,decile,lowvol
2011-11-18,2889,buy,0.0003560366467712898,8.384663031463875e-07,下市所得再分配,decile,lowvol
2011-11-18,3416,buy,0.0003560366467712898,8.384663031463875e-07,下市所得再分配,decile,lowvol
2011-11-18,1904,buy,0.0003560366467712898,8.384663031463875e-07,下市所得再分配,decile,lowvol
2011-11-18,1102,buy,0.0003560366467712898,8.384663031463875e-07,下市所得再分配,decile,lowvol
2011-11-18,1717,buy,0.0003560366467712898,8.384663031463875e-07,下市所得再分配,decile,lowvol
2011-11-18,2886,buy,0.0003560366467712898,8.384663031463875e-07,下市所得再分配,decile,lowvol
2011-11-18,3033,buy,0.0003560366467712898,8.384663031463875e-07,下市所得再分配,decile,lowvol
2011-11-18,2441,buy,0.0003560366467712898,8.384663031463875e-07,下市所得再分配,decile,lowvol
2011-11-18,5515,buy,0.0003560366467712898,8.384663031463875e-07,下市所得再分配,decile,lowvol
2011-11-18,2832,buy,0.0003560366467712898,8.384663031463875e-07,下市所得再分配,decile,lowvol
2011-11-18,2881,buy,0.0003560366467712898,8.384663031463875e-07,下市所得再分配,decile,lowvol
2011-11-18,9940,buy,0.0003560366467712898,8.384663031463875e-07,下市所得再分配,decile,lowvol
2011-11-18,2105,buy,0.0003560366467712898,8.384663031463875e-07,下市所得再分配,decile,lowvol
2011-11-18,2355,buy,0.0003560366467712898,8.384663031463875e-07,下市所得再分配,decile,lowvol
2011-11-18,9904,buy,0.0003560366467712898,8.384663031463875e-07,下市所得再分配,decile,lowvol
2011-11-18,2059,buy,0.0003560366467712898,8.384663031463875e-07,下市所得再分配,decile,lowvol
2011-11-18,2208,buy,0.0003560366467712898,8.384663031463875e-07,下市所得再分配,decile,lowvol
2011-11-18,1513,buy,0.0003560366467712898,8.384663031463875e-07,下市所得再分配,decile,lowvol
2011-11-18,1532,buy,0.0003560366467712898,8.384663031463875e-07,下市所得再分配,decile,lowvol
2011-11-18,2883,buy,0.0003560366467712898,8.384663031463875e-07,下市所得再分配,decile,lowvol
2011-11-18,3518,buy,0.0003560366467712898,8.384663031463875e-07,下市所得再分配,decile,lowvol
2011-11-18,2852,buy,0.0003560366467712898,8.384663031463875e-07,下市所得再分配,decile,lowvol
2011-11-18,2104,buy,0.0003560366467712898,8.384663031463875e-07,下市所得再分配,decile,lowvol
2011-11-18,2301,buy,0.0003560366467712898,8.384663031463875e-07,下市所得再分配,decile,lowvol
2011-11-18,2417,buy,0.0003560366467712898,8.384663031463875e-07,下市所得再分配,decile,lowvol
2011-11-18,1101,buy,0.0003560366467712898,8.384663031463875e-07,下市所得再分配,decile,lowvol
2011-11-18,2376,buy,0.0003560366467712898,8.384663031463875e-07,下市所得再分配,decile,lowvol
2011-11-18,2856,buy,0.0003560366467712898,8.384663031463875e-07,下市所得再分配,decile,lowvol
2012-01-02,1326,sell,0.023871126085315025,8.008762801623191e-05,再平衡移出,decile,lowvol
2012-01-02,2002,sell,0.0009471059860795966,3.177540583297047e-06,再平衡減碼,decile,lowvol
2012-01-02,4904,sell,0.014050460920255307,4.713929638745655e-05,再平衡減碼,decile,lowvol
2012-01-02,1723,sell,0.02675408040194882,8.97599397485383e-05,再平衡移出,decile,lowvol
2012-01-02,2412,sell,0.014316673927117985,4.803244102548084e-05,再平衡減碼,decile,lowvol
2012-01-02,3045,sell,0.014379984281139114,4.824484726322173e-05,再平衡減碼,decile,lowvol
2012-01-02,6505,sell,0.02654390751996635,8.90548097294871e-05,再平衡移出,decile,lowvol
2012-01-02,1301,sell,0.02405252293320629,8.06962144409071e-05,再平衡移出,decile,lowvol
2012-01-02,1434,sell,0.0030128674674266553,1.010817035321643e-05,再平衡減碼,decile,lowvol
2012-01-02,2108,sell,0.031833510055797376,0.0001068014262372002,再平衡移出,decile,lowvol
2012-01-02,2820,sell,0.003525481394532109,1.1827990078655224e-05,再平衡減碼,decile,lowvol
2012-01-02,9907,sell,0.02572263573710814,8.629944289799781e-05,再平衡移出,decile,lowvol
2012-01-02,9914,sell,0.03471687674310055,0.00011647512147310234,再平衡移出,decile,lowvol
2012-01-02,2330,sell,0.005467867234086741,1.8344694570361017e-05,再平衡減碼,decile,lowvol
2012-01-02,1733,sell,0.0005404272741443249,1.81313350475421e-06,再平衡減碼,decile,lowvol
2012-01-02,9933,sell,0.011265571465693226,3.779599226740077e-05,再平衡減碼,decile,lowvol
2012-01-02,2395,sell,0.03119699827618282,0.00010466592921659336,再平衡移出,decile,lowvol
2012-01-02,9939,sell,0.024682398355972537,8.280944648428787e-05,再平衡移出,decile,lowvol
2012-01-02,1216,sell,0.030439900223405054,0.00010212586524952395,再平衡移出,decile,lowvol
2012-01-02,2356,sell,0.01943532166938827,6.520550420079765e-05,再平衡移出,decile,lowvol
2012-01-02,3211,sell,0.03467919725160497,0.00011634870677913467,再平衡移出,decile,lowvol
2012-01-02,6192,sell,0.029271252855525474,9.820505333028797e-05,再平衡移出,decile,lowvol
2012-01-02,2450,sell,0.043534246777021744,0.00014605739793690795,再平衡移出,decile,lowvol
2012-01-02,1477,sell,0.004544526063587774,1.5246884943336983e-05,再平衡減碼,decile,lowvol
2012-01-02,1232,sell,0.027435557960507725,9.204629695750342e-05,再平衡移出,decile,lowvol
2012-01-02,2889,sell,0.022568871688081693,7.571856451351408e-05,再平衡移出,decile,lowvol
2012-01-02,3416,sell,0.016708467599482447,5.605690879626361e-05,再平衡移出,decile,lowvol
2012-01-02,1102,sell,0.03064353617761557,0.00010280906387590024,再平衡移出,decile,lowvol
2012-01-02,2886,sell,0.025296817822163812,8.48708237933596e-05,再平衡移出,decile,lowvol
2012-01-02,3033,sell,0.022891796197825724,7.68019762437053e-05,再平衡移出,decile,lowvol
2012-01-02,2441,sell,9.371051545870035e-05,3.143987793639397e-07,再平衡減碼,decile,lowvol
2012-01-02,2832,sell,0.020554420002546356,6.896007910854303e-05,再平衡移出,decile,lowvol
2012-01-02,2881,sell,0.022981957270562427,7.710446664273694e-05,再平衡移出,decile,lowvol
2012-01-02,9940,sell,0.01927594692463187,6.467080193213992e-05,再平衡移出,decile,lowvol
2012-01-02,2105,sell,0.033610680875230343,0.0001127638343363978,再平衡移出,decile,lowvol
2012-01-02,2059,sell,0.028124202745184207,9.435670021009302e-05,再平衡移出,decile,lowvol
2012-01-02,1532,sell,0.016876340288742672,5.6620121668731666e-05,再平衡移出,decile,lowvol
2012-01-02,2883,sell,0.01840527175402543,6.174968673475532e-05,再平衡移出,decile,lowvol
2012-01-02,3518,sell,0.014542845133711953,4.87912454236036e-05,再平衡移出,decile,lowvol
2012-01-02,2852,sell,0.018815254220351522,6.312517790927935e-05,再平衡移出,decile,lowvol
2012-01-02,2104,sell,0.0019121351629177684,6.415213471589113e-06,再平衡減碼,decile,lowvol
2012-01-02,2301,sell,0.0008954951074931806,3.004386085639621e-06,再平衡減碼,decile,lowvol
2012-01-02,2417,sell,0.017686595079778503,5.933852649265688e-05,再平衡移出,decile,lowvol
2012-01-02,1101,sell,0.03024720105043786,0.00010147935952421901,再平衡移出,decile,lowvol
2012-01-02,9917,buy,0.024804937777607467,5.841562846626559e-05,再平衡買進,decile,lowvol
2012-01-02,9925,buy,0.024804937777607467,5.841562846626559e-05,再平衡買進,decile,lowvol
2012-01-02,9937,buy,0.0004681228561118668,1.1024293261434462e-06,再平衡買進,decile,lowvol
2012-01-02,6281,buy,0.024804937777607467,5.841562846626559e-05,再平衡買進,decile,lowvol
2012-01-02,8926,buy,0.024804937777607467,5.841562846626559e-05,再平衡買進,decile,lowvol
2012-01-02,5608,buy,0.005881686509534138,1.3851371729952894e-05,再平衡買進,decile,lowvol
2012-01-02,1451,buy,0.024804937777607467,5.841562846626559e-05,再平衡買進,decile,lowvol
2012-01-02,2208,buy,0.000308414968769221,7.263172514515155e-07,再平衡買進,decile,lowvol
2012-01-02,1904,buy,0.0023566924794083052,5.550010789006559e-06,再平衡買進,decile,lowvol
2012-01-02,2023,buy,0.024804937777607467,5.841562846626559e-05,再平衡買進,decile,lowvol
2012-01-02,1503,buy,0.0027440777170896873,6.462303023746214e-06,再平衡買進,decile,lowvol
2012-01-02,2605,buy,0.0031431493706118967,7.402116767791016e-06,再平衡買進,decile,lowvol
2012-01-02,8072,buy,0.024804937777607467,5.841562846626559e-05,再平衡買進,decile,lowvol
2012-01-02,1712,buy,0.024804937777607467,5.841562846626559e-05,再平衡買進,decile,lowvol
2012-01-02,1513,buy,0.00017507052800568718,4.1229109345339327e-07,再平衡買進,decile,lowvol
2012-01-02,1609,buy,0.024804937777607467,5.841562846626559e-05,再平衡買進,decile,lowvol
2012-01-02,2015,buy,0.024804937777607467,5.841562846626559e-05,再平衡買進,decile,lowvol
2012-01-02,2637,buy,0.024804937777607467,5.841562846626559e-05,再平衡買進,decile,lowvol
2012-01-02,2856,buy,0.005286246496815986,1.2449110500001646e-05,再平衡買進,decile,lowvol
2012-01-02,2636,buy,0.024804937777607467,5.841562846626559e-05,再平衡買進,decile,lowvol
2012-01-02,3028,buy,0.024804937777607467,5.841562846626559e-05,再平衡買進,decile,lowvol
2012-01-02,2606,buy,0.003610725652578209,8.503258911821681e-06,再平衡買進,decile,lowvol
2012-01-02,6105,buy,0.024804937777607467,5.841562846626559e-05,再平衡買進,decile,lowvol
2012-01-02,1905,buy,0.024804937777607467,5.841562846626559e-05,再平衡買進,decile,lowvol
2012-01-02,3023,buy,0.024804937777607467,5.841562846626559e-05,再平衡買進,decile,lowvol
2012-01-02,3026,buy,0.024804937777607467,5.841562846626559e-05,再平衡買進,decile,lowvol
2012-01-02,2421,buy,0.024804937777607467,5.841562846626559e-05,再平衡買進,decile,lowvol
2012-01-02,2617,buy,0.024804937777607467,5.841562846626559e-05,再平衡買進,decile,lowvol
2012-01-02,2430,buy,0.024804937777607467,5.841562846626559e-05,再平衡買進,decile,lowvol
2012-01-02,2612,buy,0.0068231089589150876,1.606842159824503e-05,再平衡買進,decile,lowvol
2012-01-02,1907,buy,0.024804937777607467,5.841562846626559e-05,再平衡買進,decile,lowvol
2012-01-02,2608,buy,0.024804937777607467,5.841562846626559e-05,再平衡買進,decile,lowvol
2012-01-02,2399,buy,0.024804937777607467,5.841562846626559e-05,再平衡買進,decile,lowvol
2012-01-02,9904,buy,3.7075498591877115e-05,8.731279918387061e-08,再平衡買進,decile,lowvol
2012-01-02,6206,buy,0.0019447355747657033,4.579852278573231e-06,再平衡買進,decile,lowvol
2012-01-02,2464,buy,0.024804937777607467,5.841562846626559e-05,再平衡買進,decile,lowvol
2012-01-02,1506,buy,0.024804937777607467,5.841562846626559e-05,再平衡買進,decile,lowvol
2012-01-02,2355,buy,0.0020617576403629857,4.855439243054831e-06,再平衡買進,decile,lowvol
2012-01-02,3010,buy,0.024804937777607467,5.841562846626559e-05,再平衡買進,decile,lowvol
2012-01-02,4306,buy,0.024804937777607467,5.841562846626559e-05,再平衡買進,decile,lowvol
2012-01-02,3551,buy,0.024804937777607467,5.841562846626559e-05,再平衡買進,decile,lowvol
2012-01-02,2006,buy,0.024804937777607467,5.841562846626559e-05,再平衡買進,decile,lowvol
2012-01-02,6605,buy,0.024804937777607467,5.841562846626559e-05,再平衡買進,decile,lowvol
2012-01-02,8091,buy,0.024804937777607467,5.841562846626559e-05,再平衡買進,decile,lowvol
2012-01-02,5515,buy,0.0008035914367550204,1.892457833558073e-06,再平衡買進,decile,lowvol
2012-01-02,1473,buy,0.024804937777607467,5.841562846626559e-05,再平衡買進,decile,lowvol
2012-01-02,2376,buy,0.005095489191935042,1.1999877047007026e-05,再平衡買進,decile,lowvol
2012-01-02,1717,buy,0.004102512100263675,9.661415996120954e-06,再平衡買進,decile,lowvol
2012-01-02,3356,buy,0.024804937777607467,5.841562846626559e-05,再平衡買進,decile,lowvol
2013-01-02,4904,sell,0.03334747589269998,0.00011188078162000843,再平衡移出,decile,lowvol
2013-01-02,3045,sell,0.001756667708320319,5.8936201614146704e-06,再平衡減碼,decile,lowvol
2013-01-02,9937,sell,0.02661821483854209,8.930411078330873e-05,再平衡移出,decile,lowvol
2013-01-02,2820,sell,0.00328643303857935,1.1025982844433718e-05,再平衡減碼,decile,lowvol
2013-01-02,2330,sell,0.03390527823929841,0.00011375220849284617,再平衡移出,decile,lowvol
2013-01-02,1733,sell,0.03337771948274202,0.00011198224886459947,再平衡移出,decile,lowvol
2013-01-02,9933,sell,0.037020193030265124,0.0001242027476165395,再平衡移出,decile,lowvol
2013-01-02,6206,sell,0.035031617869598804,0.00011753107795250399,再平衡移出,decile,lowvol
2013-01-02,1503,sell,0.0021150608016887035,7.0960289896656e-06,再平衡減碼,decile,lowvol
2013-01-02,2606,sell,0.00025649755038713307,8.605492815488314e-07,再平衡減碼,decile,lowvol
2013-01-02,2612,sell,0.024599991103381912,8.253297015184632e-05,再平衡移出,decile,lowvol
2013-01-02,1477,sell,0.007720845445994065,2.590343647131009e-05,再平衡減碼,decile,lowvol
2013-01-02,1904,sell,0.00226540349784567,7.6004287352722235e-06,再平衡減碼,decile,lowvol
2013-01-02,1717,sell,0.028191869103865348,9.458372084346823e-05,再平衡移出,decile,lowvol
2013-01-02,5515,sell,0.028134962719310312,9.43927999232861e-05,再平衡移出,decile,lowvol
2013-01-02,2355,sell,0.04236396847480933,0.0001421311142329853,再平衡移出,decile,lowvol
2013-01-02,9904,sell,0.03282421629194467,0.00011012524565947438,再平衡移出,decile,lowvol
2013-01-02,2104,sell,0.030602053723041475,0.00010266989024080416,再平衡移出,decile,lowvol
2013-01-02,2301,sell,0.03079981538744145,0.00010333338062486608,再平衡移出,decile,lowvol
2013-01-02,2376,sell,0.033330448843497174,0.00011182365586993302,再平衡移出,decile,lowvol
2013-01-02,2856,sell,0.025949504124874772,8.706058633895487e-05,再平衡移出,decile,lowvol
2013-01-02,9917,sell,0.003955225591177058,1.3269781858399031e-05,再平衡減碼,decile,lowvol
2013-01-02,9925,sell,0.007015705128189512,2.353769070507581e-05,再平衡減碼,decile,lowvol
2013-01-02,6281,sell,0.005775083013378389,1.9375403509884495e-05,再平衡減碼,decile,lowvol
2013-01-02,1451,sell,0.026549910970153655,8.907495130486552e-05,再平衡移出,decile,lowvol
2013-01-02,2023,sell,0.026162974451269014,8.777677928400754e-05,再平衡移出,decile,lowvol
2013-01-02,8072,sell,0.026476734400257426,8.882944391286366e-05,再平衡移出,decile,lowvol
2013-01-02,1712,sell,0.004145881541346465,1.390943257121739e-05,再平衡減碼,decile,lowvol
2013-01-02,1609,sell,0.024449003471789577,8.202640664785402e-05,再平衡移出,decile,lowvol
2013-01-02,2015,sell,0.0017440395223793127,5.8512525975825944e-06,再平衡減碼,decile,lowvol
2013-01-02,2637,sell,0.0036033304329580323,1.20891736025742e-05,再平衡減碼,decile,lowvol
2013-01-02,2636,sell,0.02524086639123942,8.468310674260826e-05,再平衡移出,decile,lowvol
2013-01-02,3028,sell,0.02560788986799453,8.591447050712166e-05,再平衡移出,decile,lowvol
2013-01-02,6105,sell,0.028144495144190148,9.442478120875795e-05,再平衡移出,decile,lowvol
2013-01-02,1905,sell,0.028146854841897634,9.443269799456656e-05,再平衡移出,decile,lowvol
2013-01-02,3023,sell,0.01030473572640863,3.4572388362100956e-05,再平衡減碼,decile,lowvol
2013-01-02,2421,sell,0.018410029090404952,6.176564759830861e-05,再平衡移出,decile,lowvol
2013-01-02,2617,sell,0.021309738222059484,7.149417173500957e-05,再平衡移出,decile,lowvol
2013-01-02,1907,sell,0.0034724898551089303,1.165020346389046e-05,再平衡減碼,decile,lowvol
2013-01-02,2608,sell,0.013423386552925784,4.503546188506601e-05,再平衡減碼,decile,lowvol
2013-01-02,2399,sell,0.021207494221135947,7.11511431119111e-05,再平衡移出,decile,lowvol
2013-01-02,1506,sell,0.019650706181518377,6.592811923899415e-05,再平衡移出,decile,lowvol
2013-01-02,3010,sell,0.0017894758896492141,6.003691609773113e-06,再平衡減碼,decile,lowvol
2013-01-02,3551,sell,0.02802501592486394,9.402392842791852e-05,再平衡移出,decile,lowvol
2013-01-02,2006,sell,0.0023889666236263235,8.014983022266315e-06,再平衡減碼,decile,lowvol
2013-01-02,6605,sell,0.02924755524721062,9.812554785439163e-05,再平衡移出,decile,lowvol
2013-01-02,8091,sell,0.034013265145119265,0.00011411450456187514,再平衡移出,decile,lowvol
2013-01-02,1473,sell,0.022972214151004585,7.707177847662039e-05,再平衡移出,decile,lowvol
2013-01-02,3356,sell,0.029653443535396003,9.94873030612536e-05,再平衡移出,decile,lowvol
2013-01-02,2412,buy,0.0025469597150372426,5.998090128912707e-06,再平衡買進,decile,lowvol
2013-01-02,2002,buy,0.0021703403132058326,5.111151437599736e-06,再平衡買進,decile,lowvol
2013-01-02,5007,buy,0.027295555774759818,6.428103384955938e-05,再平衡買進,decile,lowvol
2013-01-02,2208,buy,0.0065607956883469536,1.5450673846057074e-05,再平衡買進,decile,lowvol
2013-01-02,5533,buy,0.027295555774759818,6.428103384955938e-05,再平衡買進,decile,lowvol
2013-01-02,1535,buy,0.027295555774759818,6.428103384955938e-05,再平衡買進,decile,lowvol
2013-01-02,6184,buy,0.027295555774759818,6.428103384955938e-05,再平衡買進,decile,lowvol
2013-01-02,6023,buy,0.027295555774759818,6.428103384955938e-05,再平衡買進,decile,lowvol
2013-01-02,1210,buy,0.027295555774759818,6.428103384955938e-05,再平衡買進,decile,lowvol
2013-01-02,6146,buy,0.027295555774759818,6.428103384955938e-05,再平衡買進,decile,lowvol
2013-01-02,1102,buy,0.027295555774759818,6.428103384955938e-05,再平衡買進,decile,lowvol
2013-01-02,2535,buy,0.027295555774759818,6.428103384955938e-05,再平衡買進,decile,lowvol
2013-01-02,9910,buy,0.027295555774759818,6.428103384955938e-05,再平衡買進,decile,lowvol
2013-01-02,2908,buy,0.027295555774759818,6.428103384955938e-05,再平衡買進,decile,lowvol
2013-01-02,2880,buy,0.027295555774759818,6.428103384955938e-05,再平衡買進,decile,lowvol
2013-01-02,1513,buy,0.00025845767021892216,6.086678133655617e-07,再平衡買進,decile,lowvol
2013-01-02,1229,buy,0.027295555774759818,6.428103384955938e-05,再平衡買進,decile,lowvol
2013-01-02,1434,buy,0.0009045678676487881,2.1302573283128956e-06,再平衡買進,decile,lowvol
2013-01-02,2838,buy,0.027295555774759818,6.428103384955938e-05,再平衡買進,decile,lowvol
2013-01-02,2889,buy,0.027295555774759818,6.428103384955938e-05,再平衡買進,decile,lowvol
2013-01-02,3705,buy,0.027295555774759818,6.428103384955938e-05,再平衡買進,decile,lowvol
2013-01-02,3026,buy,0.0005338532121918274,1.2572243147117534e-06,再平衡買進,decile,lowvol
2013-01-02,2605,buy,0.0006046788032916736,1.4240185817518915e-06,再平衡買進,decile,lowvol
2013-01-02,1726,buy,0.027295555774759818,6.428103384955938e-05,再平衡買進,decile,lowvol
2013-01-02,1708,buy,0.027295555774759818,6.428103384955938e-05,再平衡買進,decile,lowvol
2013-01-02,1723,buy,0.027295555774759818,6.428103384955938e-05,再平衡買進,decile,lowvol
2013-01-02,2912,buy,0.027295555774759818,6.428103384955938e-05,再平衡買進,decile,lowvol
2013-01-02,3703,buy,0.027295555774759818,6.428103384955938e-05,再平衡買進,decile,lowvol
2013-01-02,2430,buy,0.003197777227975835,7.530765371883092e-06,再平衡買進,decile,lowvol
2013-01-02,1558,buy,0.027295555774759818,6.428103384955938e-05,再平衡買進,decile,lowvol
2013-01-02,6183,buy,0.027295555774759818,6.428103384955938e-05,再平衡買進,decile,lowvol
2013-01-02,6214,buy,0.027295555774759818,6.428103384955938e-05,再平衡買進,decile,lowvol
2013-01-02,8925,buy,0.027295555774759818,6.428103384955938e-05,再平衡買進,decile,lowvol
2013-01-02,2834,buy,0.027295555774759818,6.428103384955938e-05,再平衡買進,decile,lowvol
2013-01-02,4306,buy,0.001572610230694771,3.7034970932861855e-06,再平衡買進,decile,lowvol
2013-01-02,2801,buy,0.027295555774759818,6.428103384955938e-05,再平衡買進,decile,lowvol
2013-01-02,2892,buy,0.027295555774759818,6.428103384955938e-05,再平衡買進,decile,lowvol
2013-01-02,2108,buy,0.027295555774759818,6.428103384955938e-05,再平衡買進,decile,lowvol
2013-01-02,2441,buy,0.0011026274846398232,2.596687726326784e-06,再平衡買進,decile,lowvol
2013-01-02,1442,buy,0.027295555774759818,6.428103384955938e-05,再平衡買進,decile,lowvol
2013-01-02,2812,buy,0.027295555774759818,6.428103384955938e-05,再平衡買進,decile,lowvol
2013-01-02,2845,buy,0.027295555774759818,6.428103384955938e-05,再平衡買進,decile,lowvol
2013-01-02,8926,buy,0.000386822632102244,9.109672986007847e-07,再平衡買進,decile,lowvol
2013-01-02,2027,buy,0.027295555774759818,6.428103384955938e-05,再平衡買進,decile,lowvol
2013-01-02,5608,buy,0.003516345619725591,8.280993934453766e-06,再平衡買進,decile,lowvol
2013-01-02,2841,buy,0.027295555774759818,6.428103384955938e-05,再平衡買進,decile,lowvol
2013-01-02,2534,buy,0.027295555774759818,6.428103384955938e-05,再平衡買進,decile,lowvol
2013-01-02,2464,buy,0.0020654356100810838,4.8641008617409524e-06,再平衡買進,decile,lowvol
2014-01-02,3045,sell,0.02645112273745481,8.874351678416089e-05,再平衡移出,decile,lowvol
2014-01-02,1434,sell,0.03576058990273324,0.00011997677912367,再平衡移出,decile,lowvol
2014-01-02,5608,sell,0.027352669952551437,9.176820769081007e-05,再平衡移出,decile,lowvol
2014-01-02,1503,sell,0.029704588114962956,9.965889312570072e-05,再平衡移出,decile,lowvol
2014-01-02,2606,sell,0.03304065333636819,0.0001108513919435153,再平衡移出,decile,lowvol
2014-01-02,1477,sell,0.049436495470128045,0.00016585944230227957,再平衡移出,decile,lowvol
2014-01-02,1904,sell,0.03341968849236679,0.00011212305489189058,再平衡移出,decile,lowvol
2014-01-02,2441,sell,0.0011097208840964434,3.723113566143568e-06,再平衡減碼,decile,lowvol
2014-01-02,2208,sell,0.03076578927193344,0.0001032192230073367,再平衡移出,decile,lowvol
2014-01-02,1513,sell,0.0420758909700008,0.00014116461420435268,再平衡移出,decile,lowvol
2014-01-02,9917,sell,0.0015503300418131527,5.201357290283127e-06,再平衡減碼,decile,lowvol
2014-01-02,9925,sell,0.03140313094908656,0.0001053575043341854,再平衡移出,decile,lowvol
2014-01-02,6281,sell,0.027259794773639847,9.14566114655617e-05,再平衡移出,decile,lowvol
2014-01-02,8926,sell,0.026535739709981205,8.902740672698694e-05,再平衡移出,decile,lowvol
2014-01-02,1712,sell,0.0014331858733650157,4.808338605139628e-06,再平衡減碼,decile,lowvol
2014-01-02,2015,sell,0.029489161018853707,9.893613521825417e-05,再平衡移出,decile,lowvol
2014-01-02,3023,sell,0.04430996287293265,0.00014865992543868905,再平衡移出,decile,lowvol
2014-01-02,3026,sell,0.04371720317403952,0.0001466712166489026,再平衡移出,decile,lowvol
2014-01-02,2430,sell,0.019958256611951383,6.69599509330969e-05,再平衡移出,decile,lowvol
2014-01-02,1907,sell,0.03014814076551988,0.0001011470122683192,再平衡移出,decile,lowvol
2014-01-02,2608,sell,0.027135128871994655,9.103835736554207e-05,再平衡移出,decile,lowvol
2014-01-02,2464,sell,0.03410654317639169,0.0001144274523567941,再平衡移出,decile,lowvol
2014-01-02,3010,sell,0.0026962952754705227,9.046070649203604e-06,再平衡減碼,decile,lowvol
2014-01-02,4306,sell,0.004062494395765386,1.3629668697792867e-05,再平衡減碼,decile,lowvol
2014-01-02,5007,sell,0.0481339294052463,0.00016148933315460133,再平衡移出,decile,lowvol
2014-01-02,5533,sell,0.029622988127035725,9.938512516620486e-05,再平衡移出,decile,lowvol
2014-01-02,1535,sell,0.033867579423291855,0.00011362572896514417,再平衡移出,decile,lowvol
2014-01-02,6184,sell,0.027837043793605735,9.339328192754724e-05,再平衡移出,decile,lowvol
2014-01-02,6023,sell,0.03130935665565971,0.00010504289157973833,再平衡移出,decile,lowvol
2014-01-02,6146,sell,0.061775778448801,0.00020725773669572737,再平衡移出,decile,lowvol
2014-01-02,2535,sell,0.040192683844665726,0.00013484645429885352,再平衡移出,decile,lowvol
2014-01-02,9910,sell,0.05776492476560632,0.00019380132258860918,再平衡移出,decile,lowvol
2014-01-02,1229,sell,0.02959141967667245,9.927921301523607e-05,再平衡移出,decile,lowvol
2014-01-02,2838,sell,0.030848938849185537,0.00010349818983901749,再平衡移出,decile,lowvol
2014-01-02,2889,sell,0.02865501745485273,9.613758356103091e-05,再平衡移出,decile,lowvol
2014-01-02,3705,sell,0.03815058827961742,0.00012799522367811644,再平衡移出,decile,lowvol
2014-01-02,1726,sell,0.037623241336886146,0.00012622597468525302,再平衡移出,decile,lowvol
2014-01-02,1708,sell,0.028088162135699073,9.423578396527038e-05,再平衡移出,decile,lowvol
2014-01-02,1723,sell,0.03657471043554105,0.00012270815351124022,再平衡移出,decile,lowvol
2014-01-02,2912,sell,0.03704185894275411,0.00012427543675294005,再平衡移出,decile,lowvol
2014-01-02,3703,sell,0.02669584584469356,8.956456280894689e-05,再平衡移出,decile,lowvol
2014-01-02,1558,sell,0.05138785558548567,0.0001724062554893044,再平衡移出,decile,lowvol
2014-01-02,6183,sell,0.03719909122625206,0.00012480295106407567,再平衡移出,decile,lowvol
2014-01-02,6214,sell,0.05840370768590629,0.0001959444392862156,再平衡移出,decile,lowvol
2014-01-02,8925,sell,0.022354451016383347,7.499918315996613e-05,再平衡移出,decile,lowvol
2014-01-02,2108,sell,0.030250589536623424,0.00010149072789537159,再平衡移出,decile,lowvol
2014-01-02,1442,sell,0.041481727845794236,0.00013917119692263965,再平衡移出,decile,lowvol
2014-01-02,2027,sell,0.027623498769773484,9.267683837259004e-05,再平衡移出,decile,lowvol
2014-01-02,2534,sell,0.04141143949315022,0.00013893537949951902,再平衡移出,decile,lowvol
2014-01-02,5880,buy,0.0321274072256624,7.566004401643495e-05,再平衡買進,decile,lowvol
2014-01-02,2820,buy,0.0015617211911755635,3.6778534052184517e-06,再平衡買進,decile,lowvol
2014-01-02,2412,buy,0.003594340937293824,8.464672907326955e-06,再平衡買進,decile,lowvol
2014-01-02,2812,buy,7.265151598860597e-05,1.7109432015316707e-07,再平衡買進,decile,lowvol
2014-01-02,3036,buy,0.0321274072256624,7.566004401643495e-05,再平衡買進,decile,lowvol
2014-01-02,2104,buy,0.0321274072256624,7.566004401643495e-05,再平衡買進,decile,lowvol
2014-01-02,2908,buy,0.003408916840247314,8.027999158782425e-06,再平衡買進,decile,lowvol
2014-01-02,2892,buy,0.0013015715367558287,3.065200969059976e-06,再平衡買進,decile,lowvol
2014-01-02,2845,buy,0.0008653874113282861,2.037987353678114e-06,再平衡買進,decile,lowvol
2014-01-02,2880,buy,0.0017556631102939695,4.134586624742298e-06,再平衡買進,decile,lowvol
2014-01-02,2841,buy,0.005819517873049629,1.3704964591031876e-05,再平衡買進,decile,lowvol
2014-01-02,2704,buy,0.0321274072256624,7.566004401643495e-05,再平衡買進,decile,lowvol
2014-01-02,1313,buy,0.0321274072256624,7.566004401643495e-05,再平衡買進,decile,lowvol
2014-01-02,1102,buy,0.002440188661232398,5.746644297202298e-06,再平衡買進,decile,lowvol
2014-01-02,2834,buy,0.0026234458669204333,6.1782150165976205e-06,再平衡買進,decile,lowvol
2014-01-02,1604,buy,0.0321274072256624,7.566004401643495e-05,再平衡買進,decile,lowvol
2014-01-02,5471,buy,0.0321274072256624,7.566004401643495e-05,再平衡買進,decile,lowvol
2014-01-02,2383,buy,0.0321274072256624,7.566004401643495e-05,再平衡買進,decile,lowvol
2014-01-02,2637,buy,0.0072085003436244965,1.697601830923569e-05,再平衡買進,decile,lowvol
2014-01-02,1210,buy,0.004164566958935807,9.807555188293826e-06,再平衡買進,decile,lowvol
2014-01-02,1722,buy,0.0321274072256624,7.566004401643495e-05,再平衡買進,decile,lowvol
2014-01-02,2002,buy,0.005012338459922602,1.1804057073117727e-05,再平衡買進,decile,lowvol
2014-01-02,1715,buy,0.0321274072256624,7.566004401643495e-05,再平衡買進,decile,lowvol
2014-01-02,2727,buy,0.0321274072256624,7.566004401643495e-05,再平衡買進,decile,lowvol
2014-01-02,1103,buy,0.0321274072256624,7.566004401643495e-05,再平衡買進,decile,lowvol
2014-01-02,3515,buy,0.0321274072256624,7.566004401643495e-05,再平衡買進,decile,lowvol
2014-01-02,1419,buy,0.0321274072256624,7.566004401643495e-05,再平衡買進,decile,lowvol
2014-01-02,2801,buy,0.0005560498804600827,1.309497468483495e-06,再平衡買進,decile,lowvol
2014-01-02,2374,buy,0.0321274072256624,7.566004401643495e-05,再平衡買進,decile,lowvol
2014-01-02,2332,buy,0.0321274072256624,7.566004401643495e-05,再平衡買進,decile,lowvol
2014-01-02,1733,buy,0.0321274072256624,7.566004401643495e-05,再平衡買進,decile,lowvol
2014-01-02,1409,buy,0.0321274072256624,7.566004401643495e-05,再平衡買進,decile,lowvol
2014-01-02,2605,buy,0.0006093659602656662,1.435056836425644e-06,再平衡買進,decile,lowvol
2014-01-02,2107,buy,0.0321274072256624,7.566004401643495e-05,再平衡買進,decile,lowvol
2014-01-02,3264,buy,0.0321274072256624,7.566004401643495e-05,再平衡買進,decile,lowvol
2014-01-02,2887,buy,0.0321274072256624,7.566004401643495e-05,再平衡買進,decile,lowvol
2014-01-02,1582,buy,0.0321274072256624,7.566004401643495e-05,再平衡買進,decile,lowvol
2014-01-02,1232,buy,0.0321274072256624,7.566004401643495e-05,再平衡買進,decile,lowvol
2014-01-02,5820,buy,0.0321274072256624,7.566004401643495e-05,再平衡買進,decile,lowvol
2014-01-02,2504,buy,0.0321274072256624,7.566004401643495e-05,再平衡買進,decile,lowvol
2014-01-02,2891,buy,0.0321274072256624,7.566004401643495e-05,再平衡買進,decile,lowvol
2014-01-02,1217,buy,0.0321274072256624,7.566004401643495e-05,再平衡買進,decile,lowvol
2014-01-02,6224,buy,0.0321274072256624,7.566004401643495e-05,再平衡買進,decile,lowvol
2014-01-02,5522,buy,0.0321274072256624,7.566004401643495e-05,再平衡買進,decile,lowvol
2014-01-02,1304,buy,0.0321274072256624,7.566004401643495e-05,再平衡買進,decile,lowvol
2014-01-02,2373,buy,0.0321274072256624,7.566004401643495e-05,再平衡買進,decile,lowvol
2014-01-02,2317,buy,0.0321274072256624,7.566004401643495e-05,再平衡買進,decile,lowvol
2014-01-02,5434,buy,0.0321274072256624,7.566004401643495e-05,再平衡買進,decile,lowvol
2014-01-02,1402,buy,0.0321274072256624,7.566004401643495e-05,再平衡買進,decile,lowvol
2014-01-02,6803,buy,0.0321274072256624,7.566004401643495e-05,再平衡買進,decile,lowvol
2014-01-02,2327,buy,0.0321274072256624,7.566004401643495e-05,再平衡買進,decile,lowvol
2014-01-02,2545,buy,0.0321274072256624,7.566004401643495e-05,再平衡買進,decile,lowvol
2014-01-02,2006,buy,0.006901179107345352,1.6252276797798305e-05,再平衡買進,decile,lowvol
2014-01-02,5203,buy,0.0321274072256624,7.566004401643495e-05,再平衡買進,decile,lowvol
2014-01-02,2450,buy,0.0321274072256624,7.566004401643495e-05,再平衡買進,decile,lowvol
2014-01-02,2480,buy,0.0321274072256624,7.566004401643495e-05,再平衡買進,decile,lowvol
2014-01-02,3533,buy,0.0321274072256624,7.566004401643495e-05,再平衡買進,decile,lowvol
2014-01-02,2888,buy,0.0321274072256624,7.566004401643495e-05,再平衡買進,decile,lowvol
2014-01-02,6261,buy,0.0321274072256624,7.566004401643495e-05,再平衡買進,decile,lowvol
2014-01-02,5512,buy,0.0321274072256624,7.566004401643495e-05,再平衡買進,decile,lowvol
2014-01-02,2419,buy,0.0321274072256624,7.566004401643495e-05,再平衡買進,decile,lowvol
2014-01-02,2886,buy,0.0321274072256624,7.566004401643495e-05,再平衡買進,decile,lowvol
2014-01-02,2610,buy,0.0321274072256624,7.566004401643495e-05,再平衡買進,decile,lowvol
2015-01-05,2441,sell,0.047589545170281744,0.00015966292404629524,再平衡移出,decile,lowvol
2015-01-05,9917,sell,0.0021301841312322753,7.146767760284284e-06,再平衡減碼,decile,lowvol
2015-01-05,2637,sell,0.001949373055769539,6.540146602106804e-06,再平衡減碼,decile,lowvol
2015-01-05,3010,sell,0.03891756710080923,0.00013056843762321497,再平衡移出,decile,lowvol
2015-01-05,4306,sell,0.02630039220378286,8.82378158436915e-05,再平衡移出,decile,lowvol
2015-01-05,1210,sell,0.04462083753985599,0.00014970290994621686,再平衡移出,decile,lowvol
2015-01-05,2892,sell,0.0005573417293438729,1.8698815019486936e-06,再平衡減碼,decile,lowvol
2015-01-05,2841,sell,0.000939934376303124,3.1534798324969814e-06,再平衡減碼,decile,lowvol
2015-01-05,3036,sell,0.047048278443469024,0.00015784697417783858,再平衡移出,decile,lowvol
2015-01-05,2104,sell,0.004160796469919556,1.395947215658011e-05,再平衡減碼,decile,lowvol
2015-01-05,2704,sell,0.030928062723830987,0.00010376365043845297,再平衡移出,decile,lowvol
2015-01-05,1604,sell,0.03623774362761829,0.00012157762987065935,再平衡移出,decile,lowvol
2015-01-05,5471,sell,0.036310143074641824,0.00012182053001542331,再平衡移出,decile,lowvol
2015-01-05,2383,sell,0.054845950165143056,0.00018400816280405498,再平衡移出,decile,lowvol
2015-01-05,1715,sell,0.0384495076709782,0.00012899809823613186,再平衡移出,decile,lowvol
2015-01-05,2727,sell,0.020341393676378734,6.824537578425065e-05,再平衡移出,decile,lowvol
2015-01-05,1103,sell,0.030654536828312665,0.00010284597105898899,再平衡移出,decile,lowvol
2015-01-05,3515,sell,0.02322717777973432,7.792718145100864e-05,再平衡移出,decile,lowvol
2015-01-05,1419,sell,0.03169684584889331,0.00010634291782303706,再平衡移出,decile,lowvol
2015-01-05,2374,sell,0.031747063349917275,0.00010651139753897245,再平衡移出,decile,lowvol
2015-01-05,2332,sell,0.03581485298807692,0.00012015883177499806,再平衡移出,decile,lowvol
2015-01-05,1733,sell,0.028593472824631587,9.593110132663897e-05,再平衡移出,decile,lowvol
2015-01-05,1409,sell,0.034845970147042056,0.00011690822984332609,再平衡移出,decile,lowvol
2015-01-05,2107,sell,0.005415544173995576,1.8169150703755158e-05,再平衡減碼,decile,lowvol
2015-01-05,3264,sell,0.040683423601540224,0.00013649288618316745,再平衡移出,decile,lowvol
2015-01-05,1582,sell,0.042056727793832904,0.00014110032174830938,再平衡移出,decile,lowvol
2015-01-05,1232,sell,0.03816526210300386,0.00012804445435557796,再平衡移出,decile,lowvol
2015-01-05,2891,sell,0.03369784025080318,0.00011305625404144466,再平衡移出,decile,lowvol
2015-01-05,1217,sell,0.02862867643037436,9.604920942390598e-05,再平衡移出,decile,lowvol
2015-01-05,6224,sell,0.034646423761115756,0.00011623875171854336,再平衡移出,decile,lowvol
2015-01-05,5522,sell,0.02478621020313538,8.31577352315192e-05,再平衡移出,decile,lowvol
2015-01-05,1304,sell,0.02704470622403072,9.073498938162306e-05,再平衡移出,decile,lowvol
2015-01-05,2317,sell,0.03977650353566311,0.00013345016936214973,再平衡移出,decile,lowvol
2015-01-05,6803,sell,0.027037593305260465,9.071112553914885e-05,再平衡移出,decile,lowvol
2015-01-05,2327,sell,0.14713186586460306,0.0004936274099757432,再平衡移出,decile,lowvol
2015-01-05,2545,sell,0.03177962200340779,0.00010662063182143312,再平衡移出,decile,lowvol
2015-01-05,5203,sell,0.002597308833726844,8.713971137153563e-06,再平衡減碼,decile,lowvol
2015-01-05,2450,sell,0.018654591295829068,6.258615379750652e-05,再平衡移出,decile,lowvol
2015-01-05,2480,sell,0.031333884697605716,0.00010512518316046719,再平衡移出,decile,lowvol
2015-01-05,3533,sell,0.0743280140614067,0.0002493704871760195,再平衡移出,decile,lowvol
2015-01-05,6261,sell,0.033825175607758926,0.00011348346416403121,再平衡移出,decile,lowvol
2015-01-05,5512,sell,6.573654326422901e-05,2.2054610265148832e-07,再平衡減碼,decile,lowvol
2015-01-05,2419,sell,0.034527579044031156,0.00011584002769272454,再平衡移出,decile,lowvol
2015-01-05,2610,sell,0.04352320188994709,0.0001460203423407725,再平衡移出,decile,lowvol
2015-01-05,2820,buy,0.0020596593577406064,4.8504977874791285e-06,再平衡買進,decile,lowvol
2015-01-05,2412,buy,0.0009531808901047933,2.244740996196788e-06,再平衡買進,decile,lowvol
2015-01-05,2889,buy,0.03477195155479801,8.188794591154931e-05,再平衡買進,decile,lowvol
2015-01-05,2834,buy,0.0013479319290541567,3.1743796929225392e-06,再平衡買進,decile,lowvol
2015-01-05,2812,buy,0.002463870582409114,5.802415221573463e-06,再平衡買進,decile,lowvol
2015-01-05,5880,buy,0.0005364972893993902,1.263451116535564e-06,再平衡買進,decile,lowvol
2015-01-05,6023,buy,0.03477195155479801,8.188794591154931e-05,再平衡買進,decile,lowvol
2015-01-05,5820,buy,0.0024284251642940693,5.718941261912534e-06,再平衡買進,decile,lowvol
2015-01-05,2845,buy,0.005956696154185207,1.4028019443106164e-05,再平衡買進,decile,lowvol
2015-01-05,2373,buy,0.005457237683229296,1.2851794744004992e-05,再平衡買進,decile,lowvol
2015-01-05,2002,buy,0.001418604840614457,3.340814399647046e-06,再平衡買進,decile,lowvol
2015-01-05,3703,buy,0.03477195155479801,8.188794591154931e-05,再平衡買進,decile,lowvol
2015-01-05,2888,buy,0.005357240627506664,1.2616301677778194e-05,再平衡買進,decile,lowvol
2015-01-05,1229,buy,0.03477195155479801,8.188794591154931e-05,再平衡買進,decile,lowvol
2015-01-05,2880,buy,0.00020358325376674397,4.794385626206821e-07,再平衡買進,decile,lowvol
2015-01-05,2006,buy,0.003802877895869295,8.95577744477219e-06,再平衡買進,decile,lowvol
2015-01-05,2504,buy,0.006141791563962527,1.446391913313175e-05,再平衡買進,decile,lowvol
2015-01-05,2890,buy,0.03477195155479801,8.188794591154931e-05,再平衡買進,decile,lowvol
2015-01-05,9937,buy,0.03477195155479801,8.188794591154931e-05,再平衡買進,decile,lowvol
2015-01-05,2847,buy,0.03477195155479801,8.188794591154931e-05,再平衡買進,decile,lowvol
2015-01-05,2886,buy,0.002776777282315755,6.539310499853603e-06,再平衡買進,decile,lowvol
2015-01-05,2856,buy,0.03477195155479801,8.188794591154931e-05,再平衡買進,decile,lowvol
2015-01-05,2501,buy,0.03477195155479801,8.188794591154931e-05,再平衡買進,decile,lowvol
2015-01-05,1102,buy,0.00044483258912515755,1.047580747389746e-06,再平衡買進,decile,lowvol
2015-01-05,1722,buy,0.007664676126292295,1.8050312277418356e-05,再平衡買進,decile,lowvol
2015-01-05,9941,buy,0.03477195155479801,8.188794591154931e-05,再平衡買進,decile,lowvol
2015-01-05,3045,buy,0.03477195155479801,8.188794591154931e-05,再平衡買進,decile,lowvol
2015-01-05,2801,buy,0.0018840462983664291,4.4369290326529405e-06,再平衡買進,decile,lowvol
2015-01-05,5508,buy,0.03477195155479801,8.188794591154931e-05,再平衡買進,decile,lowvol
2015-01-05,2908,buy,0.0031974367994365843,7.529963662673156e-06,再平衡買進,decile,lowvol
2015-01-05,2102,buy,0.03477195155479801,8.188794591154931e-05,再平衡買進,decile,lowvol
2015-01-05,1904,buy,0.03477195155479801,8.188794591154931e-05,再平衡買進,decile,lowvol
2015-01-05,2707,buy,0.03477195155479801,8.188794591154931e-05,再平衡買進,decile,lowvol
2015-01-05,2208,buy,0.03477195155479801,8.188794591154931e-05,再平衡買進,decile,lowvol
2015-01-05,2884,buy,0.03477195155479801,8.188794591154931e-05,再平衡買進,decile,lowvol
2015-01-05,1402,buy,0.0036173655706258183,8.518895918823801e-06,再平衡買進,decile,lowvol
2015-01-05,1301,buy,0.03477195155479801,8.188794591154931e-05,再平衡買進,decile,lowvol
2015-01-05,1313,buy,0.00877058525952703,2.0654728286186155e-05,再平衡買進,decile,lowvol
2015-01-05,2867,buy,0.03477195155479801,8.188794591154931e-05,再平衡買進,decile,lowvol
2015-01-05,2515,buy,0.03477195155479801,8.188794591154931e-05,再平衡買進,decile,lowvol
2015-01-05,2605,buy,0.004974162129119431,1.171415181407626e-05,再平衡買進,decile,lowvol
2015-01-05,5530,buy,0.03477195155479801,8.188794591154931e-05,再平衡買進,decile,lowvol
2015-01-05,2538,buy,0.03477195155479801,8.188794591154931e-05,再平衡買進,decile,lowvol
2015-01-05,1712,buy,0.0021658920291639447,5.10067572868109e-06,再平衡買進,decile,lowvol
2015-01-05,2887,buy,0.002426142929519086,5.7135665990174475e-06,再平衡買進,decile,lowvol
2015-01-05,2606,buy,0.03477195155479801,8.188794591154931e-05,再平衡買進,decile,lowvol
2015-01-05,1234,buy,0.03477195155479801,8.188794591154931e-05,再平衡買進,decile,lowvol
2015-01-05,6505,buy,0.03477195155479801,8.188794591154931e-05,再平衡買進,decile,lowvol
2015-01-05,2023,buy,0.03477195155479801,8.188794591154931e-05,再平衡買進,decile,lowvol
2015-01-05,2809,buy,0.03477195155479801,8.188794591154931e-05,再平衡買進,decile,lowvol
2015-01-05,2855,buy,0.03477195155479801,8.188794591154931e-05,再平衡買進,decile,lowvol
2015-01-05,1326,buy,0.03477195155479801,8.188794591154931e-05,再平衡買進,decile,lowvol
2015-01-05,1227,buy,0.03477195155479801,8.188794591154931e-05,再平衡買進,decile,lowvol
2015-01-05,2903,buy,0.03477195155479801,8.188794591154931e-05,再平衡買進,decile,lowvol
2015-01-05,2883,buy,0.03477195155479801,8.188794591154931e-05,再平衡買進,decile,lowvol
2015-01-05,6412,buy,0.03477195155479801,8.188794591154931e-05,再平衡買進,decile,lowvol
2015-01-05,1723,buy,0.03477195155479801,8.188794591154931e-05,再平衡買進,decile,lowvol
2015-01-05,4113,buy,0.03477195155479801,8.188794591154931e-05,再平衡買進,decile,lowvol
2015-01-05,2201,buy,0.03477195155479801,8.188794591154931e-05,再平衡買進,decile,lowvol
2015-01-05,2204,buy,0.03477195155479801,8.188794591154931e-05,再平衡買進,decile,lowvol
2015-01-05,2392,buy,0.03477195155479801,8.188794591154931e-05,再平衡買進,decile,lowvol
2015-01-05,5434,buy,0.002210603148731491,5.205970415262661e-06,再平衡買進,decile,lowvol
2007-01-02,2831,buy,0.025580782897302493,6.024274372314737e-05,再平衡買進,decile,value
2007-01-02,2396,buy,0.025580782897302493,6.024274372314737e-05,再平衡買進,decile,value
2007-01-02,2349,buy,0.025580782897302493,6.024274372314737e-05,再平衡買進,decile,value
2007-01-02,3050,buy,0.025580782897302493,6.024274372314737e-05,再平衡買進,decile,value
2007-01-02,2515,buy,0.025580782897302493,6.024274372314737e-05,再平衡買進,decile,value
2007-01-02,2887,buy,0.025580782897302493,6.024274372314737e-05,再平衡買進,decile,value
2007-01-02,1104,buy,0.025580782897302493,6.024274372314737e-05,再平衡買進,decile,value
2007-01-02,1409,buy,0.025580782897302493,6.024274372314737e-05,再平衡買進,decile,value
2007-01-02,1718,buy,0.025580782897302493,6.024274372314737e-05,再平衡買進,decile,value
2007-01-02,2323,buy,0.025580782897302493,6.024274372314737e-05,再平衡買進,decile,value
2007-01-02,2475,buy,0.025580782897302493,6.024274372314737e-05,再平衡買進,decile,value
2007-01-02,1902,buy,0.025580782897302493,6.024274372314737e-05,再平衡買進,decile,value
2007-01-02,2406,buy,0.025580782897302493,6.024274372314737e-05,再平衡買進,decile,value
2007-01-02,6116,buy,0.025580782897302493,6.024274372314737e-05,再平衡買進,decile,value
2007-01-02,1304,buy,0.025580782897302493,6.024274372314737e-05,再平衡買進,decile,value
2007-01-02,2913,buy,0.025580782897302493,6.024274372314737e-05,再平衡買進,decile,value
2007-01-02,2530,buy,0.025580782897302493,6.024274372314737e-05,再平衡買進,decile,value
2007-01-02,2022,buy,0.025580782897302493,6.024274372314737e-05,再平衡買進,decile,value
2007-01-02,3049,buy,0.025580782897302493,6.024274372314737e-05,再平衡買進,decile,value
2007-01-02,2375,buy,0.025580782897302493,6.024274372314737e-05,再平衡買進,decile,value
2007-01-02,1305,buy,0.025580782897302493,6.024274372314737e-05,再平衡買進,decile,value
2007-01-02,1447,buy,0.025580782897302493,6.024274372314737e-05,再平衡買進,decile,value
2007-01-02,2007,buy,0.025580782897302493,6.024274372314737e-05,再平衡買進,decile,value
2007-01-02,2381,buy,0.025580782897302493,6.024274372314737e-05,再平衡買進,decile,value
2007-01-02,2889,buy,0.025580782897302493,6.024274372314737e-05,再平衡買進,decile,value
2007-01-02,2369,buy,0.025580782897302493,6.024274372314737e-05,再平衡買進,decile,value
2007-01-02,2023,buy,0.025580782897302493,6.024274372314737e-05,再平衡買進,decile,value
2007-01-02,1110,buy,0.025580782897302493,6.024274372314737e-05,再平衡買進,decile,value
2007-01-02,1215,buy,0.025580782897302493,6.024274372314737e-05,再平衡買進,decile,value
2007-01-02,1314,buy,0.025580782897302493,6.024274372314737e-05,再平衡買進,decile,value
2007-01-02,1712,buy,0.025580782897302493,6.024274372314737e-05,再平衡買進,decile,value
2007-01-02,2316,buy,0.025580782897302493,6.024274372314737e-05,再平衡買進,decile,value
2007-01-02,2312,buy,0.025580782897302493,6.024274372314737e-05,再平衡買進,decile,value
2007-01-02,1504,buy,0.025580782897302493,6.024274372314737e-05,再平衡買進,decile,value
2007-01-02,3005,buy,0.025580782897302493,6.024274372314737e-05,再平衡買進,decile,value
2007-01-02,1701,buy,0.025580782897302493,6.024274372314737e-05,再平衡買進,decile,value
2007-01-02,1606,buy,0.025580782897302493,6.024274372314737e-05,再平衡買進,decile,value
2007-01-02,1904,buy,0.025580782897302493,6.024274372314737e-05,再平衡買進,decile,value
2007-01-02,1229,buy,0.025580782897302493,6.024274372314737e-05,再平衡買進,decile,value
2007-01-19,2831,sell,0.010522608845151642,3.530335267548376e-05,下市出場,decile,value
2007-01-19,2396,buy,0.00027533331353284487,6.484099533698497e-07,下市所得再分配,decile,value
2007-01-19,2349,buy,0.00027533331353284487,6.484099533698497e-07,下市所得再分配,decile,value
2007-01-19,3050,buy,0.00027533331353284487,6.484099533698497e-07,下市所得再分配,decile,value
2007-01-19,2515,buy,0.00027533331353284487,6.484099533698497e-07,下市所得再分配,decile,value
2007-01-19,2887,buy,0.00027533331353284487,6.484099533698497e-07,下市所得再分配,decile,value
2007-01-19,1104,buy,0.00027533331353284487,6.484099533698497e-07,下市所得再分配,decile,value
2007-01-19,1409,buy,0.00027533331353284487,6.484099533698497e-07,下市所得再分配,decile,value
2007-01-19,1718,buy,0.00027533331353284487,6.484099533698497e-07,下市所得再分配,decile,value
2007-01-19,2323,buy,0.00027533331353284487,6.484099533698497e-07,下市所得再分配,decile,value
2007-01-19,2475,buy,0.00027533331353284487,6.484099533698497e-07,下市所得再分配,decile,value
2007-01-19,1902,buy,0.00027533331353284487,6.484099533698497e-07,下市所得再分配,decile,value
2007-01-19,2406,buy,0.00027533331353284487,6.484099533698497e-07,下市所得再分配,decile,value
2007-01-19,6116,buy,0.00027533331353284487,6.484099533698497e-07,下市所得再分配,decile,value
2007-01-19,1304,buy,0.00027533331353284487,6.484099533698497e-07,下市所得再分配,decile,value
2007-01-19,2913,buy,0.00027533331353284487,6.484099533698497e-07,下市所得再分配,decile,value
2007-01-19,2530,buy,0.00027533331353284487,6.484099533698497e-07,下市所得再分配,decile,value
2007-01-19,2022,buy,0.00027533331353284487,6.484099533698497e-07,下市所得再分配,decile,value
2007-01-19,3049,buy,0.00027533331353284487,6.484099533698497e-07,下市所得再分配,decile,value
2007-01-19,2375,buy,0.00027533331353284487,6.484099533698497e-07,下市所得再分配,decile,value
2007-01-19,1305,buy,0.00027533331353284487,6.484099533698497e-07,下市所得再分配,decile,value
2007-01-19,1447,buy,0.00027533331353284487,6.484099533698497e-07,下市所得再分配,decile,value
2007-01-19,2007,buy,0.00027533331353284487,6.484099533698497e-07,下市所得再分配,decile,value
2007-01-19,2381,buy,0.00027533331353284487,6.484099533698497e-07,下市所得再分配,decile,value
2007-01-19,2889,buy,0.00027533331353284487,6.484099533698497e-07,下市所得再分配,decile,value
2007-01-19,2369,buy,0.00027533331353284487,6.484099533698497e-07,下市所得再分配,decile,value
2007-01-19,2023,buy,0.00027533331353284487,6.484099533698497e-07,下市所得再分配,decile,value
2007-01-19,1110,buy,0.00027533331353284487,6.484099533698497e-07,下市所得再分配,decile,value
2007-01-19,1215,buy,0.00027533331353284487,6.484099533698497e-07,下市所得再分配,decile,value
2007-01-19,1314,buy,0.00027533331353284487,6.484099533698497e-07,下市所得再分配,decile,value
2007-01-19,1712,buy,0.00027533331353284487,6.484099533698497e-07,下市所得再分配,decile,value
2007-01-19,2316,buy,0.00027533331353284487,6.484099533698497e-07,下市所得再分配,decile,value
2007-01-19,2312,buy,0.00027533331353284487,6.484099533698497e-07,下市所得再分配,decile,value
2007-01-19,1504,buy,0.00027533331353284487,6.484099533698497e-07,下市所得再分配,decile,value
2007-01-19,3005,buy,0.00027533331353284487,6.484099533698497e-07,下市所得再分配,decile,value
2007-01-19,1701,buy,0.00027533331353284487,6.484099533698497e-07,下市所得再分配,decile,value
2007-01-19,1606,buy,0.00027533331353284487,6.484099533698497e-07,下市所得再分配,decile,value
2007-01-19,1904,buy,0.00027533331353284487,6.484099533698497e-07,下市所得再分配,decile,value
2007-01-19,1229,buy,0.00027533331353284487,6.484099533698497e-07,下市所得再分配,decile,value
2008-01-02,2515,sell,0.0005670622254343345,1.9024937663321924e-06,再平衡減碼,decile,value
2008-01-02,1409,sell,0.00310903185585382,1.0430801876389565e-05,再平衡減碼,decile,value
2008-01-02,1718,sell,0.037074638316413805,0.00012438541155156832,再平衡移出,decile,value
2008-01-02,2475,sell,0.04058566074765569,0.00013616489180838485,再平衡移出,decile,value
2008-01-02,2406,sell,0.02226817308839284,7.470972071155798e-05,再平衡移出,decile,value
2008-01-02,6116,sell,0.05918912131176618,0.00019857950200097554,再平衡移出,decile,value
2008-01-02,1304,sell,0.05681997675227437,0.00019063102200388051,再平衡移出,decile,value
2008-01-02,2913,sell,0.05347737434568513,0.0001794165909297736,再平衡移出,decile,value
2008-01-02,2530,sell,0.024032787909205357,8.063000343538397e-05,再平衡移出,decile,value
2008-01-02,3049,sell,0.03510541886712097,0.00011777868029919086,再平衡移出,decile,value
2008-01-02,2375,sell,0.01812443581006769,6.08074821427771e-05,再平衡移出,decile,value
2008-01-02,2007,sell,0.03395403630586208,0.00011391579180616729,再平衡移出,decile,value
2008-01-02,2381,sell,0.02084280969733888,6.992762653457195e-05,再平衡移出,decile,value
2008-01-02,2889,sell,0.026125043390565178,8.764952057534618e-05,再平衡移出,decile,value
2008-01-02,2369,sell,0.0344696113744318,0.0001156455461612187,再平衡移出,decile,value
2008-01-02,1110,sell,0.024415343229909042,8.191347653634484e-05,再平衡移出,decile,value
2008-01-02,1215,sell,0.0434975541874716,0.0001459342942989672,再平衡移出,decile,value
2008-01-02,1314,sell,0.03354794367954911,0.00011255335104488726,再平衡移出,decile,value
2008-01-02,1504,sell,0.025300161719830204,8.488204257003034e-05,再平衡移出,decile,value
2008-01-02,3005,sell,0.04643523094068968,0.00015579019980601388,再平衡移出,decile,value
2008-01-02,1701,sell,0.03711104637071877,0.00012450756057376147,再平衡移出,decile,value
2008-01-02,1606,sell,0.028407429721826007,9.530692671672625e-05,再平衡移出,decile,value
2008-01-02,1229,sell,0.0006575527576506146,2.206089501917812e-06,再平衡減碼,decile,value
2008-01-02,2349,buy,0.007404686253476893,1.7438036126938082e-05,再平衡買進,decile,value
2008-01-02,2887,buy,0.011115546474063771,2.6177111946420182e-05,再平衡買進,decile,value
2008-01-02,2022,buy,0.007246439535661491,1.706536510648281e-05,再平衡買進,decile,value
2008-01-02,3050,buy,0.002629981158410885,6.193605628057635e-06,再平衡買進,decile,value
2008-01-02,2396,buy,0.003340697048950115,7.86734155027752e-06,再平衡買進,decile,value
2008-01-02,1447,buy,0.003933775398638654,9.26404106379403e-06,再平衡買進,decile,value
2008-01-02,2323,buy,0.003088364051159087,7.27309734047965e-06,再平衡買進,decile,value
2008-01-02,1104,buy,0.0015161217214085115,3.570466653917045e-06,再平衡買進,decile,value
2008-01-02,2344,buy,0.028268754851886974,6.657291767619382e-05,再平衡買進,decile,value
2008-01-02,2023,buy,0.0051974061639194075,1.2239891516030205e-05,再平衡買進,decile,value
2008-01-02,2316,buy,0.012493378678650732,2.9421906788222474e-05,再平衡買進,decile,value
2008-01-02,1309,buy,0.028268754851886974,6.657291767619382e-05,再平衡買進,decile,value
2008-01-02,1902,buy,0.0037111663197527157,8.739796683017646e-06,再平衡買進,decile,value
2008-01-02,2312,buy,0.00550475445124092,1.2963696732672368e-05,再平衡買進,decile,value
2008-01-02,2820,buy,0.028268754851886974,6.657291767619382e-05,再平衡買進,decile,value
2008-01-02,6136,buy,0.028268754851886974,6.657291767619382e-05,再平衡買進,decile,value
2008-01-02,2017,buy,0.028268754851886974,6.657291767619382e-05,再平衡買進,decile,value
2008-01-02,3051,buy,0.028268754851886974,6.657291767619382e-05,再平衡買進,decile,value
2008-01-02,1605,buy,0.028268754851886974,6.657291767619382e-05,再平衡買進,decile,value
2008-01-02,6120,buy,0.028268754851886974,6.657291767619382e-05,再平衡買進,decile,value
2008-01-02,1810,buy,0.028268754851886974,6.657291767619382e-05,再平衡買進,decile,value
2008-01-02,2025,buy,0.028268754851886974,6.657291767619382e-05,再平衡買進,decile,value
2008-01-02,1712,buy,0.005130212384425254,1.2081650165321471e-05,再平衡買進,decile,value
2008-01-02,2376,buy,0.028268754851886974,6.657291767619382e-05,再平衡買進,decile,value
2008-01-02,1460,buy,0.028268754851886974,6.657291767619382e-05,再平衡買進,decile,value
2008-01-02,1609,buy,0.028268754851886974,6.657291767619382e-05,再平衡買進,decile,value
2008-01-02,1904,buy,0.006400211385530884,1.5072497812925233e-05,再平衡買進,decile,value
2008-01-02,2836,buy,0.028268754851886974,6.657291767619382e-05,再平衡買進,decile,value
2008-01-02,1514,buy,0.028268754851886974,6.657291767619382e-05,再平衡買進,decile,value
2008-01-02,2204,buy,0.028268754851886974,6.657291767619382e-05,再平衡買進,decile,value
2008-01-02,2614,buy,0.028268754851886974,6.657291767619382e-05,再平衡買進,decile,value
2008-01-02,1444,buy,0.028268754851886974,6.657291767619382e-05,再平衡買進,decile,value
2008-01-02,2331,buy,0.028268754851886974,6.657291767619382e-05,再平衡買進,decile,value
2008-01-02,2102,buy,0.028268754851886974,6.657291767619382e-05,再平衡買進,decile,value
2008-01-02,1305,buy,0.0004753357026870998,1.11941557982812e-06,再平衡買進,decile,value
2008-01-02,1608,buy,0.028268754851886974,6.657291767619382e-05,再平衡買進,decile,value
2008-01-02,2201,buy,0.028268754851886974,6.657291767619382e-05,再平衡買進,decile,value
2009-01-05,2396,sell,0.007208977012001385,2.418611787526465e-05,停牌於選股日，視同下市,decile,value
2009-01-05,2349,sell,0.004345932564054682,1.4580603752403459e-05,再平衡減碼,decile,value
2009-01-05,3050,sell,0.013915261176525896,4.6685701247244386e-05,再平衡移出,decile,value
2009-01-05,2515,sell,0.02382862245299315,7.994502832979201e-05,再平衡移出,decile,value
2009-01-05,2887,sell,0.000728328515237936,2.443542168623275e-06,再平衡減碼,decile,value
2009-01-05,1104,sell,0.031558810594934046,0.00010587980954600371,再平衡移出,decile,value
2009-01-05,1409,sell,0.001030262489393514,3.4565306519152396e-06,再平衡減碼,decile,value
2009-01-05,2323,sell,0.0015274348579860184,5.124543948543092e-06,再平衡減碼,decile,value
2009-01-05,1902,sell,0.021492833372380983,7.210845596433821e-05,再平衡移出,decile,value
2009-01-05,2022,sell,0.009476900030861306,3.1794999603539686e-05,再平衡減碼,decile,value
2009-01-05,1305,sell,0.023478074757876496,7.876894081267564e-05,再平衡移出,decile,value
2009-01-05,1447,sell,0.011656696257437628,3.910821594370324e-05,再平衡移出,decile,value
2009-01-05,2023,sell,0.022941143062145876,7.696753497349942e-05,再平衡移出,decile,value
2009-01-05,1712,sell,0.02760425328241908,9.261226976251601e-05,再平衡移出,decile,value
2009-01-05,2316,sell,0.0009535207714000647,3.199062188047217e-06,再平衡減碼,decile,value
2009-01-05,2312,sell,0.017725358378595766,5.946857736018879e-05,再平衡移出,decile,value
2009-01-05,1904,sell,0.018696078500909163,6.272534337055025e-05,再平衡移出,decile,value
2009-01-05,1229,sell,0.019765174632018524,6.631216089042214e-05,再平衡移出,decile,value
2009-01-05,1309,sell,0.01479445786708361,4.963540614406551e-05,再平衡移出,decile,value
2009-01-05,2820,sell,0.006832863734778382,2.292425783018147e-05,再平衡減碼,decile,value
2009-01-05,6136,sell,0.01744735051938612,5.8535860992540435e-05,再平衡移出,decile,value
2009-01-05,2017,sell,0.019927119676883685,6.685548651594477e-05,再平衡移出,decile,value
2009-01-05,3051,sell,0.0021005291067981886,7.047275153307923e-06,再平衡移出,decile,value
2009-01-05,1605,sell,0.0023215209426324206,7.78870276253177e-06,再平衡減碼,decile,value
2009-01-05,1810,sell,0.005160606859664085,1.7313836014173004e-05,再平衡減碼,decile,value
2009-01-05,2025,sell,0.0006882253328483069,2.3089959917060695e-06,再平衡減碼,decile,value
2009-01-05,2376,sell,0.005288898215093284,1.7744253511637967e-05,再平衡減碼,decile,value
2009-01-05,1460,sell,0.015652296019767288,5.251345314631925e-05,再平衡移出,decile,value
2009-01-05,1609,sell,0.004748387755005738,1.5930840918044252e-05,再平衡減碼,decile,value
2009-01-05,2836,sell,0.0013979054080557086,4.689972644026902e-06,再平衡減碼,decile,value
2009-01-05,1514,sell,0.015386108929875545,5.1620395459732456e-05,再平衡移出,decile,value
2009-01-05,2614,sell,0.0004132471948152961,1.3864443386053186e-06,再平衡減碼,decile,value
2009-01-05,1444,sell,0.0025894934733694374,8.687750603154462e-06,再平衡減碼,decile,value
2009-01-05,2331,sell,0.0014403131795524323,4.8322507173984106e-06,再平衡減碼,decile,value
2009-01-05,2102,sell,0.018525729315306227,6.215382185285239e-05,再平衡移出,decile,value
2009-01-05,1608,sell,0.0020224599175094372,6.785353023244162e-06,再平衡減碼,decile,value
2009-01-05,2201,sell,0.0013753797239342228,4.614398973799318e-06,再平衡減碼,decile,value
2009-01-05,6120,buy,0.002476430114106455,5.8319929187207015e-06,再平衡買進,decile,value
2009-01-05,2384,buy,0.01211338839128551,2.8527029661477376e-05,再平衡買進,decile,value
2009-01-05,3095,buy,0.01211338839128551,2.8527029661477376e-05,再平衡買進,decile,value
2009-01-05,2344,buy,0.0021087352406506787,4.966071491732348e-06,再平衡買進,decile,value
2009-01-05,2492,buy,0.01211338839128551,2.8527029661477376e-05,再平衡買進,decile,value
2009-01-05,2204,buy,0.0015768493169358768,3.7134801413839896e-06,再平衡買進,decile,value
2009-01-05,3063,buy,0.01211338839128551,2.8527029661477376e-05,再平衡買進,decile,value
2009-01-05,2327,buy,0.01211338839128551,2.8527029661477376e-05,再平衡買進,decile,value
2009-01-05,5512,buy,0.01211338839128551,2.8527029661477376e-05,再平衡買進,decile,value
2009-01-05,5387,buy,0.01211338839128551,2.8527029661477376e-05,再平衡買進,decile,value
2009-01-05,6289,buy,0.01211338839128551,2.8527029661477376e-05,再平衡買進,decile,value
2009-01-05,3009,buy,0.01211338839128551,2.8527029661477376e-05,再平衡買進,decile,value
2009-01-05,5820,buy,0.01211338839128551,2.8527029661477376e-05,再平衡買進,decile,value
2009-01-05,8112,buy,0.01211338839128551,2.8527029661477376e-05,再平衡買進,decile,value
2009-01-05,1312,buy,0.01211338839128551,2.8527029661477376e-05,再平衡買進,decile,value
2009-01-05,2313,buy,0.01211338839128551,2.8527029661477376e-05,再平衡買進,decile,value
2009-01-05,2475,buy,0.01211338839128551,2.8527029661477376e-05,再平衡買進,decile,value
2009-01-05,3049,buy,0.01211338839128551,2.8527029661477376e-05,再平衡買進,decile,value
2009-01-05,5491,buy,0.01211338839128551,2.8527029661477376e-05,再平衡買進,decile,value
2009-01-05,2359,buy,0.01211338839128551,2.8527029661477376e-05,再平衡買進,decile,value
2009-01-05,6235,buy,0.01211338839128551,2.8527029661477376e-05,再平衡買進,decile,value
2009-01-05,2206,buy,0.01211338839128551,2.8527029661477376e-05,再平衡買進,decile,value
2009-01-05,6116,buy,0.01211338839128551,2.8527029661477376e-05,再平衡買進,decile,value
2009-01-05,1718,buy,0.01211338839128551,2.8527029661477376e-05,再平衡買進,decile,value
2009-01-05,2369,buy,0.01211338839128551,2.8527029661477376e-05,再平衡買進,decile,value
2009-01-05,1417,buy,0.01211338839128551,2.8527029661477376e-05,再平衡買進,decile,value
2009-01-05,2368,buy,0.01211338839128551,2.8527029661477376e-05,再平衡買進,decile,value
2009-01-05,2402,buy,0.01211338839128551,2.8527029661477376e-05,再平衡買進,decile,value
2009-01-05,2449,buy,0.01211338839128551,2.8527029661477376e-05,再平衡買進,decile,value
2009-01-05,2889,buy,0.01211338839128551,2.8527029661477376e-05,再平衡買進,decile,value
2009-01-05,2355,buy,0.01211338839128551,2.8527029661477376e-05,再平衡買進,decile,value
2009-01-05,2847,buy,0.01211338839128551,2.8527029661477376e-05,再平衡買進,decile,value
2009-01-05,2484,buy,0.01211338839128551,2.8527029661477376e-05,再平衡買進,decile,value
2009-01-05,5346,buy,0.01211338839128551,2.8527029661477376e-05,再平衡買進,decile,value
2009-01-05,6257,buy,0.01211338839128551,2.8527029661477376e-05,再平衡買進,decile,value
2010-01-04,1409,sell,0.0036478688930797545,1.2238600136282577e-05,再平衡減碼,decile,value
2010-01-04,2022,sell,0.014436929680080686,4.8435899076670704e-05,再平衡移出,decile,value
2010-01-04,2316,sell,0.009695111612154871,3.252709945877959e-05,再平衡減碼,decile,value
2010-01-04,2344,sell,0.03623153759716052,0.00012155680863847354,再平衡移出,decile,value
2010-01-04,6120,sell,0.09241968856987054,0.0003100680551519157,再平衡移出,decile,value
2010-01-04,1810,sell,0.021156194591217554,7.09790328535349e-05,再平衡移出,decile,value
2010-01-04,2025,sell,0.018632953655600564,6.251355951453989e-05,再平衡移出,decile,value
2010-01-04,2376,sell,0.004366088852215757,1.4648228099183865e-05,再平衡減碼,decile,value
2010-01-04,1609,sell,0.018985228816772497,6.369544268027173e-05,再平衡移出,decile,value
2010-01-04,2836,sell,0.017917312185167067,6.011258238123551e-05,再平衡移出,decile,value
2010-01-04,2204,sell,0.002975117118042492,9.98151793103256e-06,再平衡減碼,decile,value
2010-01-04,2331,sell,0.0034120954335210597,1.1447580179463156e-05,再平衡減碼,decile,value
2010-01-04,1608,sell,0.02710769378280985,9.094631264132706e-05,再平衡移出,decile,value
2010-01-04,2201,sell,0.03213882672902296,0.00010782576367587204,再平衡移出,decile,value
2010-01-04,2384,sell,0.05339587342940487,0.00017914315535565335,再平衡移出,decile,value
2010-01-04,3095,sell,0.04289333435835386,0.0001439071367722772,再平衡移出,decile,value
2010-01-04,2492,sell,0.008014040412214051,2.688710558297814e-05,再平衡減碼,decile,value
2010-01-04,3063,sell,0.043137994043246725,0.00014472797001509276,再平衡移出,decile,value
2010-01-04,2327,sell,0.0062210601080647,2.0871656662557067e-05,再平衡減碼,decile,value
2010-01-04,5512,sell,0.0443572820893249,0.00014881868140968502,再平衡移出,decile,value
2010-01-04,5387,sell,0.010454284130030543,3.507412325625248e-05,再平衡移出,decile,value
2010-01-04,6289,sell,0.03671592480099435,0.00012318192770733604,再平衡移出,decile,value
2010-01-04,8112,sell,0.05719547356971307,0.00019189081382638736,再平衡移出,decile,value
2010-01-04,1312,sell,0.043392418624470665,0.00014558156448509909,再平衡移出,decile,value
2010-01-04,2313,sell,0.002098598637327833,7.04079842823488e-06,再平衡減碼,decile,value
2010-01-04,3049,sell,0.09038304710034226,0.00030323512302164827,再平衡移出,decile,value
2010-01-04,5491,sell,0.023366226844382738,7.839369106290409e-05,再平衡減碼,decile,value
2010-01-04,2359,sell,0.0011123590737818559,3.7319646925381266e-06,再平衡減碼,decile,value
2010-01-04,6235,sell,0.022452254116352616,7.532731256036303e-05,再平衡移出,decile,value
2010-01-04,2369,sell,0.0326399078026748,0.00010950689067797395,再平衡移出,decile,value
2010-01-04,2402,sell,0.03698748256901157,0.0001240930040190338,再平衡移出,decile,value
2010-01-04,2355,sell,0.03650644244209272,0.00012247911439322107,再平衡移出,decile,value
2010-01-04,2847,sell,0.018331285589040614,6.150146315123125e-05,再平衡移出,decile,value
2010-01-04,5346,sell,0.01237150907374287,4.150641294240733e-05,再平衡移出,decile,value
2010-01-04,6257,sell,0.03660427764881589,0.00012280735151177732,再平衡移出,decile,value
2010-01-04,2887,buy,0.0018015510175895047,4.242652646423283e-06,再平衡買進,decile,value
2010-01-04,1618,buy,0.027511302709621845,6.478911788115944e-05,再平衡買進,decile,value
2010-01-04,2323,buy,0.008626310324237788,2.031496081357999e-05,再平衡買進,decile,value
2010-01-04,2312,buy,0.027511302709621845,6.478911788115944e-05,再平衡買進,decile,value
2010-01-04,1902,buy,0.027511302709621845,6.478911788115944e-05,再平衡買進,decile,value
2010-01-04,1605,buy,0.004659632853508108,1.0973435370011594e-05,再平衡買進,decile,value
2010-01-04,1718,buy,0.007820652769365031,1.8417637271854648e-05,再平衡買進,decile,value
2010-01-04,2614,buy,0.0034434470566099933,8.109317818316533e-06,再平衡買進,decile,value
2010-01-04,2820,buy,0.0030958128479980536,7.290639257035417e-06,再平衡買進,decile,value
2010-01-04,2475,buy,0.012723930438109836,2.9964856181748664e-05,再平衡買進,decile,value
2010-01-04,2515,buy,0.027511302709621845,6.478911788115944e-05,再平衡買進,decile,value
2010-01-04,2023,buy,0.027511302709621845,6.478911788115944e-05,再平衡買進,decile,value
2010-01-04,1504,buy,0.027511302709621845,6.478911788115944e-05,再平衡買進,decile,value
2010-01-04,5381,buy,0.027511302709621845,6.478911788115944e-05,再平衡買進,decile,value
2010-01-04,1103,buy,0.027511302709621845,6.478911788115944e-05,再平衡買進,decile,value
2010-01-04,2349,buy,0.003078124560456693,7.248983339875512e-06,再平衡買進,decile,value
2010-01-04,2443,buy,0.027511302709621845,6.478911788115944e-05,再平衡買進,decile,value
2010-01-04,2834,buy,0.027511302709621845,6.478911788115944e-05,再平衡買進,decile,value
2010-01-04,1904,buy,0.027511302709621845,6.478911788115944e-05,再平衡買進,decile,value
2010-01-04,1417,buy,0.0015817985349388664,3.7251355497810303e-06,再平衡買進,decile,value
2010-01-04,2315,buy,0.027511302709621845,6.478911788115944e-05,再平衡買進,decile,value
2010-01-04,6196,buy,0.027511302709621845,6.478911788115944e-05,再平衡買進,decile,value
2010-01-04,2889,buy,0.0033089099427857233,7.792482915260378e-06,再平衡買進,decile,value
2010-01-04,1229,buy,0.027511302709621845,6.478911788115944e-05,再平衡買進,decile,value
2010-01-04,2609,buy,0.027511302709621845,6.478911788115944e-05,再平衡買進,decile,value
2010-01-04,2206,buy,0.0008303349139566416,1.9554387223678906e-06,再平衡買進,decile,value
2010-01-04,2368,buy,0.003460519171237169,8.149522648263533e-06,再平衡買進,decile,value
2010-01-04,1440,buy,0.027511302709621845,6.478911788115944e-05,再平衡買進,decile,value
2010-01-04,2367,buy,0.027511302709621845,6.478911788115944e-05,再平衡買進,decile,value
2010-01-04,2380,buy,0.027511302709621845,6.478911788115944e-05,再平衡買進,decile,value
2010-01-04,2883,buy,0.027511302709621845,6.478911788115944e-05,再平衡買進,decile,value
2010-01-04,1434,buy,0.027511302709621845,6.478911788115944e-05,再平衡買進,decile,value
2010-01-04,2484,buy,0.004564295454329799,1.0748915794946676e-05,再平衡買進,decile,value
2010-01-04,1104,buy,0.027511302709621845,6.478911788115944e-05,再平衡買進,decile,value
2010-01-04,1451,buy,0.027511302709621845,6.478911788115944e-05,再平衡買進,decile,value
2010-01-04,6136,buy,0.027511302709621845,6.478911788115944e-05,再平衡買進,decile,value
2010-01-04,2377,buy,0.027511302709621845,6.478911788115944e-05,再平衡買進,decile,value
2010-01-04,2534,buy,0.027511302709621845,6.478911788115944e-05,再平衡買進,decile,value
2010-01-04,1444,buy,0.0005729280898846244,1.3492456516782903e-06,再平衡買進,decile,value
2010-01-04,1909,buy,0.027511302709621845,6.478911788115944e-05,再平衡買進,decile,value
2010-01-04,6116,buy,0.0044198200905210955,1.040867631317718e-05,再平衡買進,decile,value
2010-01-04,3009,buy,0.0020990244666623525,4.9432026189898405e-06,再平衡買進,decile,value
2010-01-04,2801,buy,0.027511302709621845,6.478911788115944e-05,再平衡買進,decile,value
2010-01-04,2449,buy,0.0024846738208033105,5.851406847991796e-06,再平衡買進,decile,value
2010-01-04,2884,buy,0.027511302709621845,6.478911788115944e-05,再平衡買進,decile,value
2010-01-04,2603,buy,0.027511302709621845,6.478911788115944e-05,再平衡買進,decile,value
2010-01-04,6214,buy,0.027511302709621845,6.478911788115944e-05,再平衡買進,decile,value
2010-01-04,4532,buy,0.027511302709621845,6.478911788115944e-05,再平衡買進,decile,value
2010-01-04,5820,buy,0.007341559520622584,1.7289372671066187e-05,再平衡買進,decile,value
2010-01-04,1313,buy,0.027511302709621845,6.478911788115944e-05,再平衡買進,decile,value
2010-03-05,3009,sell,0.026319190792932084,8.830088511028714e-05,下市出場,decile,value
2010-03-05,2349,buy,0.0004435468016519705,1.0445527178903905e-06,下市所得再分配,decile,value
2010-03-05,2887,buy,0.0004435468016519705,1.0445527178903905e-06,下市所得再分配,decile,value
2010-03-05,1409,buy,0.0004435468016519705,1.0445527178903905e-06,下市所得再分配,decile,value
2010-03-05,2323,buy,0.0004435468016519705,1.0445527178903905e-06,下市所得再分配,decile,value
2010-03-05,2316,buy,0.0004435468016519705,1.0445527178903905e-06,下市所得再分配,decile,value
2010-03-05,2820,buy,0.0004435468016519705,1.0445527178903905e-06,下市所得再分配,decile,value
2010-03-05,1605,buy,0.0004435468016519705,1.0445527178903905e-06,下市所得再分配,decile,value
2010-03-05,2376,buy,0.0004435468016519705,1.0445527178903905e-06,下市所得再分配,decile,value
2010-03-05,2204,buy,0.0004435468016519705,1.0445527178903905e-06,下市所得再分配,decile,value
2010-03-05,2614,buy,0.0004435468016519705,1.0445527178903905e-06,下市所得再分配,decile,value
2010-03-05,1444,buy,0.0004435468016519705,1.0445527178903905e-06,下市所得再分配,decile,value
2010-03-05,2331,buy,0.0004435468016519705,1.0445527178903905e-06,下市所得再分配,decile,value
2010-03-05,2492,buy,0.0004435468016519705,1.0445527178903905e-06,下市所得再分配,decile,value
2010-03-05,2327,buy,0.0004435468016519705,1.0445527178903905e-06,下市所得再分配,decile,value
2010-03-05,5820,buy,0.0004435468016519705,1.0445527178903905e-06,下市所得再分配,decile,value
2010-03-05,2313,buy,0.0004435468016519705,1.0445527178903905e-06,下市所得再分配,decile,value
2010-03-05,2475,buy,0.0004435468016519705,1.0445527178903905e-06,下市所得再分配,decile,value
2010-03-05,5491,buy,0.0004435468016519705,1.0445527178903905e-06,下市所得再分配,decile,value
2010-03-05,2359,buy,0.0004435468016519705,1.0445527178903905e-06,下市所得再分配,decile,value
2010-03-05,2206,buy,0.0004435468016519705,1.0445527178903905e-06,下市所得再分配,decile,value
2010-03-05,6116,buy,0.0004435468016519705,1.0445527178903905e-06,下市所得再分配,decile,value
2010-03-05,1718,buy,0.0004435468016519705,1.0445527178903905e-06,下市所得再分配,decile,value
2010-03-05,1417,buy,0.0004435468016519705,1.0445527178903905e-06,下市所得再分配,decile,value
2010-03-05,2368,buy,0.0004435468016519705,1.0445527178903905e-06,下市所得再分配,decile,value
2010-03-05,2449,buy,0.0004435468016519705,1.0445527178903905e-06,下市所得再分配,decile,value
2010-03-05,2889,buy,0.0004435468016519705,1.0445527178903905e-06,下市所得再分配,decile,value
2010-03-05,2484,buy,0.0004435468016519705,1.0445527178903905e-06,下市所得再分配,decile,value
2010-03-05,1618,buy,0.0004435468016519705,1.0445527178903905e-06,下市所得再分配,decile,value
2010-03-05,2312,buy,0.0004435468016519705,1.0445527178903905e-06,下市所得再分配,decile,value
2010-03-05,1902,buy,0.0004435468016519705,1.0445527178903905e-06,下市所得再分配,decile,value
2010-03-05,2515,buy,0.0004435468016519705,1.0445527178903905e-06,下市所得再分配,decile,value
2010-03-05,2023,buy,0.0004435468016519705,1.0445527178903905e-06,下市所得再分配,decile,value
2010-03-05,1504,buy,0.0004435468016519705,1.0445527178903905e-06,下市所得再分配,decile,value
2010-03-05,5381,buy,0.0004435468016519705,1.0445527178903905e-06,下市所得再分配,decile,value
2010-03-05,1103,buy,0.0004435468016519705,1.0445527178903905e-06,下市所得再分配,decile,value
2010-03-05,2443,buy,0.0004435468016519705,1.0445527178903905e-06,下市所得再分配,decile,value
2010-03-05,2834,buy,0.0004435468016519705,1.0445527178903905e-06,下市所得再分配,decile,value
2010-03-05,1904,buy,0.0004435468016519705,1.0445527178903905e-06,下市所得再分配,decile,value
2010-03-05,2315,buy,0.0004435468016519705,1.0445527178903905e-06,下市所得再分配,decile,value
2010-03-05,6196,buy,0.0004435468016519705,1.0445527178903905e-06,下市所得再分配,decile,value
2010-03-05,1229,buy,0.0004435468016519705,1.0445527178903905e-06,下市所得再分配,decile,value
2010-03-05,2609,buy,0.0004435468016519705,1.0445527178903905e-06,下市所得再分配,decile,value
2010-03-05,1440,buy,0.0004435468016519705,1.0445527178903905e-06,下市所得再分配,decile,value
2010-03-05,2367,buy,0.0004435468016519705,1.0445527178903905e-06,下市所得再分配,decile,value
2010-03-05,2380,buy,0.0004435468016519705,1.0445527178903905e-06,下市所得再分配,decile,value
2010-03-05,2883,buy,0.0004435468016519705,1.0445527178903905e-06,下市所得再分配,decile,value
2010-03-05,1434,buy,0.0004435468016519705,1.0445527178903905e-06,下市所得再分配,decile,value
2010-03-05,1104,buy,0.0004435468016519705,1.0445527178903905e-06,下市所得再分配,decile,value
2010-03-05,1451,buy,0.0004435468016519705,1.0445527178903905e-06,下市所得再分配,decile,value
2010-03-05,6136,buy,0.0004435468016519705,1.0445527178903905e-06,下市所得再分配,decile,value
2010-03-05,2377,buy,0.0004435468016519705,1.0445527178903905e-06,下市所得再分配,decile,value
2010-03-05,2534,buy,0.0004435468016519705,1.0445527178903905e-06,下市所得再分配,decile,value
2010-03-05,1909,buy,0.0004435468016519705,1.0445527178903905e-06,下市所得再分配,decile,value
2010-03-05,2801,buy,0.0004435468016519705,1.0445527178903905e-06,下市所得再分配,decile,value
2010-03-05,2884,buy,0.0004435468016519705,1.0445527178903905e-06,下市所得再分配,decile,value
2010-03-05,2603,buy,0.0004435468016519705,1.0445527178903905e-06,下市所得再分配,decile,value
2010-03-05,6214,buy,0.0004435468016519705,1.0445527178903905e-06,下市所得再分配,decile,value
2010-03-05,4532,buy,0.0004435468016519705,1.0445527178903905e-06,下市所得再分配,decile,value
2010-03-05,1313,buy,0.0004435468016519705,1.0445527178903905e-06,下市所得再分配,decile,value
2011-01-03,2887,sell,0.008128976246758526,2.727271530787486e-05,再平衡減碼,decile,value
2011-01-03,1409,sell,0.03982421171293884,0.0001336102302969098,再平衡移出,decile,value
2011-01-03,2316,sell,0.05011404650218339,0.00016813262601482527,再平衡移出,decile,value
2011-01-03,2820,sell,0.0005959563809184096,1.9994336579812643e-06,再平衡減碼,decile,value
2011-01-03,1605,sell,0.04156890770415494,0.0001394636853474398,再平衡移出,decile,value
2011-01-03,2204,sell,0.0018308994676244222,6.1426677138799365e-06,再平衡減碼,decile,value
2011-01-03,1444,sell,0.06112627306979239,0.00020507864614915347,再平衡移出,decile,value
2011-01-03,5820,sell,0.0784837426701585,0.0002633129566583817,再平衡移出,decile,value
2011-01-03,2313,sell,0.05044864440329531,0.00016925520197305576,再平衡移出,decile,value
2011-01-03,5491,sell,0.018441019774074856,6.186962134202114e-05,再平衡移出,decile,value
2011-01-03,2359,sell,0.025076375535078195,8.413123992018735e-05,再平衡移出,decile,value
2011-01-03,2206,sell,0.03750113746931315,0.0001258163162095456,再平衡移出,decile,value
2011-01-03,1718,sell,0.0630326020970964,0.0002114743800357584,再平衡移出,decile,value
2011-01-03,1417,sell,0.0027937663867111523,9.373086227415917e-06,再平衡減碼,decile,value
2011-01-03,2889,sell,0.003275972138739952,1.0990886525472539e-05,再平衡減碼,decile,value
2011-01-03,2484,sell,0.035402319357943995,0.0001187747814459021,再平衡移出,decile,value
2011-01-03,1902,sell,0.012287995950510167,4.122622641396161e-05,再平衡減碼,decile,value
2011-01-03,1504,sell,0.0053723221623617895,1.80241408547238e-05,再平衡減碼,decile,value
2011-01-03,5381,sell,0.02004861114664693,6.726309039700046e-05,再平衡移出,decile,value
2011-01-03,2443,sell,0.018088699752462172,6.0687587669510585e-05,再平衡移出,decile,value
2011-01-03,2834,sell,0.047878647088045775,0.00016063286098039358,再平衡移出,decile,value
2011-01-03,1229,sell,0.009383061949750734,3.148017284141371e-05,再平衡減碼,decile,value
2011-01-03,2609,sell,0.06733523581202612,0.00022590971614934764,再平衡移出,decile,value
2011-01-03,1440,sell,0.049819709440735646,0.0001671451251736681,再平衡移出,decile,value
2011-01-03,2367,sell,0.03918019434505704,0.00013144955202766637,再平衡移出,decile,value
2011-01-03,2883,sell,0.040729201901593806,0.00013664647237984724,再平衡移出,decile,value
2011-01-03,1451,sell,0.04257004340558056,0.00014282249562572278,再平衡移出,decile,value
2011-01-03,2534,sell,0.038348059186189054,0.0001286577385696643,再平衡移出,decile,value
2011-01-03,1909,sell,0.00033868623954662336,1.1362923336789215e-06,再平衡減碼,decile,value
2011-01-03,2801,sell,0.049129356173026974,0.0001648289899605055,再平衡移出,decile,value
2011-01-03,2884,sell,0.04455119032061751,0.00014946924352567174,再平衡移出,decile,value
2011-01-03,2603,sell,0.047871579959125624,0.00016060915076286647,再平衡移出,decile,value
2011-01-03,4532,sell,0.043359180760855716,0.00014547005145267093,再平衡移出,decile,value
2011-01-03,1313,sell,0.041916455916421916,0.00014062970959959553,再平衡移出,decile,value
2011-01-03,2475,buy,0.00501642222499888,1.1813674339872364e-05,再平衡買進,decile,value
2011-01-03,2323,buy,0.008730140964948608,2.0559481972453973e-05,再平衡買進,decile,value
2011-01-03,1618,buy,0.006871464902337299,1.618229984500434e-05,再平衡買進,decile,value
2011-01-03,2023,buy,0.008825732171538387,2.07845992639729e-05,再平衡買進,decile,value
2011-01-03,2331,buy,0.013995121639812601,3.295851146175868e-05,再平衡買進,decile,value
2011-01-03,1604,buy,0.03542474371446515,8.342527144756542e-05,再平衡買進,decile,value
2011-01-03,2315,buy,0.011518717512280598,2.7126579741420808e-05,再平衡買進,decile,value
2011-01-03,2312,buy,0.00363883057001025,8.569445992374139e-06,再平衡買進,decile,value
2011-01-03,2377,buy,0.011766166341969902,2.7709321735339117e-05,再平衡買進,decile,value
2011-01-03,2614,buy,0.0075181941327741,1.7705347182683004e-05,再平衡買進,decile,value
2011-01-03,6136,buy,0.003847602415879038,9.061103689395134e-06,再平衡買進,decile,value
2011-01-03,2349,buy,0.008295945484207538,1.953695161530875e-05,再平衡買進,decile,value
2011-01-03,1810,buy,0.03542474371446515,8.342527144756542e-05,再平衡買進,decile,value
2011-01-03,6116,buy,0.016203716638196742,3.815975268295333e-05,再平衡買進,decile,value
2011-01-03,1103,buy,0.007540346884118816,1.7757516912099814e-05,再平衡買進,decile,value
2011-01-03,6196,buy,0.00897558714078751,2.1137507716554587e-05,再平衡買進,decile,value
2011-01-03,2492,buy,0.00689918064024319,1.624757040777271e-05,再平衡買進,decile,value
2011-01-03,2515,buy,0.00016280375474144598,3.834028424161053e-07,再平衡買進,decile,value
2011-01-03,5466,buy,0.03542474371446515,8.342527144756542e-05,再平衡買進,decile,value
2011-01-03,2368,buy,0.008755738569688924,2.0619764331617414e-05,再平衡買進,decile,value
2011-01-03,1904,buy,0.002413204877298916,5.683097486038948e-06,再平衡買進,decile,value
2011-01-03,2344,buy,0.03542474371446515,8.342527144756542e-05,再平衡買進,decile,value
2011-01-03,3024,buy,0.03542474371446515,8.342527144756542e-05,再平衡買進,decile,value
2011-01-03,1104,buy,0.005303778100404378,1.249039742645231e-05,再平衡買進,decile,value
2011-01-03,2449,buy,0.007146343976124975,1.682964006377432e-05,再平衡買進,decile,value
2011-01-03,2836,buy,0.03542474371446515,8.342527144756542e-05,再平衡買進,decile,value
2011-01-03,2022,buy,0.03542474371446515,8.342527144756542e-05,再平衡買進,decile,value
2011-01-03,3005,buy,0.03542474371446515,8.342527144756542e-05,再平衡買進,decile,value
2011-01-03,8105,buy,0.03542474371446515,8.342527144756542e-05,再平衡買進,decile,value
2011-01-03,2017,buy,0.03542474371446515,8.342527144756542e-05,再平衡買進,decile,value
2011-01-03,6120,buy,0.03542474371446515,8.342527144756542e-05,再平衡買進,decile,value
2011-01-03,6191,buy,0.03542474371446515,8.342527144756542e-05,再平衡買進,decile,value
2011-01-03,5469,buy,0.03542474371446515,8.342527144756542e-05,再平衡買進,decile,value
2011-01-03,1434,buy,0.0023937925479881605,5.637381450512118e-06,再平衡買進,decile,value
2011-01-03,2376,buy,0.0040376421323926395,9.508647221784665e-06,再平衡買進,decile,value
2011-01-03,2409,buy,0.03542474371446515,8.342527144756542e-05,再平衡買進,decile,value
2011-01-03,3481,buy,0.03542474371446515,8.342527144756542e-05,再平衡買進,decile,value
2011-01-03,6125,buy,0.03542474371446515,8.342527144756542e-05,再平衡買進,decile,value
2011-01-03,2355,buy,0.03542474371446515,8.342527144756542e-05,再平衡買進,decile,value
2011-01-03,2380,buy,0.003326972617006964,7.8350205130514e-06,再平衡買進,decile,value
2011-01-03,2401,buy,0.03542474371446515,8.342527144756542e-05,再平衡買進,decile,value
2011-01-03,2402,buy,0.03542474371446515,8.342527144756542e-05,再平衡買進,decile,value
2011-01-03,6214,buy,0.008822406444608237,2.0776767177052397e-05,再平衡買進,decile,value
2011-01-03,2327,buy,0.0009086663394917496,2.13990922950307e-06,再平衡買進,decile,value
2011-01-03,2303,buy,0.03542474371446515,8.342527144756542e-05,再平衡買進,decile,value
2011-01-03,6016,buy,0.03542474371446515,8.342527144756542e-05,再平衡買進,decile,value
2011-01-03,6251,buy,0.03542474371446515,8.342527144756542e-05,再平衡買進,decile,value
2011-01-03,1907,buy,0.03542474371446515,8.342527144756542e-05,再平衡買進,decile,value
2011-01-03,6008,buy,0.03542474371446515,8.342527144756542e-05,再平衡買進,decile,value
2011-01-03,1309,buy,0.03542474371446515,8.342527144756542e-05,再平衡買進,decile,value
2011-01-03,1737,buy,0.03542474371446515,8.342527144756542e-05,再平衡買進,decile,value
2011-01-03,1608,buy,0.03542474371446515,8.342527144756542e-05,再平衡買進,decile,value
2012-01-02,2820,sell,0.0364840212498732,0.0001224038912933246,再平衡移出,decile,value
2012-01-02,2376,sell,0.02526360451660074,8.475939315319548e-05,再平衡移出,decile,value
2012-01-02,2204,sell,0.034307905972478646,0.00011510302453766586,再平衡移出,decile,value
2012-01-02,2614,sell,0.018314894622669095,6.144647145905481e-05,再平衡移出,decile,value
2012-01-02,1417,sell,0.024121615023685407,8.092801840446454e-05,再平衡移出,decile,value
2012-01-02,2449,sell,0.0013280327156316822,4.4555497609442935e-06,再平衡減碼,decile,value
2012-01-02,2889,sell,0.028993170719402835,9.72720877635965e-05,再平衡移出,decile,value
2012-01-02,1618,sell,0.01421342896812754,4.7686054188067896e-05,再平衡移出,decile,value
2012-01-02,2515,sell,0.0022155242736983105,7.433083938257832e-06,再平衡減碼,decile,value
2012-01-02,2023,sell,0.008798852950715908,2.952015164965187e-05,再平衡減碼,decile,value
2012-01-02,1504,sell,0.03350208361015155,0.00011239949051205844,再平衡移出,decile,value
2012-01-02,1103,sell,0.0012307696472781265,4.129232166618115e-06,再平衡減碼,decile,value
2012-01-02,1904,sell,0.02884699734984904,9.678167610874354e-05,再平衡移出,decile,value
2012-01-02,6196,sell,0.038059452316872085,0.00012768946252310584,再平衡移出,decile,value
2012-01-02,1229,sell,0.027591483537780813,9.256942726925463e-05,再平衡移出,decile,value
2012-01-02,2380,sell,0.021335825844413556,7.158169570800748e-05,再平衡移出,decile,value
2012-01-02,1434,sell,0.035806346695544326,0.00012013029316355122,再平衡移出,decile,value
2012-01-02,1104,sell,0.02603716771595748,8.735469768703734e-05,再平衡移出,decile,value
2012-01-02,6136,sell,0.032090642644622275,0.00010766410607270774,再平衡移出,decile,value
2012-01-02,2377,sell,0.0032836694237818216,1.1016710916788011e-05,再平衡減碼,decile,value
2012-01-02,1909,sell,0.02406088213543222,8.07242595643751e-05,再平衡移出,decile,value
2012-01-02,6214,sell,0.025372844845088057,8.512589445527044e-05,再平衡移出,decile,value
2012-01-02,1604,sell,0.008814305250684006,2.957199411604484e-05,再平衡減碼,decile,value
2012-01-02,1810,sell,0.019856088407607084,6.661717660752177e-05,再平衡移出,decile,value
2012-01-02,5466,sell,0.021215296541133088,7.117731989550151e-05,再平衡移出,decile,value
2012-01-02,3024,sell,0.027071377210353936,9.082447054073746e-05,再平衡移出,decile,value
2012-01-02,2836,sell,0.021038165195563816,7.058304423111661e-05,再平衡移出,decile,value
2012-01-02,3005,sell,0.027582887985537877,9.254058919147957e-05,再平衡移出,decile,value
2012-01-02,2017,sell,0.01920973117703167,6.444864809894126e-05,再平衡移出,decile,value
2012-01-02,6191,sell,0.0005951166948742932,1.996616511303254e-06,再平衡減碼,decile,value
2012-01-02,5469,sell,0.02019296615229769,6.774740144095875e-05,再平衡移出,decile,value
2012-01-02,2355,sell,0.02919807448746514,9.795953990544553e-05,再平衡移出,decile,value
2012-01-02,2402,sell,0.03813750307827882,0.00012795132282762543,再平衡移出,decile,value
2012-01-02,2303,sell,0.02983075662232656,0.0001000821884679056,再平衡移出,decile,value
2012-01-02,6016,sell,0.019195491096216037,6.440087262780481e-05,再平衡移出,decile,value
2012-01-02,1907,sell,0.030149212464374943,0.00010115060781797793,再平衡移出,decile,value
2012-01-02,6008,sell,0.02308661390293084,7.745558964433296e-05,再平衡移出,decile,value
2012-01-02,1309,sell,0.03303050517233814,0.00011081734485319446,再平衡移出,decile,value
2012-01-02,1737,sell,0.029993386446347792,0.00010062781152749684,再平衡移出,decile,value
2012-01-02,1608,sell,0.02118963008107965,7.109120892202222e-05,再平衡移出,decile,value
2012-01-02,2475,buy,0.013886153024253117,3.2701890372116094e-05,再平衡買進,decile,value
2012-01-02,5346,buy,0.023690780180344883,5.57917873247122e-05,再平衡買進,decile,value
2012-01-02,6116,buy,0.013948999253837592,3.2849893242787527e-05,再平衡買進,decile,value
2012-01-02,2331,buy,0.004089904266111066,9.63172454669156e-06,再平衡買進,decile,value
2012-01-02,2492,buy,0.008728551161595984,2.0555737985558543e-05,再平衡買進,decile,value
2012-01-02,3481,buy,0.012779908927023539,3.0096685523140435e-05,再平衡買進,decile,value
2012-01-02,8105,buy,0.010001192399506935,2.355280810083883e-05,再平衡買進,decile,value
2012-01-02,2887,buy,0.001327020465710111,3.1251331967473114e-06,再平衡買進,decile,value
2012-01-02,2323,buy,0.001985762312776952,4.676470246589722e-06,再平衡買進,decile,value
2012-01-02,2344,buy,0.006475496895231164,1.5249795188269392e-05,再平衡買進,decile,value
2012-01-02,2368,buy,0.0048343138273316336,1.1384809063365997e-05,再平衡買進,decile,value
2012-01-02,2349,buy,0.005456953966397483,1.2851126590866073e-05,再平衡買進,decile,value
2012-01-02,2022,buy,0.0032788541864240024,7.721701609028526e-06,再平衡買進,decile,value
2012-01-02,2315,buy,0.0005239434402088995,1.2338868016919584e-06,再平衡買進,decile,value
2012-01-02,6125,buy,0.0054502081644965256,1.2835240227389318e-05,再平衡買進,decile,value
2012-01-02,1605,buy,0.023690780180344883,5.57917873247122e-05,再平衡買進,decile,value
2012-01-02,2312,buy,0.0030864081857601457,7.268491277465143e-06,再平衡買進,decile,value
2012-01-02,3019,buy,0.023690780180344883,5.57917873247122e-05,再平衡買進,decile,value
2012-01-02,2327,buy,0.004260951591306395,1.0034540997526561e-05,再平衡買進,decile,value
2012-01-02,3576,buy,0.023690780180344883,5.57917873247122e-05,再平衡買進,decile,value
2012-01-02,6289,buy,0.023690780180344883,5.57917873247122e-05,再平衡買進,decile,value
2012-01-02,2409,buy,0.008239630674660834,1.940433023882626e-05,再平衡買進,decile,value
2012-01-02,3579,buy,0.023690780180344883,5.57917873247122e-05,再平衡買進,decile,value
2012-01-02,2352,buy,0.023690780180344883,5.57917873247122e-05,再平衡買進,decile,value
2012-01-02,3080,buy,0.023690780180344883,5.57917873247122e-05,再平衡買進,decile,value
2012-01-02,6120,buy,0.002263089153476623,5.329574956437448e-06,再平衡買進,decile,value
2012-01-02,2461,buy,0.023690780180344883,5.57917873247122e-05,再平衡買進,decile,value
2012-01-02,2401,buy,0.006215178128349354,1.4636744492262728e-05,再平衡買進,decile,value
2012-01-02,3703,buy,0.023690780180344883,5.57917873247122e-05,再平衡買進,decile,value
2012-01-02,6251,buy,0.002516455857754521,5.926253545011897e-06,再平衡買進,decile,value
2012-01-02,8163,buy,0.023690780180344883,5.57917873247122e-05,再平衡買進,decile,value
2012-01-02,1902,buy,0.004314029134448956,1.0159538611627291e-05,再平衡買進,decile,value
2012-01-02,3011,buy,0.023690780180344883,5.57917873247122e-05,再平衡買進,decile,value
2012-01-02,1609,buy,0.023690780180344883,5.57917873247122e-05,再平衡買進,decile,value
2012-01-02,2342,buy,0.023690780180344883,5.57917873247122e-05,再平衡買進,decile,value
2012-01-02,2847,buy,0.023690780180344883,5.57917873247122e-05,再平衡買進,decile,value
2012-01-02,3323,buy,0.023690780180344883,5.57917873247122e-05,再平衡買進,decile,value
2012-01-02,3474,buy,0.023690780180344883,5.57917873247122e-05,再平衡買進,decile,value
2012-01-02,3535,buy,0.023690780180344883,5.57917873247122e-05,再平衡買進,decile,value
2012-01-02,5475,buy,0.023690780180344883,5.57917873247122e-05,再平衡買進,decile,value
2012-01-02,5512,buy,0.023690780180344883,5.57917873247122e-05,再平衡買進,decile,value
2012-01-02,2371,buy,0.023690780180344883,5.57917873247122e-05,再平衡買進,decile,value
2012-01-02,3061,buy,0.023690780180344883,5.57917873247122e-05,再平衡買進,decile,value
2012-01-02,3294,buy,0.023690780180344883,5.57917873247122e-05,再平衡買進,decile,value
2012-01-02,3518,buy,0.023690780180344883,5.57917873247122e-05,再平衡買進,decile,value
2012-01-02,3686,buy,0.023690780180344883,5.57917873247122e-05,再平衡買進,decile,value
2012-01-02,2453,buy,0.023690780180344883,5.57917873247122e-05,再平衡買進,decile,value
2012-01-02,1409,buy,0.023690780180344883,5.57917873247122e-05,再平衡買進,decile,value
2012-01-02,6158,buy,0.023690780180344883,5.57917873247122e-05,再平衡買進,decile,value
2012-01-02,1447,buy,0.023690780180344883,5.57917873247122e-05,再平衡買進,decile,value
2012-01-02,2367,buy,0.023690780180344883,5.57917873247122e-05,再平衡買進,decile,value
2012-01-02,2390,buy,0.023690780180344883,5.57917873247122e-05,再平衡買進,decile,value
2012-01-02,2481,buy,0.023690780180344883,5.57917873247122e-05,再平衡買進,decile,value
2012-01-02,3452,buy,0.023690780180344883,5.57917873247122e-05,再平衡買進,decile,value
2012-12-10,5346,sell,0.00835938384045761,2.804573278473528e-05,下市出場,decile,value
2012-12-10,2349,buy,0.0001385293983946618,3.2623673321942854e-07,下市所得再分配,decile,value
2012-12-10,2887,buy,0.0001385293983946618,3.2623673321942854e-07,下市所得再分配,decile,value
2012-12-10,2323,buy,0.0001385293983946618,3.2623673321942854e-07,下市所得再分配,decile,value
2012-12-10,2331,buy,0.0001385293983946618,3.2623673321942854e-07,下市所得再分配,decile,value
2012-12-10,2492,buy,0.0001385293983946618,3.2623673321942854e-07,下市所得再分配,decile,value
2012-12-10,2327,buy,0.0001385293983946618,3.2623673321942854e-07,下市所得再分配,decile,value
2012-12-10,2475,buy,0.0001385293983946618,3.2623673321942854e-07,下市所得再分配,decile,value
2012-12-10,6116,buy,0.0001385293983946618,3.2623673321942854e-07,下市所得再分配,decile,value
2012-12-10,2368,buy,0.0001385293983946618,3.2623673321942854e-07,下市所得再分配,decile,value
2012-12-10,2449,buy,0.0001385293983946618,3.2623673321942854e-07,下市所得再分配,decile,value
2012-12-10,2312,buy,0.0001385293983946618,3.2623673321942854e-07,下市所得再分配,decile,value
2012-12-10,1902,buy,0.0001385293983946618,3.2623673321942854e-07,下市所得再分配,decile,value
2012-12-10,2515,buy,0.0001385293983946618,3.2623673321942854e-07,下市所得再分配,decile,value
2012-12-10,2023,buy,0.0001385293983946618,3.2623673321942854e-07,下市所得再分配,decile,value
2012-12-10,1103,buy,0.0001385293983946618,3.2623673321942854e-07,下市所得再分配,decile,value
2012-12-10,2315,buy,0.0001385293983946618,3.2623673321942854e-07,下市所得再分配,decile,value
2012-12-10,2377,buy,0.0001385293983946618,3.2623673321942854e-07,下市所得再分配,decile,value
2012-12-10,1604,buy,0.0001385293983946618,3.2623673321942854e-07,下市所得再分配,decile,value
2012-12-10,2344,buy,0.0001385293983946618,3.2623673321942854e-07,下市所得再分配,decile,value
2012-12-10,2022,buy,0.0001385293983946618,3.2623673321942854e-07,下市所得再分配,decile,value
2012-12-10,8105,buy,0.0001385293983946618,3.2623673321942854e-07,下市所得再分配,decile,value
2012-12-10,6120,buy,0.0001385293983946618,3.2623673321942854e-07,下市所得再分配,decile,value
2012-12-10,6191,buy,0.0001385293983946618,3.2623673321942854e-07,下市所得再分配,decile,value
2012-12-10,2409,buy,0.0001385293983946618,3.2623673321942854e-07,下市所得再分配,decile,value
2012-12-10,3481,buy,0.0001385293983946618,3.2623673321942854e-07,下市所得再分配,decile,value
2012-12-10,6125,buy,0.0001385293983946618,3.2623673321942854e-07,下市所得再分配,decile,value
2012-12-10,2401,buy,0.0001385293983946618,3.2623673321942854e-07,下市所得再分配,decile,value
2012-12-10,6251,buy,0.0001385293983946618,3.2623673321942854e-07,下市所得再分配,decile,value
2012-12-10,1605,buy,0.0001385293983946618,3.2623673321942854e-07,下市所得再分配,decile,value
2012-12-10,3019,buy,0.0001385293983946618,3.2623673321942854e-07,下市所得再分配,decile,value
2012-12-10,3576,buy,0.0001385293983946618,3.2623673321942854e-07,下市所得再分配,decile,value
2012-12-10,6289,buy,0.0001385293983946618,3.2623673321942854e-07,下市所得再分配,decile,value
2012-12-10,3579,buy,0.0001385293983946618,3.2623673321942854e-07,下市所得再分配,decile,value
2012-12-10,2352,buy,0.0001385293983946618,3.2623673321942854e-07,下市所得再分配,decile,value
2012-12-10,3080,buy,0.0001385293983946618,3.2623673321942854e-07,下市所得再分配,decile,value
2012-12-10,2461,buy,0.0001385293983946618,3.2623673321942854e-07,下市所得再分配,decile,value
2012-12-10,3703,buy,0.0001385293983946618,3.2623673321942854e-07,下市所得再分配,decile,value
2012-12-10,8163,buy,0.0001385293983946618,3.2623673321942854e-07,下市所得再分配,decile,value
2012-12-10,3011,buy,0.0001385293983946618,3.2623673321942854e-07,下市所得再分配,decile,value
2012-12-10,1609,buy,0.0001385293983946618,3.2623673321942854e-07,下市所得再分配,decile,value
2012-12-10,2342,buy,0.0001385293983946618,3.2623673321942854e-07,下市所得再分配,decile,value
2012-12-10,2847,buy,0.0001385293983946618,3.2623673321942854e-07,下市所得再分配,decile,value
2012-12-10,3323,buy,0.0001385293983946618,3.2623673321942854e-07,下市所得再分配,decile,value
2012-12-10,3474,buy,0.0001385293983946618,3.2623673321942854e-07,下市所得再分配,decile,value
2012-12-10,3535,buy,0.0001385293983946618,3.2623673321942854e-07,下市所得再分配,decile,value
2012-12-10,5475,buy,0.0001385293983946618,3.2623673321942854e-07,下市所得再分配,decile,value
2012-12-10,5512,buy,0.0001385293983946618,3.2623673321942854e-07,下市所得再分配,decile,value
2012-12-10,2371,buy,0.0001385293983946618,3.2623673321942854e-07,下市所得再分配,decile,value
2012-12-10,3061,buy,0.0001385293983946618,3.2623673321942854e-07,下市所得再分配,decile,value
2012-12-10,3294,buy,0.0001385293983946618,3.2623673321942854e-07,下市所得再分配,decile,value
2012-12-10,3518,buy,0.0001385293983946618,3.2623673321942854e-07,下市所得再分配,decile,value
2012-12-10,3686,buy,0.0001385293983946618,3.2623673321942854e-07,下市所得再分配,decile,value
2012-12-10,2453,buy,0.0001385293983946618,3.2623673321942854e-07,下市所得再分配,decile,value
2012-12-10,1409,buy,0.0001385293983946618,3.2623673321942854e-07,下市所得再分配,decile,value
2012-12-10,6158,buy,0.0001385293983946618,3.2623673321942854e-07,下市所得再分配,decile,value
2012-12-10,1447,buy,0.0001385293983946618,3.2623673321942854e-07,下市所得再分配,decile,value
2012-12-10,2367,buy,0.0001385293983946618,3.2623673321942854e-07,下市所得再分配,decile,value
2012-12-10,2390,buy,0.0001385293983946618,3.2623673321942854e-07,下市所得再分配,decile,value
2012-12-10,2481,buy,0.0001385293983946618,3.2623673321942854e-07,下市所得再分配,decile,value
2012-12-10,3452,buy,0.0001385293983946618,3.2623673321942854e-07,下市所得再分配,decile,value
2013-01-02,2887,sell,0.004062000599946186,1.3628012012819454e-05,再平衡減碼,decile,value
2013-01-02,2331,sell,0.018133627110004807,6.0838318954066123e-05,再平衡減碼,decile,value
2013-01-02,2327,sell,0.0022768968711031623,7.63898900255111e-06,再平衡減碼,decile,value
2013-01-02,2475,sell,0.018609076277350284,6.24334509105102e-05,再平衡移出,decile,value
2013-01-02,6116,sell,0.023533494949600515,7.895487555590973e-05,再平衡減碼,decile,value
2013-01-02,2449,sell,0.047893327176306594,0.00016068211267650863,再平衡移出,decile,value
2013-01-02,1902,sell,0.02575754023486613,8.641654748797586e-05,再平衡移出,decile,value
2013-01-02,2515,sell,0.0002763268886846852,9.270767115371189e-07,再平衡減碼,decile,value
2013-01-02,1103,sell,0.02931145939651068,9.833994627529333e-05,再平衡移出,decile,value
2013-01-02,2315,sell,0.0028240815339358044,9.474793546354623e-06,再平衡減碼,decile,value
2013-01-02,2377,sell,0.0025579673621719673,8.58198050008695e-06,再平衡減碼,decile,value
2013-01-02,1604,sell,0.02994103828194194,0.00010045218343591521,再平衡移出,decile,value
2013-01-02,2344,sell,0.003821832252240958,1.2822247206268416e-05,再平衡減碼,decile,value
2013-01-02,2022,sell,0.0008468712054739772,2.8412528943651934e-06,再平衡減碼,decile,value
2013-01-02,8105,sell,0.003538116930013005,1.1870382300193631e-05,再平衡減碼,decile,value
2013-01-02,6191,sell,0.02202536757872468,7.38951082266213e-05,再平衡移出,decile,value
2013-01-02,3481,sell,0.006251508128355562,2.097380977063291e-05,再平衡減碼,decile,value
2013-01-02,6125,sell,0.021228586696407616,7.122190836644756e-05,再平衡移出,decile,value
2013-01-02,6251,sell,0.02288520658878546,7.677986810537521e-05,再平衡移出,decile,value
2013-01-02,1605,sell,0.002269716026425554,7.614897268657735e-06,再平衡減碼,decile,value
2013-01-02,3019,sell,0.0017507157912612994,5.87365147968166e-06,再平衡減碼,decile,value
2013-01-02,3576,sell,0.023374828383467088,7.842254922653208e-05,再平衡移出,decile,value
2013-01-02,6289,sell,0.023126898393278066,7.759074410944791e-05,再平衡移出,decile,value
2013-01-02,2352,sell,0.0033301454841979036,1.1172638099483966e-05,再平衡減碼,decile,value
2013-01-02,2461,sell,0.029268499135331794,9.819581459903817e-05,再平衡移出,decile,value
2013-01-02,3703,sell,0.0010520989702086057,3.5297920450498724e-06,再平衡減碼,decile,value
2013-01-02,8163,sell,0.0045096559119152425,1.512989558447564e-05,再平衡減碼,decile,value
2013-01-02,3011,sell,0.024864754255904047,8.342125052855808e-05,再平衡移出,decile,value
2013-01-02,1609,sell,0.023491303487869396,7.881332320180182e-05,再平衡移出,decile,value
2013-01-02,2342,sell,0.04314479442220859,0.0001447507852865098,再平衡移出,decile,value
2013-01-02,2847,sell,0.0351839998460363,0.00011804231948345178,再平衡移出,decile,value
2013-01-02,3323,sell,0.0304993632498065,0.00010232536370310082,再平衡移出,decile,value
2013-01-02,3535,sell,0.026985155821032863,9.053519777956525e-05,再平衡移出,decile,value
2013-01-02,5475,sell,0.02678878036211845,8.98763581149074e-05,再平衡移出,decile,value
2013-01-02,5512,sell,0.03978233214573893,0.0001334697243489541,再平衡移出,decile,value
2013-01-02,3061,sell,0.001773558589885836,5.9502890690669805e-06,再平衡減碼,decile,value
2013-01-02,3294,sell,0.024248463892244998,8.135359635848197e-05,再平衡移出,decile,value
2013-01-02,3518,sell,0.03126246091812531,0.00010488555638031043,再平衡移出,decile,value
2013-01-02,2453,sell,0.029994184641585993,0.00010063048947252102,再平衡移出,decile,value
2013-01-02,1409,sell,0.028198511926509573,9.460600751343961e-05,再平衡移出,decile,value
2013-01-02,6158,sell,0.023806721312946495,7.98715500049355e-05,再平衡移出,decile,value
2013-01-02,1447,sell,0.02885956217374226,9.682383109290528e-05,再平衡移出,decile,value
2013-01-02,2390,sell,0.04377448428897861,0.00014686339478952324,再平衡移出,decile,value
2013-01-02,3452,sell,0.0240418441517406,8.066038712908971e-05,再平衡移出,decile,value
2013-01-02,2492,buy,0.0043538380130146055,1.0253288520649395e-05,再平衡買進,decile,value
2013-01-02,2323,buy,0.001954041629856105,4.601768038311127e-06,再平衡買進,decile,value
2013-01-02,2349,buy,0.004263517617368755,1.0040583988903417e-05,再平衡買進,decile,value
2013-01-02,3080,buy,0.005908486443104832,1.391448557351188e-05,再平衡買進,decile,value
2013-01-02,2368,buy,0.004422853454725536,1.0415819885878637e-05,再平衡買進,decile,value
2013-01-02,5466,buy,0.025729927670834058,6.0593979664814204e-05,再平衡買進,decile,value
2013-01-02,2312,buy,0.0003922836612911887,9.238280223407494e-07,再平衡買進,decile,value
2013-01-02,3579,buy,0.006628583240289948,1.5610313530882827e-05,再平衡買進,decile,value
2013-01-02,2405,buy,0.025729927670834058,6.0593979664814204e-05,再平衡買進,decile,value
2013-01-02,2371,buy,0.00197090782025831,4.6414879167083204e-06,再平衡買進,decile,value
2013-01-02,4934,buy,0.025729927670834058,6.0593979664814204e-05,再平衡買進,decile,value
2013-01-02,1618,buy,0.025729927670834058,6.0593979664814204e-05,再平衡買進,decile,value
2013-01-02,5469,buy,0.025729927670834058,6.0593979664814204e-05,再平衡買進,decile,value
2013-01-02,2401,buy,0.0034866219315171226,8.210994648722824e-06,再平衡買進,decile,value
2013-01-02,2367,buy,0.003593845863006352,8.46350700737996e-06,再平衡買進,decile,value
2013-01-02,2481,buy,0.0067894452511003366,1.5989143566341292e-05,再平衡買進,decile,value
2013-01-02,2614,buy,0.025729927670834058,6.0593979664814204e-05,再平衡買進,decile,value
2013-01-02,6015,buy,0.025729927670834058,6.0593979664814204e-05,再平衡買進,decile,value
2013-01-02,2023,buy,0.0005835116286498111,1.3741698854703051e-06,再平衡買進,decile,value
2013-01-02,4930,buy,0.025729927670834058,6.0593979664814204e-05,再平衡買進,decile,value
2013-01-02,6188,buy,0.025729927670834058,6.0593979664814204e-05,再平衡買進,decile,value
2013-01-02,1414,buy,0.025729927670834058,6.0593979664814204e-05,再平衡買進,decile,value
2013-01-02,1806,buy,0.025729927670834058,6.0593979664814204e-05,再平衡買進,decile,value
2013-01-02,8110,buy,0.025729927670834058,6.0593979664814204e-05,再平衡買進,decile,value
2013-01-02,3059,buy,0.025729927670834058,6.0593979664814204e-05,再平衡買進,decile,value
2013-01-02,6120,buy,0.0015320780567895306,3.6080438237393444e-06,再平衡買進,decile,value
2013-01-02,2883,buy,0.025729927670834058,6.0593979664814204e-05,再平衡買進,decile,value
2013-01-02,3686,buy,0.004603938474642737,1.0842275107783646e-05,再平衡買進,decile,value
2013-01-02,6182,buy,0.025729927670834058,6.0593979664814204e-05,再平衡買進,decile,value
2013-01-02,2017,buy,0.025729927670834058,6.0593979664814204e-05,再平衡買進,decile,value
2013-01-02,5425,buy,0.025729927670834058,6.0593979664814204e-05,再平衡買進,decile,value
2013-01-02,8107,buy,0.025729927670834058,6.0593979664814204e-05,再平衡買進,decile,value
2013-01-02,2527,buy,0.025729927670834058,6.0593979664814204e-05,再平衡買進,decile,value
2013-01-02,3514,buy,0.025729927670834058,6.0593979664814204e-05,再平衡買進,decile,value
2013-01-02,3519,buy,0.025729927670834058,6.0593979664814204e-05,再平衡買進,decile,value
2013-01-02,3548,buy,0.025729927670834058,6.0593979664814204e-05,再平衡買進,decile,value
2013-01-02,6214,buy,0.025729927670834058,6.0593979664814204e-05,再平衡買進,decile,value
2013-01-02,3474,buy,0.007350528369781471,1.7310494310835366e-05,再平衡買進,decile,value
2013-01-02,2409,buy,0.0007892658286598568,1.8587210264939629e-06,再平衡買進,decile,value
2013-01-02,3557,buy,0.025729927670834058,6.0593979664814204e-05,再平衡買進,decile,value
2013-01-02,3561,buy,0.025729927670834058,6.0593979664814204e-05,再平衡買進,decile,value
2013-01-02,8046,buy,0.025729927670834058,6.0593979664814204e-05,再平衡買進,decile,value
2013-01-02,6196,buy,0.025729927670834058,6.0593979664814204e-05,再平衡買進,decile,value
2013-01-02,1904,buy,0.025729927670834058,6.0593979664814204e-05,再平衡買進,decile,value
2013-01-02,2820,buy,0.025729927670834058,6.0593979664814204e-05,再平衡買進,decile,value
2013-01-02,2856,buy,0.025729927670834058,6.0593979664814204e-05,再平衡買進,decile,value
2013-01-02,3483,buy,0.025729927670834058,6.0593979664814204e-05,再平衡買進,decile,value
2013-01-21,3080,sell,0.02653739741487705,8.903296832691251e-05,下市出場,decile,value
2013-01-21,2349,buy,0.0004188289664593871,9.863422160118568e-07,下市所得再分配,decile,value
2013-01-21,2887,buy,0.0004188289664593871,9.863422160118568e-07,下市所得再分配,decile,value
2013-01-21,2323,buy,0.0004188289664593871,9.863422160118568e-07,下市所得再分配,decile,value
2013-01-21,2331,buy,0.0004188289664593871,9.863422160118568e-07,下市所得再分配,decile,value
2013-01-21,2492,buy,0.0004188289664593871,9.863422160118568e-07,下市所得再分配,decile,value
2013-01-21,2327,buy,0.0004188289664593871,9.863422160118568e-07,下市所得再分配,decile,value
2013-01-21,6116,buy,0.0004188289664593871,9.863422160118568e-07,下市所得再分配,decile,value
2013-01-21,2368,buy,0.0004188289664593871,9.863422160118568e-07,下市所得再分配,decile,value
2013-01-21,2312,buy,0.0004188289664593871,9.863422160118568e-07,下市所得再分配,decile,value
2013-01-21,2515,buy,0.0004188289664593871,9.863422160118568e-07,下市所得再分配,decile,value
2013-01-21,2023,buy,0.0004188289664593871,9.863422160118568e-07,下市所得再分配,decile,value
2013-01-21,2315,buy,0.0004188289664593871,9.863422160118568e-07,下市所得再分配,decile,value
2013-01-21,2377,buy,0.0004188289664593871,9.863422160118568e-07,下市所得再分配,decile,value
2013-01-21,2344,buy,0.0004188289664593871,9.863422160118568e-07,下市所得再分配,decile,value
2013-01-21,2022,buy,0.0004188289664593871,9.863422160118568e-07,下市所得再分配,decile,value
2013-01-21,8105,buy,0.0004188289664593871,9.863422160118568e-07,下市所得再分配,decile,value
2013-01-21,6120,buy,0.0004188289664593871,9.863422160118568e-07,下市所得再分配,decile,value
2013-01-21,2409,buy,0.0004188289664593871,9.863422160118568e-07,下市所得再分配,decile,value
2013-01-21,3481,buy,0.0004188289664593871,9.863422160118568e-07,下市所得再分配,decile,value
2013-01-21,2401,buy,0.0004188289664593871,9.863422160118568e-07,下市所得再分配,decile,value
2013-01-21,1605,buy,0.0004188289664593871,9.863422160118568e-07,下市所得再分配,decile,value
2013-01-21,3019,buy,0.0004188289664593871,9.863422160118568e-07,下市所得再分配,decile,value
2013-01-21,3579,buy,0.0004188289664593871,9.863422160118568e-07,下市所得再分配,decile,value
2013-01-21,2352,buy,0.0004188289664593871,9.863422160118568e-07,下市所得再分配,decile,value
2013-01-21,3703,buy,0.0004188289664593871,9.863422160118568e-07,下市所得再分配,decile,value
2013-01-21,8163,buy,0.0004188289664593871,9.863422160118568e-07,下市所得再分配,decile,value
2013-01-21,3474,buy,0.0004188289664593871,9.863422160118568e-07,下市所得再分配,decile,value
2013-01-21,2371,buy,0.0004188289664593871,9.863422160118568e-07,下市所得再分配,decile,value
2013-01-21,3061,buy,0.0004188289664593871,9.863422160118568e-07,下市所得再分配,decile,value
2013-01-21,3686,buy,0.0004188289664593871,9.863422160118568e-07,下市所得再分配,decile,value
2013-01-21,2367,buy,0.0004188289664593871,9.863422160118568e-07,下市所得再分配,decile,value
2013-01-21,2481,buy,0.0004188289664593871,9.863422160118568e-07,下市所得再分配,decile,value
2013-01-21,5466,buy,0.0004188289664593871,9.863422160118568e-07,下市所得再分配,decile,value
2013-01-21,2405,buy,0.0004188289664593871,9.863422160118568e-07,下市所得再分配,decile,value
2013-01-21,4934,buy,0.0004188289664593871,9.863422160118568e-07,下市所得再分配,decile,value
2013-01-21,1618,buy,0.0004188289664593871,9.863422160118568e-07,下市所得再分配,decile,value
2013-01-21,5469,buy,0.0004188289664593871,9.863422160118568e-07,下市所得再分配,decile,value
2013-01-21,2614,buy,0.0004188289664593871,9.863422160118568e-07,下市所得再分配,decile,value
2013-01-21,6015,buy,0.0004188289664593871,9.863422160118568e-07,下市所得再分配,decile,value
2013-01-21,4930,buy,0.0004188289664593871,9.863422160118568e-07,下市所得再分配,decile,value
2013-01-21,6188,buy,0.0004188289664593871,9.863422160118568e-07,下市所得再分配,decile,value
2013-01-21,1414,buy,0.0004188289664593871,9.863422160118568e-07,下市所得再分配,decile,value
2013-01-21,1806,buy,0.0004188289664593871,9.863422160118568e-07,下市所得再分配,decile,value
2013-01-21,8110,buy,0.0004188289664593871,9.863422160118568e-07,下市所得再分配,decile,value
2013-01-21,3059,buy,0.0004188289664593871,9.863422160118568e-07,下市所得再分配,decile,value
2013-01-21,2883,buy,0.0004188289664593871,9.863422160118568e-07,下市所得再分配,decile,value
2013-01-21,6182,buy,0.0004188289664593871,9.863422160118568e-07,下市所得再分配,decile,value
2013-01-21,2017,buy,0.0004188289664593871,9.863422160118568e-07,下市所得再分配,decile,value
2013-01-21,5425,buy,0.0004188289664593871,9.863422160118568e-07,下市所得再分配,decile,value
2013-01-21,8107,buy,0.0004188289664593871,9.863422160118568e-07,下市所得再分配,decile,value
2013-01-21,2527,buy,0.0004188289664593871,9.863422160118568e-07,下市所得再分配,decile,value
2013-01-21,3514,buy,0.0004188289664593871,9.863422160118568e-07,下市所得再分配,decile,value
2013-01-21,3519,buy,0.0004188289664593871,9.863422160118568e-07,下市所得再分配,decile,value
2013-01-21,3548,buy,0.0004188289664593871,9.863422160118568e-07,下市所得再分配,decile,value
2013-01-21,6214,buy,0.0004188289664593871,9.863422160118568e-07,下市所得再分配,decile,value
2013-01-21,3557,buy,0.0004188289664593871,9.863422160118568e-07,下市所得再分配,decile,value
2013-01-21,3561,buy,0.0004188289664593871,9.863422160118568e-07,下市所得再分配,decile,value
2013-01-21,8046,buy,0.0004188289664593871,9.863422160118568e-07,下市所得再分配,decile,value
2013-01-21,6196,buy,0.0004188289664593871,9.863422160118568e-07,下市所得再分配,decile,value
2013-01-21,1904,buy,0.0004188289664593871,9.863422160118568e-07,下市所得再分配,decile,value
2013-01-21,2820,buy,0.0004188289664593871,9.863422160118568e-07,下市所得再分配,decile,value
2013-01-21,2856,buy,0.0004188289664593871,9.863422160118568e-07,下市所得再分配,decile,value
2013-01-21,3483,buy,0.0004188289664593871,9.863422160118568e-07,下市所得再分配,decile,value
2013-08-30,2315,sell,0.02383965425159154,7.998204001408962e-05,下市出場,decile,value
2013-08-30,2349,buy,0.00038232015557519217,9.003639663795776e-07,下市所得再分配,decile,value
2013-08-30,2887,buy,0.00038232015557519217,9.003639663795776e-07,下市所得再分配,decile,value
2013-08-30,2323,buy,0.00038232015557519217,9.003639663795776e-07,下市所得再分配,decile,value
2013-08-30,2331,buy,0.00038232015557519217,9.003639663795776e-07,下市所得再分配,decile,value
2013-08-30,2492,buy,0.00038232015557519217,9.003639663795776e-07,下市所得再分配,decile,value
2013-08-30,2327,buy,0.00038232015557519217,9.003639663795776e-07,下市所得再分配,decile,value
2013-08-30,6116,buy,0.00038232015557519217,9.003639663795776e-07,下市所得再分配,decile,value
2013-08-30,2368,buy,0.00038232015557519217,9.003639663795776e-07,下市所得再分配,decile,value
2013-08-30,2312,buy,0.00038232015557519217,9.003639663795776e-07,下市所得再分配,decile,value
2013-08-30,2515,buy,0.00038232015557519217,9.003639663795776e-07,下市所得再分配,decile,value
2013-08-30,2023,buy,0.00038232015557519217,9.003639663795776e-07,下市所得再分配,decile,value
2013-08-30,2377,buy,0.00038232015557519217,9.003639663795776e-07,下市所得再分配,decile,value
2013-08-30,2344,buy,0.00038232015557519217,9.003639663795776e-07,下市所得再分配,decile,value
2013-08-30,2022,buy,0.00038232015557519217,9.003639663795776e-07,下市所得再分配,decile,value
2013-08-30,8105,buy,0.00038232015557519217,9.003639663795776e-07,下市所得再分配,decile,value
2013-08-30,6120,buy,0.00038232015557519217,9.003639663795776e-07,下市所得再分配,decile,value
2013-08-30,2409,buy,0.00038232015557519217,9.003639663795776e-07,下市所得再分配,decile,value
2013-08-30,3481,buy,0.00038232015557519217,9.003639663795776e-07,下市所得再分配,decile,value
2013-08-30,2401,buy,0.00038232015557519217,9.003639663795776e-07,下市所得再分配,decile,value
2013-08-30,1605,buy,0.00038232015557519217,9.003639663795776e-07,下市所得再分配,decile,value
2013-08-30,3019,buy,0.00038232015557519217,9.003639663795776e-07,下市所得再分配,decile,value
2013-08-30,3579,buy,0.00038232015557519217,9.003639663795776e-07,下市所得再分配,decile,value
2013-08-30,2352,buy,0.00038232015557519217,9.003639663795776e-07,下市所得再分配,decile,value
2013-08-30,3703,buy,0.00038232015557519217,9.003639663795776e-07,下市所得再分配,decile,value
2013-08-30,8163,buy,0.00038232015557519217,9.003639663795776e-07,下市所得再分配,decile,value
2013-08-30,3474,buy,0.00038232015557519217,9.003639663795776e-07,下市所得再分配,decile,value
2013-08-30,2371,buy,0.00038232015557519217,9.003639663795776e-07,下市所得再分配,decile,value
2013-08-30,3061,buy,0.00038232015557519217,9.003639663795776e-07,下市所得再分配,decile,value
2013-08-30,3686,buy,0.00038232015557519217,9.003639663795776e-07,下市所得再分配,decile,value
2013-08-30,2367,buy,0.00038232015557519217,9.003639663795776e-07,下市所得再分配,decile,value
2013-08-30,2481,buy,0.00038232015557519217,9.003639663795776e-07,下市所得再分配,decile,value
2013-08-30,5466,buy,0.00038232015557519217,9.003639663795776e-07,下市所得再分配,decile,value
2013-08-30,2405,buy,0.00038232015557519217,9.003639663795776e-07,下市所得再分配,decile,value
2013-08-30,4934,buy,0.00038232015557519217,9.003639663795776e-07,下市所得再分配,decile,value
2013-08-30,1618,buy,0.00038232015557519217,9.003639663795776e-07,下市所得再分配,decile,value
2013-08-30,5469,buy,0.00038232015557519217,9.003639663795776e-07,下市所得再分配,decile,value
2013-08-30,2614,buy,0.00038232015557519217,9.003639663795776e-07,下市所得再分配,decile,value
2013-08-30,6015,buy,0.00038232015557519217,9.003639663795776e-07,下市所得再分配,decile,value
2013-08-30,4930,buy,0.00038232015557519217,9.003639663795776e-07,下市所得再分配,decile,value
2013-08-30,6188,buy,0.00038232015557519217,9.003639663795776e-07,下市所得再分配,decile,value
2013-08-30,1414,buy,0.00038232015557519217,9.003639663795776e-07,下市所得再分配,decile,value
2013-08-30,1806,buy,0.00038232015557519217,9.003639663795776e-07,下市所得再分配,decile,value
2013-08-30,8110,buy,0.00038232015557519217,9.003639663795776e-07,下市所得再分配,decile,value
2013-08-30,3059,buy,0.00038232015557519217,9.003639663795776e-07,下市所得再分配,decile,value
2013-08-30,2883,buy,0.00038232015557519217,9.003639663795776e-07,下市所得再分配,decile,value
2013-08-30,6182,buy,0.00038232015557519217,9.003639663795776e-07,下市所得再分配,decile,value
2013-08-30,2017,buy,0.00038232015557519217,9.003639663795776e-07,下市所得再分配,decile,value
2013-08-30,5425,buy,0.00038232015557519217,9.003639663795776e-07,下市所得再分配,decile,value
2013-08-30,8107,buy,0.00038232015557519217,9.003639663795776e-07,下市所得再分配,decile,value
2013-08-30,2527,buy,0.00038232015557519217,9.003639663795776e-07,下市所得再分配,decile,value
2013-08-30,3514,buy,0.00038232015557519217,9.003639663795776e-07,下市所得再分配,decile,value
2013-08-30,3519,buy,0.00038232015557519217,9.003639663795776e-07,下市所得再分配,decile,value
2013-08-30,3548,buy,0.00038232015557519217,9.003639663795776e-07,下市所得再分配,decile,value
2013-08-30,6214,buy,0.00038232015557519217,9.003639663795776e-07,下市所得再分配,decile,value
2013-08-30,3557,buy,0.00038232015557519217,9.003639663795776e-07,下市所得再分配,decile,value
2013-08-30,3561,buy,0.00038232015557519217,9.003639663795776e-07,下市所得再分配,decile,value
2013-08-30,8046,buy,0.00038232015557519217,9.003639663795776e-07,下市所得再分配,decile,value
2013-08-30,6196,buy,0.00038232015557519217,9.003639663795776e-07,下市所得再分配,decile,value
2013-08-30,1904,buy,0.00038232015557519217,9.003639663795776e-07,下市所得再分配,decile,value
2013-08-30,2820,buy,0.00038232015557519217,9.003639663795776e-07,下市所得再分配,decile,value
2013-08-30,2856,buy,0.00038232015557519217,9.003639663795776e-07,下市所得再分配,decile,value
2013-08-30,3483,buy,0.00038232015557519217,9.003639663795776e-07,下市所得再分配,decile,value
2014-01-02,2887,sell,0.037032785361770564,0.00012424499488874024,再平衡移出,decile,value
2014-01-02,2331,sell,0.050535916779828646,0.0001695480007963251,再平衡移出,decile,value
2014-01-02,2492,sell,0.029786582798969355,9.993398529054218e-05,再平衡移出,decile,value
2014-01-02,6116,sell,0.08628584779233123,0.00028948901934327127,再平衡移出,decile,value
2014-01-02,2312,sell,0.04500360497123877,0.00015098709467850608,再平衡移出,decile,value
2014-01-02,2377,sell,0.04946940202813011,0.00016596984380437652,再平衡移出,decile,value
2014-01-02,2344,sell,0.008223613474733181,2.7590223207729824e-05,再平衡減碼,decile,value
2014-01-02,2022,sell,0.025284824440750985,8.483058599871956e-05,再平衡移出,decile,value
2014-01-02,6120,sell,0.019299083952329564,6.474842666006569e-05,再平衡移出,decile,value
2014-01-02,2401,sell,0.00022172278770278553,7.438799527428455e-07,再平衡減碼,decile,value
2014-01-02,3703,sell,0.0259603761477904,8.70970619758368e-05,再平衡移出,decile,value
2014-01-02,3474,sell,0.15585323403883436,0.0005228876002002893,再平衡移出,decile,value
2014-01-02,3686,sell,0.031019780958623996,0.0001040713651161835,再平衡移出,decile,value
2014-01-02,5466,sell,0.01802952517527124,6.048905696303501e-05,再平衡減碼,decile,value
2014-01-02,2405,sell,0.03211534534504145,0.00010774698363261406,再平衡移出,decile,value
2014-01-02,4934,sell,0.07335652027408406,0.00024611112551955203,再平衡移出,decile,value
2014-01-02,1618,sell,0.023484345092030363,7.878997778376187e-05,再平衡移出,decile,value
2014-01-02,5469,sell,0.023593862081297986,7.915740728275475e-05,再平衡移出,decile,value
2014-01-02,2614,sell,0.10060351638511816,0.00033752479747207147,再平衡移出,decile,value
2014-01-02,6015,sell,0.03913048422539105,0.00013128277457618697,再平衡移出,decile,value
2014-01-02,4930,sell,9.897198005978658e-05,3.3205099310058396e-07,再平衡減碼,decile,value
2014-01-02,6188,sell,0.04800326729039059,0.00016105096175926043,再平衡移出,decile,value
2014-01-02,1414,sell,0.029446072407698833,9.879157292782959e-05,再平衡移出,decile,value
2014-01-02,3059,sell,0.0024669196491666975,8.27651542295427e-06,再平衡減碼,decile,value
2014-01-02,2017,sell,0.023688537747899828,7.947504414420392e-05,再平衡移出,decile,value
2014-01-02,5425,sell,0.05980851167495933,0.00020065755666948855,再平衡移出,decile,value
2014-01-02,8107,sell,0.023414697524105212,7.855631019337299e-05,再平衡移出,decile,value
2014-01-02,2527,sell,0.03806212612733196,0.00012769843315719873,再平衡移出,decile,value
2014-01-02,3514,sell,0.03255957905880412,0.00010923738774228782,再平衡移出,decile,value
2014-01-02,3519,sell,0.03357026664526974,0.00011262824459487999,再平衡移出,decile,value
2014-01-02,6214,sell,0.05644485198782525,0.0001893724784191537,再平衡移出,decile,value
2014-01-02,3557,sell,0.022156283171702845,7.433433004106305e-05,再平衡移出,decile,value
2014-01-02,3561,sell,0.03786909221412237,0.00012705080437838055,再平衡移出,decile,value
2014-01-02,6196,sell,0.028641324355883402,9.609164321398881e-05,再平衡移出,decile,value
2014-01-02,1904,sell,0.03244734912179339,0.00010886085630361681,再平衡移出,decile,value
2014-01-02,2856,sell,0.030844318327139485,0.00010348268798755298,再平衡移出,decile,value
2014-01-02,3483,sell,0.019842243288047318,6.657072623139876e-05,再平衡移出,decile,value
2014-01-02,2323,buy,0.006693468768518708,1.576311894986156e-05,再平衡買進,decile,value
2014-01-02,3622,buy,0.033227990496505586,7.825191761927065e-05,再平衡買進,decile,value
2014-01-02,1605,buy,0.007975880112354734,1.8783197664595398e-05,再平衡買進,decile,value
2014-01-02,3481,buy,0.014995184723719083,3.531366002435844e-05,再平衡買進,decile,value
2014-01-02,2409,buy,0.014450676723149081,3.403134368301609e-05,再平衡買進,decile,value
2014-01-02,2371,buy,0.003650437704764826,8.596780794721166e-06,再平衡買進,decile,value
2014-01-02,2327,buy,0.0016376615183132937,3.856692875627807e-06,再平衡買進,decile,value
2014-01-02,8105,buy,0.006487012249490741,1.5276913847550696e-05,再平衡買進,decile,value
2014-01-02,2349,buy,6.283046019994742e-05,1.479657337708762e-07,再平衡買進,decile,value
2014-01-02,2380,buy,0.033227990496505586,7.825191761927065e-05,再平衡買進,decile,value
2014-01-02,2023,buy,0.007415149170459472,1.7462676296432057e-05,再平衡買進,decile,value
2014-01-02,2368,buy,0.0015155373725546442,3.5690905123661873e-06,再平衡買進,decile,value
2014-01-02,2613,buy,0.033227990496505586,7.825191761927065e-05,再平衡買進,decile,value
2014-01-02,3579,buy,0.0056264131484560186,1.3250202964613924e-05,再平衡買進,decile,value
2014-01-02,2384,buy,0.033227990496505586,7.825191761927065e-05,再平衡買進,decile,value
2014-01-02,1103,buy,0.033227990496505586,7.825191761927065e-05,再平衡買進,decile,value
2014-01-02,1524,buy,0.033227990496505586,7.825191761927065e-05,再平衡買進,decile,value
2014-01-02,3548,buy,0.004139503697241354,9.748531207003388e-06,再平衡買進,decile,value
2014-01-02,2316,buy,0.033227990496505586,7.825191761927065e-05,再平衡買進,decile,value
2014-01-02,3019,buy,0.004655966541190406,1.0964801204503406e-05,再平衡買進,decile,value
2014-01-02,3294,buy,0.033227990496505586,7.825191761927065e-05,再平衡買進,decile,value
2014-01-02,2515,buy,0.004476933175723362,1.0543177628828517e-05,再平衡買進,decile,value
2014-01-02,8046,buy,0.005263939675998679,1.2396577936976889e-05,再平衡買進,decile,value
2014-01-02,1409,buy,0.033227990496505586,7.825191761927065e-05,再平衡買進,decile,value
2014-01-02,1815,buy,0.033227990496505586,7.825191761927065e-05,再平衡買進,decile,value
2014-01-02,2367,buy,0.0026506218204957292,6.242214387267442e-06,再平衡買進,decile,value
2014-01-02,6125,buy,0.033227990496505586,7.825191761927065e-05,再平衡買進,decile,value
2014-01-02,1806,buy,0.0025277886001384385,5.952942153326023e-06,再平衡買進,decile,value
2014-01-02,1810,buy,0.033227990496505586,7.825191761927065e-05,再平衡買進,decile,value
2014-01-02,2303,buy,0.033227990496505586,7.825191761927065e-05,再平衡買進,decile,value
2014-01-02,2352,buy,0.007089595712319506,1.6695997902512436e-05,再平衡買進,decile,value
2014-01-02,3005,buy,0.033227990496505586,7.825191761927065e-05,再平衡買進,decile,value
2014-01-02,1718,buy,0.033227990496505586,7.825191761927065e-05,再平衡買進,decile,value
2014-01-02,2481,buy,0.0006675589193118406,1.5721012549793846e-06,再平衡買進,decile,value
2014-01-02,2820,buy,0.0035569520166140456,8.376621999126078e-06,再平衡買進,decile,value
2014-01-02,8069,buy,0.033227990496505586,7.825191761927065e-05,再平衡買進,decile,value
2014-01-02,1907,buy,0.033227990496505586,7.825191761927065e-05,再平衡買進,decile,value
2014-01-02,3037,buy,0.033227990496505586,7.825191761927065e-05,再平衡買進,decile,value
2014-01-02,2337,buy,0.033227990496505586,7.825191761927065e-05,再平衡買進,decile,value
2014-01-02,2353,buy,0.033227990496505586,7.825191761927065e-05,再平衡買進,decile,value
2014-01-02,8110,buy,0.00010773148786233366,2.537076539157958e-07,再平衡買進,decile,value
2014-01-02,8112,buy,0.033227990496505586,7.825191761927065e-05,再平衡買進,decile,value
2014-01-02,4942,buy,0.033227990496505586,7.825191761927065e-05,再平衡買進,decile,value
2014-01-02,5512,buy,0.033227990496505586,7.825191761927065e-05,再平衡買進,decile,value
2014-01-02,2365,buy,0.033227990496505586,7.825191761927065e-05,再平衡買進,decile,value
2014-01-02,3061,buy,0.009855361419852472,2.3209376143752573e-05,再平衡買進,decile,value
2014-01-02,5820,buy,0.033227990496505586,7.825191761927065e-05,再平衡買進,decile,value
2014-01-02,2504,buy,0.033227990496505586,7.825191761927065e-05,再平衡買進,decile,value
2014-01-02,1437,buy,0.033227990496505586,7.825191761927065e-05,再平衡買進,decile,value
2014-01-02,1604,buy,0.033227990496505586,7.825191761927065e-05,再平衡買進,decile,value
2014-01-02,2601,buy,0.033227990496505586,7.825191761927065e-05,再平衡買進,decile,value
2014-01-02,2834,buy,0.033227990496505586,7.825191761927065e-05,再平衡買進,decile,value
2014-01-02,8021,buy,0.033227990496505586,7.825191761927065e-05,再平衡買進,decile,value
2014-01-02,8249,buy,0.033227990496505586,7.825191761927065e-05,再平衡買進,decile,value
2014-01-02,2342,buy,0.033227990496505586,7.825191761927065e-05,再平衡買進,decile,value
2014-01-02,2402,buy,0.033227990496505586,7.825191761927065e-05,再平衡買進,decile,value
2014-01-02,2883,buy,0.0006138122883376576,1.4455279390351836e-06,再平衡買進,decile,value
2014-01-02,8163,buy,0.0029879986633651115,7.0367368522248374e-06,再平衡買進,decile,value
2014-01-02,1455,buy,0.033227990496505586,7.825191761927065e-05,再平衡買進,decile,value
2014-01-02,1569,buy,0.033227990496505586,7.825191761927065e-05,再平衡買進,decile,value
2014-01-02,2332,buy,0.033227990496505586,7.825191761927065e-05,再平衡買進,decile,value
2014-01-02,2637,buy,0.033227990496505586,7.825191761927065e-05,再平衡買進,decile,value
2014-01-02,6182,buy,0.003948059529166575,9.297680191187286e-06,再平衡買進,decile,value
2014-11-18,2384,sell,0.005715266085651758,1.917471771736165e-05,下市出場,decile,value
2014-11-18,2349,buy,8.610164529101234e-05,2.0276937466033404e-07,下市所得再分配,decile,value
2014-11-18,2323,buy,8.610164529101234e-05,2.0276937466033404e-07,下市所得再分配,decile,value
2014-11-18,2327,buy,8.610164529101234e-05,2.0276937466033404e-07,下市所得再分配,decile,value
2014-11-18,2368,buy,8.610164529101234e-05,2.0276937466033404e-07,下市所得再分配,decile,value
2014-11-18,2515,buy,8.610164529101234e-05,2.0276937466033404e-07,下市所得再分配,decile,value
2014-11-18,2023,buy,8.610164529101234e-05,2.0276937466033404e-07,下市所得再分配,decile,value
2014-11-18,2344,buy,8.610164529101234e-05,2.0276937466033404e-07,下市所得再分配,decile,value
2014-11-18,8105,buy,8.610164529101234e-05,2.0276937466033404e-07,下市所得再分配,decile,value
2014-11-18,2409,buy,8.610164529101234e-05,2.0276937466033404e-07,下市所得再分配,decile,value
2014-11-18,3481,buy,8.610164529101234e-05,2.0276937466033404e-07,下市所得再分配,decile,value
2014-11-18,2401,buy,8.610164529101234e-05,2.0276937466033404e-07,下市所得再分配,decile,value
2014-11-18,1605,buy,8.610164529101234e-05,2.0276937466033404e-07,下市所得再分配,decile,value
2014-11-18,3019,buy,8.610164529101234e-05,2.0276937466033404e-07,下市所得再分配,decile,value
2014-11-18,3579,buy,8.610164529101234e-05,2.0276937466033404e-07,下市所得再分配,decile,value
2014-11-18,2352,buy,8.610164529101234e-05,2.0276937466033404e-07,下市所得再分配,decile,value
2014-11-18,8163,buy,8.610164529101234e-05,2.0276937466033404e-07,下市所得再分配,decile,value
2014-11-18,2371,buy,8.610164529101234e-05,2.0276937466033404e-07,下市所得再分配,decile,value
2014-11-18,3061,buy,8.610164529101234e-05,2.0276937466033404e-07,下市所得再分配,decile,value
2014-11-18,2367,buy,8.610164529101234e-05,2.0276937466033404e-07,下市所得再分配,decile,value
2014-11-18,2481,buy,8.610164529101234e-05,2.0276937466033404e-07,下市所得再分配,decile,value
2014-11-18,5466,buy,8.610164529101234e-05,2.0276937466033404e-07,下市所得再分配,decile,value
2014-11-18,1806,buy,8.610164529101234e-05,2.0276937466033404e-07,下市所得再分配,decile,value
2014-11-18,8110,buy,8.610164529101234e-05,2.0276937466033404e-07,下市所得再分配,decile,value
2014-11-18,3059,buy,8.610164529101234e-05,2.0276937466033404e-07,下市所得再分配,decile,value
2014-11-18,2883,buy,8.610164529101234e-05,2.0276937466033404e-07,下市所得再分配,decile,value
2014-11-18,6182,buy,8.610164529101234e-05,2.0276937466033404e-07,下市所得再分配,decile,value
2014-11-18,3548,buy,8.610164529101234e-05,2.0276937466033404e-07,下市所得再分配,decile,value
2014-11-18,8046,buy,8.610164529101234e-05,2.0276937466033404e-07,下市所得再分配,decile,value
2014-11-18,2820,buy,8.610164529101234e-05,2.0276937466033404e-07,下市所得再分配,decile,value
2014-11-18,3622,buy,8.610164529101234e-05,2.0276937466033404e-07,下市所得再分配,decile,value
2014-11-18,2380,buy,8.610164529101234e-05,2.0276937466033404e-07,下市所得再分配,decile,value
2014-11-18,2613,buy,8.610164529101234e-05,2.0276937466033404e-07,下市所得再分配,decile,value
2014-11-18,1103,buy,8.610164529101234e-05,2.0276937466033404e-07,下市所得再分配,decile,value
2014-11-18,1524,buy,8.610164529101234e-05,2.0276937466033404e-07,下市所得再分配,decile,value
2014-11-18,2316,buy,8.610164529101234e-05,2.0276937466033404e-07,下市所得再分配,decile,value
2014-11-18,3294,buy,8.610164529101234e-05,2.0276937466033404e-07,下市所得再分配,decile,value
2014-11-18,1409,buy,8.610164529101234e-05,2.0276937466033404e-07,下市所得再分配,decile,value
2014-11-18,1815,buy,8.610164529101234e-05,2.0276937466033404e-07,下市所得再分配,decile,value
2014-11-18,6125,buy,8.610164529101234e-05,2.0276937466033404e-07,下市所得再分配,decile,value
2014-11-18,1810,buy,8.610164529101234e-05,2.0276937466033404e-07,下市所得再分配,decile,value
2014-11-18,2303,buy,8.610164529101234e-05,2.0276937466033404e-07,下市所得再分配,decile,value
2014-11-18,3005,buy,8.610164529101234e-05,2.0276937466033404e-07,下市所得再分配,decile,value
2014-11-18,1718,buy,8.610164529101234e-05,2.0276937466033404e-07,下市所得再分配,decile,value
2014-11-18,8069,buy,8.610164529101234e-05,2.0276937466033404e-07,下市所得再分配,decile,value
2014-11-18,1907,buy,8.610164529101234e-05,2.0276937466033404e-07,下市所得再分配,decile,value
2014-11-18,3037,buy,8.610164529101234e-05,2.0276937466033404e-07,下市所得再分配,decile,value
2014-11-18,2337,buy,8.610164529101234e-05,2.0276937466033404e-07,下市所得再分配,decile,value
2014-11-18,2353,buy,8.610164529101234e-05,2.0276937466033404e-07,下市所得再分配,decile,value
2014-11-18,8112,buy,8.610164529101234e-05,2.0276937466033404e-07,下市所得再分配,decile,value
2014-11-18,4942,buy,8.610164529101234e-05,2.0276937466033404e-07,下市所得再分配,decile,value
2014-11-18,5512,buy,8.610164529101234e-05,2.0276937466033404e-07,下市所得再分配,decile,value
2014-11-18,2365,buy,8.610164529101234e-05,2.0276937466033404e-07,下市所得再分配,decile,value
2014-11-18,5820,buy,8.610164529101234e-05,2.0276937466033404e-07,下市所得再分配,decile,value
2014-11-18,2504,buy,8.610164529101234e-05,2.0276937466033404e-07,下市所得再分配,decile,value
2014-11-18,1437,buy,8.610164529101234e-05,2.0276937466033404e-07,下市所得再分配,decile,value
2014-11-18,1604,buy,8.610164529101234e-05,2.0276937466033404e-07,下市所得再分配,decile,value
2014-11-18,2601,buy,8.610164529101234e-05,2.0276937466033404e-07,下市所得再分配,decile,value
2014-11-18,2834,buy,8.610164529101234e-05,2.0276937466033404e-07,下市所得再分配,decile,value
2014-11-18,8021,buy,8.610164529101234e-05,2.0276937466033404e-07,下市所得再分配,decile,value
2014-11-18,8249,buy,8.610164529101234e-05,2.0276937466033404e-07,下市所得再分配,decile,value
2014-11-18,2342,buy,8.610164529101234e-05,2.0276937466033404e-07,下市所得再分配,decile,value
2014-11-18,2402,buy,8.610164529101234e-05,2.0276937466033404e-07,下市所得再分配,decile,value
2014-11-18,1455,buy,8.610164529101234e-05,2.0276937466033404e-07,下市所得再分配,decile,value
2014-11-18,1569,buy,8.610164529101234e-05,2.0276937466033404e-07,下市所得再分配,decile,value
2014-11-18,2332,buy,8.610164529101234e-05,2.0276937466033404e-07,下市所得再分配,decile,value
2014-11-18,2637,buy,8.610164529101234e-05,2.0276937466033404e-07,下市所得再分配,decile,value
2014-12-23,3061,sell,0.031765316061894006,0.00010657263538765439,下市出場,decile,value
2014-12-23,2349,buy,0.0004785509432333272,1.1269874713144855e-06,下市所得再分配,decile,value
2014-12-23,2323,buy,0.0004785509432333272,1.1269874713144855e-06,下市所得再分配,decile,value
2014-12-23,2327,buy,0.0004785509432333272,1.1269874713144855e-06,下市所得再分配,decile,value
2014-12-23,2368,buy,0.0004785509432333272,1.1269874713144855e-06,下市所得再分配,decile,value
2014-12-23,2515,buy,0.0004785509432333272,1.1269874713144855e-06,下市所得再分配,decile,value
2014-12-23,2023,buy,0.0004785509432333272,1.1269874713144855e-06,下市所得再分配,decile,value
2014-12-23,2344,buy,0.0004785509432333272,1.1269874713144855e-06,下市所得再分配,decile,value
2014-12-23,8105,buy,0.0004785509432333272,1.1269874713144855e-06,下市所得再分配,decile,value
2014-12-23,2409,buy,0.0004785509432333272,1.1269874713144855e-06,下市所得再分配,decile,value
2014-12-23,3481,buy,0.0004785509432333272,1.1269874713144855e-06,下市所得再分配,decile,value
2014-12-23,2401,buy,0.0004785509432333272,1.1269874713144855e-06,下市所得再分配,decile,value
2014-12-23,1605,buy,0.0004785509432333272,1.1269874713144855e-06,下市所得再分配,decile,value
2014-12-23,3019,buy,0.0004785509432333272,1.1269874713144855e-06,下市所得再分配,decile,value
2014-12-23,3579,buy,0.0004785509432333272,1.1269874713144855e-06,下市所得再分配,decile,value
2014-12-23,2352,buy,0.0004785509432333272,1.1269874713144855e-06,下市所得再分配,decile,value
2014-12-23,8163,buy,0.0004785509432333272,1.1269874713144855e-06,下市所得再分配,decile,value
2014-12-23,2371,buy,0.0004785509432333272,1.1269874713144855e-06,下市所得再分配,decile,value
2014-12-23,2367,buy,0.0004785509432333272,1.1269874713144855e-06,下市所得再分配,decile,value
2014-12-23,2481,buy,0.0004785509432333272,1.1269874713144855e-06,下市所得再分配,decile,value
2014-12-23,5466,buy,0.0004785509432333272,1.1269874713144855e-06,下市所得再分配,decile,value
2014-12-23,4930,buy,0.0004785509432333272,1.1269874713144855e-06,下市所得再分配,decile,value
2014-12-23,1806,buy,0.0004785509432333272,1.1269874713144855e-06,下市所得再分配,decile,value
2014-12-23,8110,buy,0.0004785509432333272,1.1269874713144855e-06,下市所得再分配,decile,value
2014-12-23,3059,buy,0.0004785509432333272,1.1269874713144855e-06,下市所得再分配,decile,value
2014-12-23,2883,buy,0.0004785509432333272,1.1269874713144855e-06,下市所得再分配,decile,value
2014-12-23,6182,buy,0.0004785509432333272,1.1269874713144855e-06,下市所得再分配,decile,value
2014-12-23,3548,buy,0.0004785509432333272,1.1269874713144855e-06,下市所得再分配,decile,value
2014-12-23,8046,buy,0.0004785509432333272,1.1269874713144855e-06,下市所得再分配,decile,value
2014-12-23,2820,buy,0.0004785509432333272,1.1269874713144855e-06,下市所得再分配,decile,value
2014-12-23,3622,buy,0.0004785509432333272,1.1269874713144855e-06,下市所得再分配,decile,value
2014-12-23,2380,buy,0.0004785509432333272,1.1269874713144855e-06,下市所得再分配,decile,value
2014-12-23,2613,buy,0.0004785509432333272,1.1269874713144855e-06,下市所得再分配,decile,value
2014-12-23,1103,buy,0.0004785509432333272,1.1269874713144855e-06,下市所得再分配,decile,value
2014-12-23,1524,buy,0.0004785509432333272,1.1269874713144855e-06,下市所得再分配,decile,value
2014-12-23,2316,buy,0.0004785509432333272,1.1269874713144855e-06,下市所得再分配,decile,value
2014-12-23,3294,buy,0.0004785509432333272,1.1269874713144855e-06,下市所得再分配,decile,value
2014-12-23,1409,buy,0.0004785509432333272,1.1269874713144855e-06,下市所得再分配,decile,value
2014-12-23,1815,buy,0.0004785509432333272,1.1269874713144855e-06,下市所得再分配,decile,value
2014-12-23,6125,buy,0.0004785509432333272,1.1269874713144855e-06,下市所得再分配,decile,value
2014-12-23,1810,buy,0.0004785509432333272,1.1269874713144855e-06,下市所得再分配,decile,value
2014-12-23,2303,buy,0.0004785509432333272,1.1269874713144855e-06,下市所得再分配,decile,value
2014-12-23,3005,buy,0.0004785509432333272,1.1269874713144855e-06,下市所得再分配,decile,value
2014-12-23,1718,buy,0.0004785509432333272,1.1269874713144855e-06,下市所得再分配,decile,value
2014-12-23,8069,buy,0.0004785509432333272,1.1269874713144855e-06,下市所得再分配,decile,value
2014-12-23,1907,buy,0.0004785509432333272,1.1269874713144855e-06,下市所得再分配,decile,value
2014-12-23,3037,buy,0.0004785509432333272,1.1269874713144855e-06,下市所得再分配,decile,value
2014-12-23,2337,buy,0.0004785509432333272,1.1269874713144855e-06,下市所得再分配,decile,value
2014-12-23,2353,buy,0.0004785509432333272,1.1269874713144855e-06,下市所得再分配,decile,value
2014-12-23,8112,buy,0.0004785509432333272,1.1269874713144855e-06,下市所得再分配,decile,value
2014-12-23,4942,buy,0.0004785509432333272,1.1269874713144855e-06,下市所得再分配,decile,value
2014-12-23,5512,buy,0.0004785509432333272,1.1269874713144855e-06,下市所得再分配,decile,value
2014-12-23,2365,buy,0.0004785509432333272,1.1269874713144855e-06,下市所得再分配,decile,value
2014-12-23,5820,buy,0.0004785509432333272,1.1269874713144855e-06,下市所得再分配,decile,value
2014-12-23,2504,buy,0.0004785509432333272,1.1269874713144855e-06,下市所得再分配,decile,value
2014-12-23,1437,buy,0.0004785509432333272,1.1269874713144855e-06,下市所得再分配,decile,value
2014-12-23,1604,buy,0.0004785509432333272,1.1269874713144855e-06,下市所得再分配,decile,value
2014-12-23,2601,buy,0.0004785509432333272,1.1269874713144855e-06,下市所得再分配,decile,value
2014-12-23,2834,buy,0.0004785509432333272,1.1269874713144855e-06,下市所得再分配,decile,value
2014-12-23,8021,buy,0.0004785509432333272,1.1269874713144855e-06,下市所得再分配,decile,value
2014-12-23,8249,buy,0.0004785509432333272,1.1269874713144855e-06,下市所得再分配,decile,value
2014-12-23,2342,buy,0.0004785509432333272,1.1269874713144855e-06,下市所得再分配,decile,value
2014-12-23,2402,buy,0.0004785509432333272,1.1269874713144855e-06,下市所得再分配,decile,value
2014-12-23,1455,buy,0.0004785509432333272,1.1269874713144855e-06,下市所得再分配,decile,value
2014-12-23,1569,buy,0.0004785509432333272,1.1269874713144855e-06,下市所得再分配,decile,value
2014-12-23,2332,buy,0.0004785509432333272,1.1269874713144855e-06,下市所得再分配,decile,value
2014-12-23,2637,buy,0.0004785509432333272,1.1269874713144855e-06,下市所得再分配,decile,value
2015-01-05,2327,sell,0.15276108061290847,0.0005125134254563079,再平衡移出,decile,value
2015-01-05,2368,sell,0.08346145089694193,0.00028001316775924016,再平衡移出,decile,value
2015-01-05,2344,sell,0.046366718417634185,0.0001555603402911627,再平衡移出,decile,value
2015-01-05,8105,sell,0.008346288124709562,2.8001796658400583e-05,再平衡減碼,decile,value
2015-01-05,2409,sell,0.059718328482647784,0.00020035499205928333,再平衡移出,decile,value
2015-01-05,3481,sell,0.011650861998375485,3.908864200454975e-05,再平衡減碼,decile,value
2015-01-05,3019,sell,0.04568085423860501,0.0001532592659705198,再平衡移出,decile,value
2015-01-05,3579,sell,0.025560952379188356,8.575699523217694e-05,再平衡移出,decile,value
2015-01-05,2352,sell,0.06737614449394938,0.00022604696477720017,再平衡移出,decile,value
2015-01-05,2367,sell,0.0003980574349544963,1.335482694272335e-06,再平衡減碼,decile,value
2015-01-05,5466,sell,0.04230470031136181,0.00014193226954461888,再平衡移出,decile,value
2015-01-05,4930,sell,0.0545364028223259,0.0001829696314689034,再平衡移出,decile,value
2015-01-05,1806,sell,0.026134128540604838,8.768000125372924e-05,再平衡移出,decile,value
2015-01-05,8110,sell,0.046564441321308006,0.00015622370063298835,再平衡移出,decile,value
2015-01-05,3059,sell,0.05591460772172464,0.00018759350890638617,再平衡移出,decile,value
2015-01-05,2883,sell,0.038482128906074976,0.00012910754247988154,再平衡移出,decile,value
2015-01-05,3548,sell,0.004649537291575329,1.5599197613235228e-05,再平衡減碼,decile,value
2015-01-05,2380,sell,0.030094066824132244,0.00010096559419496368,再平衡移出,decile,value
2015-01-05,2613,sell,0.03265756441414908,0.00010956612860947017,再平衡移出,decile,value
2015-01-05,1103,sell,0.03227100006776651,0.00010826920522735664,再平衡移出,decile,value
2015-01-05,1524,sell,0.029911367648486297,0.00010035263846067153,再平衡移出,decile,value
2015-01-05,2316,sell,0.00011085896031783754,3.7193181186634496e-07,再平衡減碼,decile,value
2015-01-05,3294,sell,0.04697928265561836,0.0001576154933095996,再平衡移出,decile,value
2015-01-05,6125,sell,0.03547245541214888,0.00011901008790775948,再平衡移出,decile,value
2015-01-05,2303,sell,0.004694118653990942,1.574876808413961e-05,再平衡減碼,decile,value
2015-01-05,3005,sell,0.0005837916983684188,1.9586211480260452e-06,再平衡減碼,decile,value
2015-01-05,2337,sell,0.034983113926931056,0.00011736834722485368,再平衡移出,decile,value
2015-01-05,2353,sell,0.03983623091263096,0.00013365055471187688,再平衡移出,decile,value
2015-01-05,8112,sell,0.039870883576963126,0.0001337668144007113,再平衡移出,decile,value
2015-01-05,4942,sell,0.028019190626309236,9.400438455126749e-05,再平衡移出,decile,value
2015-01-05,2365,sell,0.03522885584028395,0.00011819281134415265,再平衡移出,decile,value
2015-01-05,1437,sell,0.033324032624306374,0.0001118021294545479,再平衡移出,decile,value
2015-01-05,1604,sell,0.000257869270393625,8.651514021706118e-07,再平衡減碼,decile,value
2015-01-05,8021,sell,0.047586654478824264,0.00015965322577645542,再平衡移出,decile,value
2015-01-05,8249,sell,0.04091273496041275,0.00013726222579218478,再平衡移出,decile,value
2015-01-05,2342,sell,0.041311687613706724,0.00013860071194398606,再平衡移出,decile,value
2015-01-05,2402,sell,0.06757243640507132,0.0002267055241390143,再平衡移出,decile,value
2015-01-05,1455,sell,0.030538842516886804,0.00010245781664415524,再平衡移出,decile,value
2015-01-05,1569,sell,0.03350824758558275,0.00011242017064963011,再平衡移出,decile,value
2015-01-05,2332,sell,0.03766364456770715,0.0001263615275246575,再平衡移出,decile,value
2015-01-05,2637,sell,0.0007634185834213547,2.561269347378645e-06,再平衡減碼,decile,value
2015-01-05,2323,buy,0.006046971529458593,1.4240617951874986e-05,再平衡買進,decile,value
2015-01-05,3622,buy,0.013417561432152336,3.1598357172718754e-05,再平衡買進,decile,value
2015-01-05,2349,buy,0.010594698527450847,2.4950515032146742e-05,再平衡買進,decile,value
2015-01-05,5469,buy,0.03778892129919425,8.899290965960245e-05,再平衡買進,decile,value
2015-01-05,3703,buy,0.03778892129919425,8.899290965960245e-05,再平衡買進,decile,value
2015-01-05,3706,buy,0.03778892129919425,8.899290965960245e-05,再平衡買進,decile,value
2015-01-05,1605,buy,0.0029736552528482063,7.002958120457525e-06,再平衡買進,decile,value
2015-01-05,2023,buy,0.0045066128740362185,1.0613073318355295e-05,再平衡買進,decile,value
2015-01-05,2371,buy,0.0013935913545131337,3.28190763987843e-06,再平衡買進,decile,value
2015-01-05,1907,buy,0.006592191412202485,1.552461077573685e-05,再平衡買進,decile,value
2015-01-05,2492,buy,0.03778892129919425,8.899290965960245e-05,再平衡買進,decile,value
2015-01-05,1718,buy,0.009174223527313272,2.1605296406822752e-05,再平衡買進,decile,value
2015-01-05,2515,buy,0.007250839240003654,1.7075726410208604e-05,再平衡買進,decile,value
2015-01-05,8069,buy,0.007928863050653615,1.8672472484289263e-05,再平衡買進,decile,value
2015-01-05,8163,buy,0.009356403083927666,2.2034329262649656e-05,再平衡買進,decile,value
2015-01-05,1810,buy,0.003450081239036479,8.124941317930908e-06,再平衡買進,decile,value
2015-01-05,2362,buy,0.03778892129919425,8.899290965960245e-05,再平衡買進,decile,value
2015-01-05,6120,buy,0.03778892129919425,8.899290965960245e-05,再平衡買進,decile,value
2015-01-05,2504,buy,0.007596817188050872,1.7890504477859802e-05,再平衡買進,decile,value
2015-01-05,1409,buy,0.0011749705557305493,2.7670556587454437e-06,再平衡買進,decile,value
2015-01-05,2841,buy,0.03778892129919425,8.899290965960245e-05,再平衡買進,decile,value
2015-01-05,1313,buy,0.03778892129919425,8.899290965960245e-05,再平衡買進,decile,value
2015-01-05,8046,buy,0.0007380625637554081,1.7381373376439862e-06,再平衡買進,decile,value
2015-01-05,2820,buy,0.0033898822552568056,7.983172711129777e-06,再平衡買進,decile,value
2015-01-05,6116,buy,0.03778892129919425,8.899290965960245e-05,再平衡買進,decile,value
2015-01-05,1815,buy,0.004801497256983409,1.1307526040195927e-05,再平衡買進,decile,value
2015-01-05,2601,buy,0.007441243335776667,1.752412805575405e-05,再平衡買進,decile,value
2015-01-05,2856,buy,0.03778892129919425,8.899290965960245e-05,再平衡買進,decile,value
2015-01-05,3514,buy,0.03778892129919425,8.899290965960245e-05,再平衡買進,decile,value
2015-01-05,1904,buy,0.03778892129919425,8.899290965960245e-05,再平衡買進,decile,value
2015-01-05,2363,buy,0.03778892129919425,8.899290965960245e-05,再平衡買進,decile,value
2015-01-05,2889,buy,0.03778892129919425,8.899290965960245e-05,再平衡買進,decile,value
2015-01-05,5820,buy,0.003767908435765417,8.873424366227557e-06,再平衡買進,decile,value
2015-01-05,5512,buy,0.0011791730786930507,2.776952600322134e-06,再平衡買進,decile,value
2015-01-05,3615,buy,0.03778892129919425,8.899290965960245e-05,再平衡買進,decile,value
2015-01-05,3686,buy,0.03778892129919425,8.899290965960245e-05,再平衡買進,decile,value
2015-01-05,6015,buy,0.03778892129919425,8.899290965960245e-05,再平衡買進,decile,value
2015-01-05,2374,buy,0.03778892129919425,8.899290965960245e-05,再平衡買進,decile,value
2015-01-05,2834,buy,0.002651101522811665,6.243344086221471e-06,再平衡買進,decile,value
2015-01-05,2405,buy,0.03778892129919425,8.899290965960245e-05,再平衡買進,decile,value
2015-01-05,1909,buy,0.03778892129919425,8.899290965960245e-05,再平衡買進,decile,value
2015-01-05,2204,buy,0.03778892129919425,8.899290965960245e-05,再平衡買進,decile,value
2015-01-05,2457,buy,0.03778892129919425,8.899290965960245e-05,再平衡買進,decile,value
2015-01-05,2481,buy,0.0016758130768603843,3.9465397960062056e-06,再平衡買進,decile,value
2015-01-05,6005,buy,0.03778892129919425,8.899290965960245e-05,再平衡買進,decile,value
2015-01-05,2401,buy,0.0006599440405854612,1.554168215578761e-06,再平衡買進,decile,value
2015-01-05,3037,buy,0.0012618077443524375,2.97155723794999e-06,再平衡買進,decile,value
2015-01-05,2359,buy,0.03778892129919425,8.899290965960245e-05,再平衡買進,decile,value
2015-01-05,2812,buy,0.03778892129919425,8.899290965960245e-05,再平衡買進,decile,value
2015-01-05,6182,buy,0.006122919871106643,1.4419476296456144e-05,再平衡買進,decile,value
2015-01-05,1229,buy,0.03778892129919425,8.899290965960245e-05,再平衡買進,decile,value
2015-01-05,1402,buy,0.03778892129919425,8.899290965960245e-05,再平衡買進,decile,value
2015-01-05,2847,buy,0.03778892129919425,8.899290965960245e-05,再平衡買進,decile,value
2015-01-05,5014,buy,0.03778892129919425,8.899290965960245e-05,再平衡買進,decile,value
2015-01-05,2506,buy,0.03778892129919425,8.899290965960245e-05,再平衡買進,decile,value
2015-01-05,2845,buy,0.03778892129919425,8.899290965960245e-05,再平衡買進,decile,value
2015-01-05,3704,buy,0.03778892129919425,8.899290965960245e-05,再平衡買進,decile,value
2015-01-05,2369,buy,0.03778892129919425,8.899290965960245e-05,再平衡買進,decile,value
2015-01-05,3202,buy,0.03778892129919425,8.899290965960245e-05,再平衡買進,decile,value
2015-01-05,5522,buy,0.03778892129919425,8.899290965960245e-05,再平衡買進,decile,value
2015-01-05,2025,buy,0.03778892129919425,8.899290965960245e-05,再平衡買進,decile,value
2007-01-02,2425,buy,99882.3884875559,235.22302488819415,再平衡買進,top10,momentum
2007-01-02,2601,buy,99882.3884875559,235.22302488819415,再平衡買進,top10,momentum
2007-01-02,2527,buy,99882.3884875559,235.22302488819415,再平衡買進,top10,momentum
2007-01-02,2506,buy,99882.3884875559,235.22302488819415,再平衡買進,top10,momentum
2007-01-02,2538,buy,99882.3884875559,235.22302488819415,再平衡買進,top10,momentum
2007-03-03,8068,buy,99647.71811140353,234.67037615235532,順延買進,top10,momentum
2007-03-03,3228,buy,99647.71811140353,234.67037615235532,順延買進,top10,momentum
2007-03-03,3083,buy,99647.71811140353,234.67037615235532,順延買進,top10,momentum
2007-03-03,6101,buy,99647.71811140353,234.67037615235532,順延買進,top10,momentum
2007-03-03,3085,buy,99647.71811140353,234.67037615235532,順延買進,top10,momentum
2008-01-02,2425,sell,26983.882968252165,90.53092735848601,再平衡移出,top10,momentum
2008-01-02,2601,sell,124399.33604423126,417.3597724283959,再平衡減碼,top10,momentum
2008-01-02,2527,sell,67680.53701038327,227.06820166983587,再平衡移出,top10,momentum
2008-01-02,2506,sell,46762.497107921605,156.888177797077,再平衡移出,top10,momentum
2008-01-02,2538,sell,85248.98212498582,286.0103350293274,再平衡移出,top10,momentum
2008-01-02,8068,sell,82162.4976448373,275.6551795984292,再平衡移出,top10,momentum
2008-01-02,3228,sell,54221.67447989607,181.9137178800513,再平衡移出,top10,momentum
2008-01-02,3083,sell,135522.02954070808,454.6764091090756,再平衡移出,top10,momentum
2008-01-02,6101,sell,87460.21781917827,293.42903078334314,再平衡移出,top10,momentum
2008-01-02,3085,sell,44740.99449008474,150.1060365142343,再平衡移出,top10,momentum
2008-01-02,2458,buy,83431.18749149202,196.4804465424637,再平衡買進,top10,momentum
2008-01-02,3443,buy,83431.18749149202,196.4804465424637,再平衡買進,top10,momentum
2008-01-02,1519,buy,83431.18749149202,196.4804465424637,再平衡買進,top10,momentum
2008-01-02,2707,buy,83431.18749149202,196.4804465424637,再平衡買進,top10,momentum
2008-01-02,2485,buy,83431.18749149202,196.4804465424637,再平衡買進,top10,momentum
2008-01-02,2497,buy,83431.18749149202,196.4804465424637,再平衡買進,top10,momentum
2008-01-02,2617,buy,83431.18749149202,196.4804465424637,再平衡買進,top10,momentum
2008-01-02,8105,buy,83431.18749149202,196.4804465424637,再平衡買進,top10,momentum
2008-01-02,2612,buy,83431.18749149202,196.4804465424637,再平衡買進,top10,momentum
2009-01-05,2601,sell,37134.9073589705,124.58761418934603,再平衡移出,top10,momentum
2009-01-05,2458,sell,32529.670608640816,109.13704489198994,再平衡移出,top10,momentum
2009-01-05,3443,sell,45989.36635628196,154.29432412532597,再平衡移出,top10,momentum
2009-01-05,1519,sell,45975.31138307085,154.24716969020272,再平衡移出,top10,momentum
2009-01-05,2707,sell,107807.18118796847,361.6930928856342,再平衡移出,top10,momentum
2009-01-05,2485,sell,36374.27715522979,122.03569985579595,再平衡移出,top10,momentum
2009-01-05,2497,sell,22177.71006979662,75.44427517449155,再平衡移出,top10,momentum
2009-01-05,2617,sell,63065.52867601731,211.58484870803807,再平衡移出,top10,momentum
2009-01-05,8105,sell,19913.605427428094,69.78401356857023,再平衡移出,top10,momentum
2009-01-05,2612,sell,51290.35879060933,172.0791537424943,再平衡移出,top10,momentum
2009-01-05,2033,buy,45962.06232095232,108.24065676584272,再平衡買進,top10,momentum
2009-01-05,1516,buy,45962.06232095232,108.24065676584272,再平衡買進,top10,momentum
2009-01-05,5607,buy,45962.06232095232,108.24065676584272,再平衡買進,top10,momentum
2009-01-05,2613,buy,45962.06232095232,108.24065676584272,再平衡買進,top10,momentum
2009-01-05,1227,buy,45962.06232095232,108.24065676584272,再平衡買進,top10,momentum
2009-01-05,1538,buy,45962.06232095232,108.24065676584272,再平衡買進,top10,momentum
2009-01-05,4120,buy,45962.06232095232,108.24065676584272,再平衡買進,top10,momentum
2009-01-05,4119,buy,45962.06232095232,108.24065676584272,再平衡買進,top10,momentum
2009-01-05,9939,buy,45962.06232095232,108.24065676584272,再平衡買進,top10,momentum
2009-01-05,9921,buy,45962.06232095232,108.24065676584272,再平衡買進,top10,momentum
2010-01-04,2033,sell,25661.4756489811,86.09425080233159,再平衡移出,top10,momentum
2010-01-04,1516,sell,32767.298689993575,109.93428710492844,再平衡移出,top10,momentum
2010-01-04,5607,sell,61978.70024470337,207.9385393209798,再平衡移出,top10,momentum
2010-01-04,2613,sell,45396.8713593972,152.3065034107776,再平衡移出,top10,momentum
2010-01-04,1227,sell,99828.84625457316,334.92577918409296,再平衡移出,top10,momentum
2010-01-04,1538,sell,93185.10895257816,312.6360405358997,再平衡移出,top10,momentum
2010-01-04,4120,sell,67402.1014406924,226.134050333523,再平衡移出,top10,momentum
2010-01-04,4119,sell,62771.82745610699,210.59948111523897,再平衡移出,top10,momentum
2010-01-04,9939,sell,79793.1382349457,267.7059787782428,再平衡移出,top10,momentum
2010-01-04,9921,sell,69083.32954038502,231.77457060799173,再平衡移出,top10,momentum
2010-01-04,2406,buy,63423.50248576231,149.36234835397022,再平衡買進,top10,momentum
2010-01-04,6143,buy,63423.50248576231,149.36234835397022,再平衡買進,top10,momentum
2010-01-04,6120,buy,63423.50248576231,149.36234835397022,再平衡買進,top10,momentum
2010-01-04,3533,buy,63423.50248576231,149.36234835397022,再平衡買進,top10,momentum
2010-01-04,2499,buy,63423.50248576231,149.36234835397022,再平衡買進,top10,momentum
2010-01-04,2455,buy,63423.50248576231,149.36234835397022,再平衡買進,top10,momentum
2010-01-04,6145,buy,63423.50248576231,149.36234835397022,再平衡買進,top10,momentum
2010-01-04,6169,buy,63423.50248576231,149.36234835397022,再平衡買進,top10,momentum
2010-01-04,3260,buy,63423.50248576231,149.36234835397022,再平衡買進,top10,momentum
2010-01-04,8069,buy,63423.50248576231,149.36234835397022,再平衡買進,top10,momentum
2011-01-03,2406,sell,85318.52562245855,286.24365346334844,再平衡移出,top10,momentum
2011-01-03,6143,sell,37174.15447736388,124.71928827155583,再平衡移出,top10,momentum
2011-01-03,6120,sell,42060.123426523576,141.1117140959866,再平衡移出,top10,momentum
2011-01-03,3533,sell,61106.924933455004,205.01373315174152,再平衡移出,top10,momentum
2011-01-03,2499,sell,54845.53338274751,184.00676449911788,再平衡移出,top10,momentum
2011-01-03,2455,sell,55512.250171268126,186.24359932460456,再平衡移出,top10,momentum
2011-01-03,6145,sell,33443.656893529835,112.20346887779259,再平衡移出,top10,momentum
2011-01-03,6169,sell,38487.77626486451,129.1264893686204,再平衡移出,top10,momentum
2011-01-03,3260,sell,31409.803924836546,105.37989216782661,再平衡移出,top10,momentum
2011-01-03,8069,sell,45635.16512006934,153.10597897783262,再平衡移出,top10,momentum
2011-01-03,8287,buy,48223.1105381744,113.56542531740071,再平衡買進,top10,momentum
2011-01-03,3406,buy,48223.1105381744,113.56542531740071,再平衡買進,top10,momentum
2011-01-03,5356,buy,48223.1105381744,113.56542531740071,再平衡買進,top10,momentum
2011-01-03,5530,buy,48223.1105381744,113.56542531740071,再平衡買進,top10,momentum
2011-01-03,1466,buy,48223.1105381744,113.56542531740071,再平衡買進,top10,momentum
2011-01-03,6175,buy,48223.1105381744,113.56542531740071,再平衡買進,top10,momentum
2011-01-03,2049,buy,48223.1105381744,113.56542531740071,再平衡買進,top10,momentum
2011-01-03,3206,buy,48223.1105381744,113.56542531740071,再平衡買進,top10,momentum
2011-01-03,1213,buy,48223.1105381744,113.56542531740071,再平衡買進,top10,momentum
2011-01-03,4725,buy,48223.1105381744,113.56542531740071,再平衡買進,top10,momentum
2012-01-02,8287,sell,22082.307861619585,75.20576965404896,再平衡移出,top10,momentum
2012-01-02,3406,sell,29470.70055328482,98.87420035627056,再平衡移出,top10,momentum
2012-01-02,5356,sell,29392.695589189796,98.61249370173178,再平衡移出,top10,momentum
2012-01-02,5530,sell,41447.444067866374,139.0561748476917,再平衡移出,top10,momentum
2012-01-02,1466,sell,23556.66125344907,79.03259850532163,再平衡移出,top10,momentum
2012-01-02,6175,sell,32642.81966999859,109.51665999284526,再平衡移出,top10,momentum
2012-01-02,2049,sell,47007.02802564394,157.7085790260354,再平衡減碼,top10,momentum
2012-01-02,3206,sell,25320.546392603675,84.95043314718534,再平衡移出,top10,momentum
2012-01-02,1213,sell,32714.658040076825,109.75767772445775,再平衡移出,top10,momentum
2012-01-02,4725,sell,39899.09518075327,133.86146433142721,再平衡移出,top10,momentum
2012-01-02,6107,buy,35743.31123351164,84.1754979549199,再平衡買進,top10,momentum
2012-01-02,3126,buy,35743.31123351164,84.1754979549199,再平衡買進,top10,momentum
2012-01-02,6276,buy,35743.31123351164,84.1754979549199,再平衡買進,top10,momentum
2012-01-02,8078,buy,35743.31123351164,84.1754979549199,再平衡買進,top10,momentum
2012-01-02,5398,buy,35743.31123351164,84.1754979549199,再平衡買進,top10,momentum
2012-01-02,1724,buy,35743.31123351164,84.1754979549199,再平衡買進,top10,momentum
2012-01-02,6176,buy,35743.31123351164,84.1754979549199,再平衡買進,top10,momentum
2012-01-02,2114,buy,35743.31123351164,84.1754979549199,再平衡買進,top10,momentum
2012-01-02,2450,buy,35743.31123351164,84.1754979549199,再平衡買進,top10,momentum
2013-01-02,6107,sell,27734.60021761444,93.04958373009644,停牌於選股日，視同下市,top10,momentum
2013-01-02,2049,sell,34511.532475736,115.78619145609427,再平衡移出,top10,momentum
2013-01-02,3126,sell,9961.411152877152,44.903527882192876,再平衡移出,top10,momentum
2013-01-02,6276,sell,61468.38599862487,206.22643502538645,再平衡移出,top10,momentum
2013-01-02,8078,sell,25820.394618889408,86.62742394637397,再平衡移出,top10,momentum
2013-01-02,5398,sell,21024.893473154938,72.56223368288735,再平衡移出,top10,momentum
2013-01-02,1724,sell,35978.91560231664,120.70926184577233,再平衡移出,top10,momentum
2013-01-02,6176,sell,55361.34073102678,185.73729815259486,再平衡移出,top10,momentum
2013-01-02,2114,sell,61370.991528489416,205.899676578082,再平衡移出,top10,momentum
2013-01-02,2450,sell,40296.53295608349,135.1948680676601,再平衡移出,top10,momentum
2013-01-02,3176,buy,37138.76842580184,87.46179964276334,再平衡買進,top10,momentum
2013-01-02,3373,buy,37138.76842580184,87.46179964276334,再平衡買進,top10,momentum
2013-01-02,5306,buy,37138.76842580184,87.46179964276334,再平衡買進,top10,momentum
2013-01-02,1566,buy,37138.76842580184,87.46179964276334,再平衡買進,top10,momentum
2013-01-02,2314,buy,37138.76842580184,87.46179964276334,再平衡買進,top10,momentum
2013-01-02,4912,buy,37138.76842580184,87.46179964276334,再平衡買進,top10,momentum
2013-01-02,3587,buy,37138.76842580184,87.46179964276334,再平衡買進,top10,momentum
2013-01-02,4933,buy,37138.76842580184,87.46179964276334,再平衡買進,top10,momentum
2013-01-02,1476,buy,37138.76842580184,87.46179964276334,再平衡買進,top10,momentum
2013-01-02,1781,buy,37138.76842580184,87.46179964276334,再平衡買進,top10,momentum
2014-01-02,3176,sell,48827.26665410548,163.81547962452387,再平衡移出,top10,momentum
2014-01-02,3373,sell,18686.328578768676,66.7158214469217,再平衡移出,top10,momentum
2014-01-02,5306,sell,96917.76947172014,325.15911657762103,再平衡移出,top10,momentum
2014-01-02,1566,sell,27793.59399442692,93.24750785130232,再平衡移出,top10,momentum
2014-01-02,2314,sell,48433.55238905249,162.4945682652711,再平衡移出,top10,momentum
2014-01-02,4912,sell,34512.82556270877,115.79052976288793,再平衡移出,top10,momentum
2014-01-02,3587,sell,50200.092978553315,168.42131194304636,再平衡移出,top10,momentum
2014-01-02,4933,sell,25703.604378055425,86.23559268837595,再平衡移出,top10,momentum
2014-01-02,1476,sell,70738.15524722188,237.3265108544294,再平衡減碼,top10,momentum
2014-01-02,1781,sell,32723.89653091893,109.78867286123301,再平衡移出,top10,momentum
2014-01-02,3474,buy,50215.97367905876,118.25861801418338,再平衡買進,top10,momentum
2014-01-02,4401,buy,50215.97367905876,118.25861801418338,再平衡買進,top10,momentum
2014-01-02,3229,buy,50215.97367905876,118.25861801418338,再平衡買進,top10,momentum
2014-01-02,6116,buy,50215.97367905876,118.25861801418338,再平衡買進,top10,momentum
2014-01-02,4703,buy,50215.97367905876,118.25861801418338,再平衡買進,top10,momentum
2014-01-02,3498,buy,50215.97367905876,118.25861801418338,再平衡買進,top10,momentum
2014-01-02,3570,buy,50215.97367905876,118.25861801418338,再平衡買進,top10,momentum
2014-01-02,3665,buy,50215.97367905876,118.25861801418338,再平衡買進,top10,momentum
2014-01-02,2439,buy,50215.97367905876,118.25861801418338,再平衡買進,top10,momentum
2015-01-05,1476,sell,51051.74027955287,171.27858863789987,再平衡移出,top10,momentum
2015-01-05,3474,sell,111845.30105008608,375.24098502303883,再平衡移出,top10,momentum
2015-01-05,4401,sell,39282.59536700786,131.79310745631136,再平衡移出,top10,momentum
2015-01-05,3229,sell,47703.45794324942,160.0451013996018,再平衡移出,top10,momentum
2015-01-05,6116,sell,42380.053524911804,142.18507957607912,再平衡移出,top10,momentum
2015-01-05,4703,sell,60954.30048197321,204.5016781170201,再平衡移出,top10,momentum
2015-01-05,3498,sell,27638.54566365116,92.72732070154964,再平衡移出,top10,momentum
2015-01-05,3570,sell,35531.96107516319,119.2097294071725,再平衡移出,top10,momentum
2015-01-05,3665,sell,47178.83865459882,158.28500368617904,再平衡移出,top10,momentum
2015-01-05,2439,sell,35386.20718586553,118.72072510857886,再平衡移出,top10,momentum
2015-01-05,2408,buy,49611.067327139244,116.83406355541292,再平衡買進,top10,momentum
2015-01-05,3520,buy,49611.067327139244,116.83406355541292,再平衡買進,top10,momentum
2015-01-05,3232,buy,49611.067327139244,116.83406355541292,再平衡買進,top10,momentum
2015-01-05,5269,buy,49611.067327139244,116.83406355541292,再平衡買進,top10,momentum
2015-01-05,3490,buy,49611.067327139244,116.83406355541292,再平衡買進,top10,momentum
2015-01-05,6259,buy,49611.067327139244,116.83406355541292,再平衡買進,top10,momentum
2015-01-05,2327,buy,49611.067327139244,116.83406355541292,再平衡買進,top10,momentum
2015-01-05,3529,buy,49611.067327139244,116.83406355541292,再平衡買進,top10,momentum
2015-01-05,5202,buy,49611.067327139244,116.83406355541292,再平衡買進,top10,momentum
2015-01-05,5263,buy,49611.067327139244,116.83406355541292,再平衡買進,top10,momentum
2007-01-02,3025,buy,99952.9221736562,235.38913171896036,再平衡買進,top10,size
2007-01-02,2543,buy,99952.9221736562,235.38913171896036,再平衡買進,top10,size
2007-03-03,3086,buy,99718.0860809356,234.83609272060335,順延買進,top10,size
2007-03-03,8088,buy,99718.0860809356,234.83609272060335,順延買進,top10,size
2007-03-03,6179,buy,99718.0860809356,234.83609272060335,順延買進,top10,size
2007-03-03,8277,buy,99718.0860809356,234.83609272060335,順延買進,top10,size
2007-03-03,8096,buy,99718.0860809356,234.83609272060335,順延買進,top10,size
2007-03-03,6167,buy,99718.0860809356,234.83609272060335,順延買進,top10,size
2007-03-03,6101,buy,99718.0860809356,234.83609272060335,順延買進,top10,size
2007-03-03,6190,buy,99718.0860809356,234.83609272060335,順延買進,top10,size
2008-01-02,3025,sell,73973.48551809828,248.18104391321975,再平衡移出,top10,size
2008-01-02,2543,sell,71390.1404222397,239.5139211166142,再平衡移出,top10,size
2008-01-02,3086,sell,60749.27496022432,203.81381749155258,再平衡移出,top10,size
2008-01-02,8088,sell,52902.328030616285,177.48731054271764,再平衡移出,top10,size
2008-01-02,6179,sell,83489.50054384825,280.1072743246109,再平衡移出,top10,size
2008-01-02,8277,sell,52402.544314406856,175.81053617483502,再平衡移出,top10,size
2008-01-02,8096,sell,79348.98132069205,266.21583233092184,再平衡移出,top10,size
2008-01-02,6167,sell,83703.00949965384,280.8235968713386,再平衡移出,top10,size
2008-01-02,6101,sell,87521.97937337549,293.63624079767476,再平衡移出,top10,size
2008-01-02,6190,sell,81021.12257019014,271.82586622298794,再平衡移出,top10,size
2008-01-02,1529,buy,72236.37844012938,170.1166712265047,再平衡買進,top10,size
2008-01-02,1731,buy,72236.37844012938,170.1166712265047,再平衡買進,top10,size
2008-01-02,4106,buy,72236.37844012938,170.1166712265047,再平衡買進,top10,size
2008-01-02,1514,buy,72236.37844012938,170.1166712265047,再平衡買進,top10,size
2008-01-02,2406,buy,72236.37844012938,170.1166712265047,再平衡買進,top10,size
2008-01-02,1467,buy,72236.37844012938,170.1166712265047,再平衡買進,top10,size
2008-01-02,3050,buy,72236.37844012938,170.1166712265047,再平衡買進,top10,size
2008-01-02,6269,buy,72236.37844012938,170.1166712265047,再平衡買進,top10,size
2008-01-02,2437,buy,72236.37844012938,170.1166712265047,再平衡買進,top10,size
2008-01-02,1537,buy,72236.37844012938,170.1166712265047,再平衡買進,top10,size
2009-01-05,1529,sell,15179.532515046541,57.94883128761636,再平衡移出,top10,size
2009-01-05,1731,sell,61787.49694532022,207.29705225154933,再平衡移出,top10,size
2009-01-05,4106,sell,57734.26462533903,193.69845781801243,再平衡移出,top10,size
2009-01-05,1514,sell,39316.79315919195,131.907841049089,再平衡移出,top10,size
2009-01-05,2406,sell,27756.348930663888,93.12255066237734,再平衡移出,top10,size
2009-01-05,1467,sell,28758.57566417976,96.4850213533231,再平衡移出,top10,size
2009-01-05,3050,sell,35558.271940430626,119.29800236014475,再平衡移出,top10,size
2009-01-05,6269,sell,41048.537812713206,137.71784436165282,再平衡移出,top10,size
2009-01-05,2437,sell,32957.35617806964,110.57192997742365,再平衡移出,top10,size
2009-01-05,1537,sell,29414.255385123084,98.68482681708795,再平衡移出,top10,size
2009-01-05,5211,buy,36739.947503443334,86.52257637060906,再平衡買進,top10,size
2009-01-05,6187,buy,36739.947503443334,86.52257637060906,再平衡買進,top10,size
2009-01-05,3288,buy,36739.947503443334,86.52257637060906,再平衡買進,top10,size
2009-01-05,3490,buy,36739.947503443334,86.52257637060906,再平衡買進,top10,size
2009-01-05,1721,buy,36739.947503443334,86.52257637060906,再平衡買進,top10,size
2009-01-05,1410,buy,36739.947503443334,86.52257637060906,再平衡買進,top10,size
2009-01-05,5013,buy,36739.947503443334,86.52257637060906,再平衡買進,top10,size
2009-01-05,6265,buy,36739.947503443334,86.52257637060906,再平衡買進,top10,size
2009-01-05,6289,buy,36739.947503443334,86.52257637060906,再平衡買進,top10,size
2009-01-05,3086,buy,36739.947503443334,86.52257637060906,再平衡買進,top10,size
2010-01-04,5211,sell,128069.79274225603,429.674154650269,再平衡移出,top10,size
2010-01-04,6187,sell,130061.769973274,436.35723826033427,再平衡移出,top10,size
2010-01-04,3288,sell,92146.1100047233,309.1501990658467,再平衡移出,top10,size
2010-01-04,3490,sell,55303.947776965586,185.54474479171952,再平衡移出,top10,size
2010-01-04,1721,sell,78242.7608925979,262.504462794666,再平衡移出,top10,size
2010-01-04,1410,sell,77859.540942682,261.2187598626981,再平衡移出,top10,size
2010-01-04,5013,sell,49251.6549182926,165.23930225087167,再平衡移出,top10,size
2010-01-04,6265,sell,69902.18187510174,234.52182019096637,再平衡移出,top10,size
2010-01-04,6289,sell,111359.52271614995,373.61119871268306,再平衡移出,top10,size
2010-01-04,3086,sell,52357.48938192679,175.65937687636438,再平衡移出,top10,size
2010-01-04,6151,buy,83974.36935681605,197.7596398353018,再平衡買進,top10,size
2010-01-04,5403,buy,83974.36935681605,197.7596398353018,再平衡買進,top10,size
2010-01-04,3128,buy,83974.36935681605,197.7596398353018,再平衡買進,top10,size
2010-01-04,6226,buy,83974.36935681605,197.7596398353018,再平衡買進,top10,size
2010-01-04,3402,buy,83974.36935681605,197.7596398353018,再平衡買進,top10,size
2010-01-04,5443,buy,83974.36935681605,197.7596398353018,再平衡買進,top10,size
2010-01-04,3011,buy,83974.36935681605,197.7596398353018,再平衡買進,top10,size
2010-01-04,6283,buy,83974.36935681605,197.7596398353018,再平衡買進,top10,size
2010-01-04,3025,buy,83974.36935681605,197.7596398353018,再平衡買進,top10,size
2010-01-04,5205,buy,83974.36935681605,197.7596398353018,再平衡買進,top10,size
2011-01-03,6151,sell,223614.69653810989,750.2273068853588,再平衡移出,top10,size
2011-01-03,5403,sell,90329.10812378663,303.0541577553042,再平衡移出,top10,size
2011-01-03,3128,sell,55733.354748938524,186.98540518268877,再平衡移出,top10,size
2011-01-03,6226,sell,77063.51397889062,258.548089399178,再平衡移出,top10,size
2011-01-03,3402,sell,75062.50516646134,251.83470483347782,再平衡移出,top10,size
2011-01-03,5443,sell,59605.73252635475,199.97723262592018,再平衡移出,top10,size
2011-01-03,3011,sell,60208.13866988674,201.99830523747002,再平衡移出,top10,size
2011-01-03,6283,sell,60895.47490912469,204.30431832011334,再平衡移出,top10,size
2011-01-03,3025,sell,64865.72534400383,217.62450852913284,再平衡移出,top10,size
2011-01-03,5205,sell,53114.136085144404,178.19792656565946,再平衡移出,top10,size
2011-01-03,3232,buy,81581.83818461193,192.12522892476107,再平衡買進,top10,size
2011-01-03,6275,buy,81581.83818461193,192.12522892476107,再平衡買進,top10,size
2011-01-03,3206,buy,81581.83818461193,192.12522892476107,再平衡買進,top10,size
2011-01-03,4127,buy,81581.83818461193,192.12522892476107,再平衡買進,top10,size
2011-01-03,6113,buy,81581.83818461193,192.12522892476107,再平衡買進,top10,size
2011-01-03,1213,buy,81581.83818461193,192.12522892476107,再平衡買進,top10,size
2011-01-03,4111,buy,81581.83818461193,192.12522892476107,再平衡買進,top10,size
2011-01-03,4109,buy,81581.83818461193,192.12522892476107,再平衡買進,top10,size
2011-01-03,2471,buy,81581.83818461193,192.12522892476107,再平衡買進,top10,size
2011-01-03,2364,buy,81581.83818461193,192.12522892476107,再平衡買進,top10,size
2012-01-02,3232,sell,27196.717413569135,91.24498692252445,再平衡移出,top10,size
2012-01-02,6275,sell,39575.048527474784,132.7742878096779,再平衡移出,top10,size
2012-01-02,3206,sell,42836.23962647753,143.7155839468321,再平衡移出,top10,size
2012-01-02,4127,sell,42491.54699314675,142.55914016200737,再平衡移出,top10,size
2012-01-02,6113,sell,33205.15890242786,111.40330811764547,再平衡移出,top10,size
2012-01-02,1213,sell,55345.28794814445,185.6834410660246,再平衡移出,top10,size
2012-01-02,4111,sell,44766.144005048365,150.19041313693725,再平衡移出,top10,size
2012-01-02,4109,sell,45557.106157974886,152.84409116000575,再平衡移出,top10,size
2012-01-02,2471,sell,232.45677180271014,20.581141929506774,再平衡減碼,top10,size
2012-01-02,2364,sell,54848.310253940675,184.01608090197098,再平衡移出,top10,size
2012-01-02,5205,buy,42648.34139211644,100.43684397843421,再平衡買進,top10,size
2012-01-02,3521,buy,42648.34139211644,100.43684397843421,再平衡買進,top10,size
2012-01-02,2221,buy,42648.34139211644,100.43684397843421,再平衡買進,top10,size
2012-01-02,3535,buy,42648.34139211644,100.43684397843421,再平衡買進,top10,size
2012-01-02,3623,buy,42648.34139211644,100.43684397843421,再平衡買進,top10,size
2012-01-02,3537,buy,42648.34139211644,100.43684397843421,再平衡買進,top10,size
2012-01-02,6276,buy,42648.34139211644,100.43684397843421,再平衡買進,top10,size
2012-01-02,1441,buy,42648.34139211644,100.43684397843421,再平衡買進,top10,size
2012-01-02,5410,buy,42648.34139211644,100.43684397843421,再平衡買進,top10,size
2013-01-02,2471,sell,51506.113962144045,172.80301234299327,再平衡移出,top10,size
2013-01-02,5205,sell,15375.461552896004,58.43865388224001,再平衡移出,top10,size
2013-01-02,3521,sell,33428.05245156533,112.15111597500169,再平衡移出,top10,size
2013-01-02,2221,sell,36818.63605184941,123.52652395395477,再平衡移出,top10,size
2013-01-02,3535,sell,48306.478121862965,162.06823409885024,再平衡移出,top10,size
2013-01-02,3623,sell,35445.598407280566,118.9199826564263,再平衡移出,top10,size
2013-01-02,3537,sell,63555.6688911653,213.22926912985957,再平衡移出,top10,size
2013-01-02,6276,sell,73343.0849135739,246.06604988504043,再平衡移出,top10,size
2013-01-02,1441,sell,43683.828547283316,146.55924477613553,再平衡移出,top10,size
2013-01-02,5410,sell,47873.123971774105,160.6143309253021,再平衡移出,top10,size
2013-01-02,3073,buy,44676.95282148234,105.2142238945909,再平衡買進,top10,size
2013-01-02,1799,buy,44676.95282148234,105.2142238945909,再平衡買進,top10,size
2013-01-02,1316,buy,44676.95282148234,105.2142238945909,再平衡買進,top10,size
2013-01-02,3236,buy,44676.95282148234,105.2142238945909,再平衡買進,top10,size
2013-01-02,3489,buy,44676.95282148234,105.2142238945909,再平衡買進,top10,size
2013-01-02,8088,buy,44676.95282148234,105.2142238945909,再平衡買進,top10,size
2013-01-02,4903,buy,44676.95282148234,105.2142238945909,再平衡買進,top10,size
2013-01-02,1435,buy,44676.95282148234,105.2142238945909,再平衡買進,top10,size
2013-01-02,8080,buy,44676.95282148234,105.2142238945909,再平衡買進,top10,size
2013-01-02,3557,buy,44676.95282148234,105.2142238945909,再平衡買進,top10,size
2014-01-02,3073,sell,79994.52425055052,268.38162886059695,再平衡移出,top10,size
2014-01-02,1799,sell,12016.90313233056,50.0422578308264,再平衡減碼,top10,size
2014-01-02,1316,sell,47097.88442298613,158.01340223911848,再平衡移出,top10,size
2014-01-02,3236,sell,53453.839524182215,179.33763160363134,再平衡移出,top10,size
2014-01-02,3489,sell,72722.50649017544,243.9840092745386,再平衡移出,top10,size
2014-01-02,8088,sell,94082.0804425888,315.6453798848855,再平衡移出,top10,size
2014-01-02,4903,sell,46804.07859600545,157.0276836895983,再平衡移出,top10,size
2014-01-02,1435,sell,45536.55095864403,152.77512846625072,再平衡移出,top10,size
2014-01-02,8080,sell,66917.8046350253,224.5092345505099,再平衡移出,top10,size
2014-01-02,3557,sell,37196.52822618424,124.79435219884812,再平衡移出,top10,size
2014-01-02,3191,buy,61405.189663905265,144.6092216584969,再平衡買進,top10,size
2014-01-02,4414,buy,61405.189663905265,144.6092216584969,再平衡買進,top10,size
2014-01-02,3085,buy,61405.189663905265,144.6092216584969,再平衡買進,top10,size
2014-01-02,8071,buy,61405.189663905265,144.6092216584969,再平衡買進,top10,size
2014-01-02,1539,buy,61405.189663905265,144.6092216584969,再平衡買進,top10,size
2014-01-02,2719,buy,61405.189663905265,144.6092216584969,再平衡買進,top10,size
2014-01-02,6283,buy,61405.189663905265,144.6092216584969,再平衡買進,top10,size
2014-01-02,6215,buy,61405.189663905265,144.6092216584969,再平衡買進,top10,size
2014-01-02,1730,buy,61405.189663905265,144.6092216584969,再平衡買進,top10,size
2015-01-05,3085,sell,26112.5516348898,87.60761073505529,停牌於選股日，視同下市,top10,size
2015-01-05,1799,sell,104608.37164820507,350.961086879728,再平衡移出,top10,size
2015-01-05,3191,sell,62504.76080341861,209.70347249546944,再平衡移出,top10,size
2015-01-05,4414,sell,92337.58724902854,309.79260522049077,再平衡移出,top10,size
2015-01-05,8071,sell,42358.17923176911,142.11169132258536,再平衡移出,top10,size
2015-01-05,1539,sell,57452.66202521366,192.75368109459185,再平衡移出,top10,size
2015-01-05,2719,sell,41645.54471020029,139.72080250272197,再平衡移出,top10,size
2015-01-05,6283,sell,38852.93928799439,130.35161131122118,再平衡移出,top10,size
2015-01-05,6215,sell,90222.27516759261,302.6957331872732,再平衡移出,top10,size
2015-01-05,1730,sell,72543.25627271434,243.3826247949566,再平衡移出,top10,size
2015-01-05,6241,buy,62505.70377874927,147.20093239895454,再平衡買進,top10,size
2015-01-05,1732,buy,62505.70377874927,147.20093239895454,再平衡買進,top10,size
2015-01-05,4735,buy,62505.70377874927,147.20093239895454,再平衡買進,top10,size
2015-01-05,6113,buy,62505.70377874927,147.20093239895454,再平衡買進,top10,size
2015-01-05,5487,buy,62505.70377874927,147.20093239895454,再平衡買進,top10,size
2015-01-05,3580,buy,62505.70377874927,147.20093239895454,再平衡買進,top10,size
2015-01-05,8171,buy,62505.70377874927,147.20093239895454,再平衡買進,top10,size
2015-01-05,3202,buy,62505.70377874927,147.20093239895454,再平衡買進,top10,size
2015-01-05,3206,buy,62505.70377874927,147.20093239895454,再平衡買進,top10,size
2015-01-05,3018,buy,62505.70377874927,147.20093239895454,再平衡買進,top10,size
2007-01-02,2412,buy,99765.05329947972,234.94670052027476,再平衡買進,top10,lowvol
2007-01-02,6505,buy,99765.05329947972,234.94670052027476,再平衡買進,top10,lowvol
2007-01-02,1326,buy,99765.05329947972,234.94670052027476,再平衡買進,top10,lowvol
2007-01-02,2889,buy,99765.05329947972,234.94670052027476,再平衡買進,top10,lowvol
2007-01-02,1301,buy,99765.05329947972,234.94670052027476,再平衡買進,top10,lowvol
2007-01-02,1303,buy,99765.05329947972,234.94670052027476,再平衡買進,top10,lowvol
2007-01-02,2880,buy,99765.05329947972,234.94670052027476,再平衡買進,top10,lowvol
2007-01-02,2892,buy,99765.05329947972,234.94670052027476,再平衡買進,top10,lowvol
2007-01-02,2002,buy,99765.05329947972,234.94670052027476,再平衡買進,top10,lowvol
2007-01-02,1477,buy,99765.05329947972,234.94670052027476,再平衡買進,top10,lowvol
2008-01-02,2412,sell,114445.64230913189,383.9651299471375,停牌於選股日，視同下市,top10,lowvol
2008-01-02,6505,sell,138414.60375577104,464.3809956006118,再平衡移出,top10,lowvol
2008-01-02,1326,sell,158366.57040423056,531.3198437061935,再平衡移出,top10,lowvol
2008-01-02,1301,sell,173527.03927175657,582.1832167567433,再平衡移出,top10,lowvol
2008-01-02,1303,sell,164487.14458714362,551.8543700898668,再平衡移出,top10,lowvol
2008-01-02,2880,sell,89118.30437480444,298.9919111774689,再平衡移出,top10,lowvol
2008-01-02,2002,sell,138962.615722444,466.2195757487996,再平衡移出,top10,lowvol
2008-01-02,1477,sell,116010.62728977307,389.2156545571886,再平衡移出,top10,lowvol
2008-01-02,2820,buy,128800.52118378606,303.32522738781614,再平衡買進,top10,lowvol
2008-01-02,2892,buy,28623.087858070692,67.40737190575649,再平衡買進,top10,lowvol
2008-01-02,4904,buy,128800.52118378606,303.32522738781614,再平衡買進,top10,lowvol
2008-01-02,2886,buy,128800.52118378606,303.32522738781614,再平衡買進,top10,lowvol
2008-01-02,2464,buy,128800.52118378606,303.32522738781614,再平衡買進,top10,lowvol
2008-01-02,2834,buy,128800.52118378606,303.32522738781614,再平衡買進,top10,lowvol
2008-01-02,2404,buy,128800.52118378606,303.32522738781614,再平衡買進,top10,lowvol
2008-01-02,5854,buy,128800.52118378606,303.32522738781614,再平衡買進,top10,lowvol
2008-01-02,2889,buy,28077.0290945858,66.12140351774956,再平衡買進,top10,lowvol
2008-01-02,2884,buy,128800.52118378606,303.32522738781614,再平衡買進,top10,lowvol
2009-01-05,2889,sell,67641.47915996372,226.9371625816783,再平衡移出,top10,lowvol
2009-01-05,2892,sell,104665.85410427889,351.1539405198556,再平衡移出,top10,lowvol
2009-01-05,2820,sell,86324.5360859448,289.61881856834475,再平衡移出,top10,lowvol
2009-01-05,4904,sell,39487.92724448274,132.4819959052396,再平衡減碼,top10,lowvol
2009-01-05,2886,sell,81286.70268023173,272.7168874921774,再平衡移出,top10,lowvol
2009-01-05,2464,sell,64784.76277117186,217.35287909728157,再平衡移出,top10,lowvol
2009-01-05,2834,sell,93152.05997032064,312.5251612004257,再平衡移出,top10,lowvol
2009-01-05,2404,sell,60233.51397206559,202.08343937628007,再平衡移出,top10,lowvol
2009-01-05,5854,sell,111523.00759262049,374.15969047324177,再平衡移出,top10,lowvol
2009-01-05,2884,sell,74166.80983419108,248.8296469937111,再平衡移出,top10,lowvol
2009-01-05,2908,buy,86533.85652267389,203.78723211089698,再平衡買進,top10,lowvol
2009-01-05,1715,buy,86533.85652267389,203.78723211089698,再平衡買進,top10,lowvol
2009-01-05,2020,buy,86533.85652267389,203.78723211089698,再平衡買進,top10,lowvol
2009-01-05,2412,buy,86533.85652267389,203.78723211089698,再平衡買進,top10,lowvol
2009-01-05,1716,buy,86533.85652267389,203.78723211089698,再平衡買進,top10,lowvol
2009-01-05,8924,buy,86533.85652267389,203.78723211089698,再平衡買進,top10,lowvol
2009-01-05,3045,buy,86533.85652267389,203.78723211089698,再平衡買進,top10,lowvol
2009-01-05,1729,buy,86533.85652267389,203.78723211089698,再平衡買進,top10,lowvol
2009-01-05,1565,buy,86533.85652267389,203.78723211089698,再平衡買進,top10,lowvol
2010-01-04,1715,sell,87177.6102391853,292.4808823524667,再平衡移出,top10,lowvol
2010-01-04,2020,sell,209514.46572912842,702.9210325212258,再平衡移出,top10,lowvol
2010-01-04,1716,sell,115817.03992675341,388.5661689542577,再平衡移出,top10,lowvol
2010-01-04,8924,sell,134214.60329963168,450.28999407026424,再平衡移出,top10,lowvol
2010-01-04,1729,sell,143041.52795308878,479.90432628261283,再平衡移出,top10,lowvol
2010-01-04,1565,sell,159925.34201825812,536.5495224712561,再平衡移出,top10,lowvol
2010-01-04,2412,buy,12349.459947191062,38.5241899207866,再平衡買進,top10,lowvol
2010-01-04,3045,buy,4237.349393821205,26.356024090731808,再平衡買進,top10,lowvol
2010-01-04,4904,buy,33642.472107916314,79.22802181414292,再平衡買進,top10,lowvol
2010-01-04,8926,buy,128374.99154031,302.32310507743006,再平衡買進,top10,lowvol
2010-01-04,2912,buy,128374.99154031,302.32310507743006,再平衡買進,top10,lowvol
2010-01-04,1723,buy,128374.99154031,302.32310507743006,再平衡買進,top10,lowvol
2010-01-04,2908,buy,24345.266579520176,57.333102794770014,再平衡買進,top10,lowvol
2010-01-04,9917,buy,128374.99154031,302.32310507743006,再平衡買進,top10,lowvol
2010-01-04,6505,buy,128374.99154031,302.32310507743006,再平衡買進,top10,lowvol
2010-01-04,9937,buy,128374.99154031,302.32310507743006,再平衡買進,top10,lowvol
2011-01-03,2908,sell,173635.32655673003,582.5465205978292,再平衡移出,top10,lowvol
2011-01-03,2412,sell,4110.182049496623,30.27545512374156,再平衡減碼,top10,lowvol
2011-01-03,8926,sell,147922.73948806373,496.2807909824538,再平衡移出,top10,lowvol
2011-01-03,2912,sell,233921.09944797703,784.8052886479629,再平衡移出,top10,lowvol
2011-01-03,1723,sell,193954.07801604323,650.7159317438251,再平衡移出,top10,lowvol
2011-01-03,9917,sell,138671.00573494495,465.2412242407403,再平衡移出,top10,lowvol
2011-01-03,6505,sell,161604.00661206155,542.1814421834665,再平衡移出,top10,lowvol
2011-01-03,9937,sell,136955.29619750744,459.48501874263746,再平衡移出,top10,lowvol
2011-01-03,4904,buy,13527.204180673783,40.29080627101068,再平衡買進,top10,lowvol
2011-01-03,3045,buy,11226.61652406602,36.83992478609903,再平衡買進,top10,lowvol
2011-01-03,2820,buy,165600.19026546265,389.98844807516457,再平衡買進,top10,lowvol
2011-01-03,5608,buy,165600.19026546265,389.98844807516457,再平衡買進,top10,lowvol
2011-01-03,2002,buy,165600.19026546265,389.98844807516457,再平衡買進,top10,lowvol
2011-01-03,2605,buy,165600.19026546265,389.98844807516457,再平衡買進,top10,lowvol
2011-01-03,2450,buy,165600.19026546265,389.98844807516457,再平衡買進,top10,lowvol
2011-01-03,2612,buy,165600.19026546265,389.98844807516457,再平衡買進,top10,lowvol
2011-01-03,2330,buy,165600.19026546265,389.98844807516457,再平衡買進,top10,lowvol
2012-01-02,4904,sell,234705.38451835283,787.4365650590737,再平衡移出,top10,lowvol
2012-01-02,2412,sell,54174.40973468125,181.7551446598556,再平衡減碼,top10,lowvol
2012-01-02,3045,sell,236751.55802677345,794.3014771798249,再平衡移出,top10,lowvol
2012-01-02,2820,sell,170551.99917116476,572.2019572192578,再平衡移出,top10,lowvol
2012-01-02,2605,sell,129960.91015621586,436.01885357410424,再平衡移出,top10,lowvol
2012-01-02,2450,sell,263533.14529005496,884.1537024481345,再平衡移出,top10,lowvol
2012-01-02,2612,sell,107530.44298238037,360.7646362058862,再平衡移出,top10,lowvol
2012-01-02,2330,sell,182356.5547708594,611.8062412562333,再平衡移出,top10,lowvol
2012-01-02,9917,buy,182197.98280287476,429.0762495007701,再平衡買進,top10,lowvol
2012-01-02,9925,buy,182197.98280287476,429.0762495007701,再平衡買進,top10,lowvol
2012-01-02,9937,buy,182197.98280287476,429.0762495007701,再平衡買進,top10,lowvol
2012-01-02,6281,buy,182197.98280287476,429.0762495007701,再平衡買進,top10,lowvol
2012-01-02,1477,buy,182197.98280287476,429.0762495007701,再平衡買進,top10,lowvol
2012-01-02,8926,buy,182197.98280287476,429.0762495007701,再平衡買進,top10,lowvol
2012-01-02,2002,buy,27424.8862686418,64.58560716265144,再平衡買進,top10,lowvol
2012-01-02,5608,buy,68894.83349756064,162.24733288675532,再平衡買進,top10,lowvol
2012-01-02,1451,buy,182197.98280287476,429.0762495007701,再平衡買進,top10,lowvol
2013-01-02,5608,sell,174663.77709699539,585.9969721604195,再平衡移出,top10,lowvol
2013-01-02,9917,sell,229544.1890214069,770.1207541668202,再平衡移出,top10,lowvol
2013-01-02,9925,sell,252024.11632670852,845.5409102761071,再平衡移出,top10,lowvol
2013-01-02,9937,sell,195516.9205775649,655.9592685377302,再平衡移出,top10,lowvol
2013-01-02,6281,sell,242911.46106565488,814.9679518752721,再平衡移出,top10,lowvol
2013-01-02,1477,sell,257203.53441873647,862.9178579748609,再平衡移出,top10,lowvol
2013-01-02,8926,sell,197650.84445400117,663.118583143174,再平衡移出,top10,lowvol
2013-01-02,1451,sell,195015.2129276775,654.276039372358,再平衡移出,top10,lowvol
2013-01-02,2412,buy,28308.542997769284,66.66661875974665,再平衡買進,top10,lowvol
2013-01-02,1904,buy,210092.68290217308,494.7682682346176,再平衡買進,top10,lowvol
2013-01-02,2002,buy,25542.18672171948,60.151849729649385,再平衡買進,top10,lowvol
2013-01-02,5007,buy,210092.68290217308,494.7682682346176,再平衡買進,top10,lowvol
2013-01-02,2208,buy,210092.68290217308,494.7682682346176,再平衡買進,top10,lowvol
2013-01-02,5533,buy,210092.68290217308,494.7682682346176,再平衡買進,top10,lowvol
2013-01-02,1535,buy,210092.68290217308,494.7682682346176,再平衡買進,top10,lowvol
2013-01-02,6184,buy,210092.68290217308,494.7682682346176,再平衡買進,top10,lowvol
2013-01-02,1503,buy,210092.68290217308,494.7682682346176,再平衡買進,top10,lowvol
2013-01-02,6023,buy,210092.68290217308,494.7682682346176,再平衡買進,top10,lowvol
2014-01-02,2002,sell,208703.48239396917,700.2001834317666,再平衡移出,top10,lowvol
2014-01-02,1904,sell,257229.86097277954,863.0061835636753,再平衡移出,top10,lowvol
2014-01-02,5007,sell,370484.7210593564,1242.9762391541408,再平衡移出,top10,lowvol
2014-01-02,2208,sell,236802.91630919417,794.4737842173465,再平衡移出,top10,lowvol
2014-01-02,5533,sell,228006.8265524415,764.9629030834412,再平衡移出,top10,lowvol
2014-01-02,1535,sell,260677.25761500554,874.5721992983435,再平衡移出,top10,lowvol
2014-01-02,6184,sell,214260.49218136413,718.8439512684766,再平衡移出,top10,lowvol
2014-01-02,1503,sell,228634.89804253622,767.070082932709,再平衡移出,top10,lowvol
2014-01-02,6023,sell,240986.73036769987,808.5104803836331,再平衡移出,top10,lowvol
2014-01-02,5880,buy,245261.16153975236,577.5900354261169,再平衡買進,top10,lowvol
2014-01-02,2820,buy,245261.16153975236,577.5900354261169,再平衡買進,top10,lowvol
2014-01-02,2412,buy,25643.415067922062,60.39024248495646,再平衡買進,top10,lowvol
2014-01-02,2812,buy,245261.16153975236,577.5900354261169,再平衡買進,top10,lowvol
2014-01-02,3036,buy,245261.16153975236,577.5900354261169,再平衡買進,top10,lowvol
2014-01-02,2104,buy,245261.16153975236,577.5900354261169,再平衡買進,top10,lowvol
2014-01-02,2908,buy,245261.16153975236,577.5900354261169,再平衡買進,top10,lowvol
2014-01-02,9917,buy,245261.16153975236,577.5900354261169,再平衡買進,top10,lowvol
2014-01-02,2441,buy,245261.16153975236,577.5900354261169,再平衡買進,top10,lowvol
2014-01-02,2892,buy,245261.16153975236,577.5900354261169,再平衡買進,top10,lowvol
2015-01-05,3036,sell,359167.3407829129,1205.006428326673,再平衡移出,top10,lowvol
2015-01-05,2104,sell,297213.2464785245,997.1504419354497,再平衡移出,top10,lowvol
2015-01-05,2908,sell,241040.37121826372,808.6904454372748,再平衡移出,top10,lowvol
2015-01-05,2441,sell,363299.379985095,1218.8694198499936,再平衡移出,top10,lowvol
2015-01-05,2892,sell,269704.41300740716,904.8583056398511,再平衡移出,top10,lowvol
2015-01-05,2820,buy,32202.777078711748,75.83754002036616,再平衡買進,top10,lowvol
2015-01-05,2412,buy,23755.90203881383,55.94514930140657,再平衡買進,top10,lowvol
2015-01-05,2889,buy,281928.960225838,663.9427013318484,再平衡買進,top10,lowvol
2015-01-05,2834,buy,281928.960225838,663.9427013318484,再平衡買進,top10,lowvol
2015-01-05,2812,buy,35288.53229615788,83.1044935574518,再平衡買進,top10,lowvol
2015-01-05,5880,buy,20574.932495092216,50.86239874263833,再平衡買進,top10,lowvol
2015-01-05,6023,buy,281928.960225838,663.9427013318484,再平衡買進,top10,lowvol
2015-01-05,9917,buy,217.442141554493,20.32616321233174,再平衡買進,top10,lowvol
2015-01-05,5820,buy,281928.960225838,663.9427013318484,再平衡買進,top10,lowvol
2015-01-05,2845,buy,281928.960225838,663.9427013318484,再平衡買進,top10,lowvol
2007-01-02,2831,buy,99765.05329947972,234.94670052027476,再平衡買進,top10,value
2007-01-02,2396,buy,99765.05329947972,234.94670052027476,再平衡買進,top10,value
2007-01-02,2349,buy,99765.05329947972,234.94670052027476,再平衡買進,top10,value
2007-01-02,3050,buy,99765.05329947972,234.94670052027476,再平衡買進,top10,value
2007-01-02,2515,buy,99765.05329947972,234.94670052027476,再平衡買進,top10,value
2007-01-02,2887,buy,99765.05329947972,234.94670052027476,再平衡買進,top10,value
2007-01-02,1104,buy,99765.05329947972,234.94670052027476,再平衡買進,top10,value
2007-01-02,1409,buy,99765.05329947972,234.94670052027476,再平衡買進,top10,value
2007-01-02,1718,buy,99765.05329947972,234.94670052027476,再平衡買進,top10,value
2007-01-02,2323,buy,99765.05329947972,234.94670052027476,再平衡買進,top10,value
2007-01-19,2831,sell,41038.17449609141,137.68307543438667,下市出場,top10,value
2007-01-19,2396,buy,4517.7224630451,26.77658369456765,下市所得再分配,top10,value
2007-01-19,2349,buy,4517.7224630451,26.77658369456765,下市所得再分配,top10,value
2007-01-19,3050,buy,4517.7224630451,26.77658369456765,下市所得再分配,top10,value
2007-01-19,2515,buy,4517.7224630451,26.77658369456765,下市所得再分配,top10,value
2007-01-19,2887,buy,4517.7224630451,26.77658369456765,下市所得再分配,top10,value
2007-01-19,1104,buy,4517.7224630451,26.77658369456765,下市所得再分配,top10,value
2007-01-19,1409,buy,4517.7224630451,26.77658369456765,下市所得再分配,top10,value
2007-01-19,1718,buy,4517.7224630451,26.77658369456765,下市所得再分配,top10,value
2007-01-19,2323,buy,4517.7224630451,26.77658369456765,下市所得再分配,top10,value
2008-01-02,2396,sell,5575.090693930964,33.93772673482741,再平衡減碼,top10,value
2008-01-02,3050,sell,7531.097143849998,38.827742859625,再平衡減碼,top10,value
2008-01-02,2515,sell,20496.370141780557,71.24092535445139,再平衡減碼,top10,value
2008-01-02,1104,sell,12126.913798008463,50.317284495021156,再平衡減碼,top10,value
2008-01-02,1409,sell,127069.6724496154,426.3187510684597,再平衡移出,top10,value
2008-01-02,1718,sell,149915.1706337379,502.9653974761907,再平衡移出,top10,value
2008-01-02,2323,sell,5661.523709550107,34.15380927387527,再平衡減碼,top10,value
2008-01-02,2349,buy,11613.637999800063,37.42045699970009,再平衡買進,top10,value
2008-01-02,2887,buy,26683.362827569916,62.83931945892715,再平衡買進,top10,value
2008-01-02,2022,buy,96047.41378366688,226.1916594605355,再平衡買進,top10,value
2008-01-02,1447,buy,96047.41378366688,226.1916594605355,再平衡買進,top10,value
2008-01-02,2344,buy,96047.41378366688,226.1916594605355,再平衡買進,top10,value
2009-01-05,2396,sell,24493.600855660632,82.17603087074143,停牌於選股日，視同下市,top10,value
2009-01-05,2349,sell,883.9758753755814,22.209939688438954,再平衡減碼,top10,value
2009-01-05,3050,sell,47279.225955732654,158.62180308148305,再平衡移出,top10,value
2009-01-05,2515,sell,80961.38555195814,271.6254485268196,再平衡移出,top10,value
2009-01-05,1104,sell,107225.88085727689,359.74283027616394,再平衡移出,top10,value
2009-01-05,2323,sell,46346.781166599234,155.49345081394043,再平衡移出,top10,value
2009-01-05,2022,sell,73356.30368778786,246.11039887252826,再平衡移出,top10,value
2009-01-05,1447,sell,39605.40655768921,132.8761390010473,再平衡移出,top10,value
2009-01-05,2887,buy,11407.38661309205,37.11107991963807,再平衡買進,top10,value
2009-01-05,6120,buy,55039.08188499173,129.61703783915553,再平衡買進,top10,value
2009-01-05,2384,buy,55039.08188499173,129.61703783915553,再平衡買進,top10,value
2009-01-05,3095,buy,55039.08188499173,129.61703783915553,再平衡買進,top10,value
2009-01-05,2344,buy,21046.74419782446,51.57011629673669,再平衡買進,top10,value
2009-01-05,2492,buy,55039.08188499173,129.61703783915553,再平衡買進,top10,value
2009-01-05,2204,buy,55039.08188499173,129.61703783915553,再平衡買進,top10,value
2009-01-05,2316,buy,55039.08188499173,129.61703783915553,再平衡買進,top10,value
2009-01-05,3063,buy,55039.08188499173,129.61703783915553,再平衡買進,top10,value
2010-01-04,2349,sell,111015.98078287813,372.4586155265562,再平衡移出,top10,value
2010-01-04,2344,sell,164623.67920638004,552.312443737405,再平衡移出,top10,value
2010-01-04,6120,sell,419923.3643529466,1408.8428874041356,再平衡移出,top10,value
2010-01-04,2384,sell,242612.5337577645,813.9650507572999,再平衡移出,top10,value
2010-01-04,3095,sell,194892.59865292162,653.864668480552,再平衡移出,top10,value
2010-01-04,2492,sell,161414.97373945368,541.5472368958671,再平衡移出,top10,value
2010-01-04,2204,sell,138519.83467170777,464.73404532357955,再平衡移出,top10,value
2010-01-04,2316,sell,169053.18465446134,567.1734345157179,再平衡移出,top10,value
2010-01-04,3063,sell,196004.2483413327,657.5942531851713,再平衡移出,top10,value
2010-01-04,2887,buy,73647.09572841559,173.4389104404187,再平衡買進,top10,value
2010-01-04,1618,buy,190463.3888176859,448.5412806656502,再平衡買進,top10,value
2010-01-04,2323,buy,190463.3888176859,448.5412806656502,再平衡買進,top10,value
2010-01-04,2312,buy,190463.3888176859,448.5412806656502,再平衡買進,top10,value
2010-01-04,1902,buy,190463.3888176859,448.5412806656502,再平衡買進,top10,value
2010-01-04,1605,buy,190463.3888176859,448.5412806656502,再平衡買進,top10,value
2010-01-04,1718,buy,190463.3888176859,448.5412806656502,再平衡買進,top10,value
2010-01-04,2614,buy,190463.3888176859,448.5412806656502,再平衡買進,top10,value
2010-01-04,2820,buy,190463.3888176859,448.5412806656502,再平衡買進,top10,value
2010-01-04,2475,buy,190463.3888176859,448.5412806656502,再平衡買進,top10,value
2011-01-03,2887,sell,40408.7348445268,135.5713054033874,再平衡減碼,top10,value
2011-01-03,1902,sell,324760.0730417893,1089.570045055203,再平衡移出,top10,value
2011-01-03,1605,sell,282693.6817748066,948.4373023544761,再平衡移出,top10,value
2011-01-03,1718,sell,429986.1910477365,1442.603670965156,再平衡移出,top10,value
2011-01-03,2614,sell,190161.19647562454,637.9908141757203,再平衡移出,top10,value
2011-01-03,2820,sell,245524.06505509772,823.7332382598528,再平衡移出,top10,value
2011-01-03,2475,buy,49912.630851214635,117.54424565461048,再平衡買進,top10,value
2011-01-03,2323,buy,73977.08410964656,174.21603307821763,再平衡買進,top10,value
2011-01-03,1618,buy,61807.68718318408,145.55710331639852,再平衡買進,top10,value
2011-01-03,2023,buy,255939.42233715235,602.7373396039939,再平衡買進,top10,value
2011-01-03,2331,buy,255939.42233715235,602.7373396039939,再平衡買進,top10,value
2011-01-03,1604,buy,255939.42233715235,602.7373396039939,再平衡買進,top10,value
2011-01-03,2315,buy,255939.42233715235,602.7373396039939,再平衡買進,top10,value
2011-01-03,2312,buy,39517.45434850111,93.06360499072011,再平衡買進,top10,value
2011-01-03,2377,buy,255939.42233715235,602.7373396039939,再平衡買進,top10,value
2012-01-02,2887,sell,772.9190538451367,21.93229763461284,再平衡減碼,top10,value
2012-01-02,1618,sell,102690.27854807826,344.5258845288025,再平衡移出,top10,value
2012-01-02,2312,sell,148864.0569546443,499.4389110828316,再平衡移出,top10,value
2012-01-02,2023,sell,234733.60887334374,787.5312577700682,再平衡移出,top10,value
2012-01-02,1604,sell,234845.2498427039,787.9058132222715,再平衡移出,top10,value
2012-01-02,2315,sell,167377.55000972326,561.5516802826215,再平衡移出,top10,value
2012-01-02,2377,sell,194887.08528676655,653.8461711371017,再平衡移出,top10,value
2012-01-02,2475,buy,89965.27112187313,211.86821349201122,再平衡買進,top10,value
2012-01-02,5346,buy,160802.49808356355,378.68988298679216,再平衡買進,top10,value
2012-01-02,6116,buy,160802.49808356355,378.68988298679216,再平衡買進,top10,value
2012-01-02,2331,buy,19188.577056303184,48.782865584454775,再平衡買進,top10,value
2012-01-02,2492,buy,160802.49808356355,378.68988298679216,再平衡買進,top10,value
2012-01-02,3481,buy,160802.49808356355,378.68988298679216,再平衡買進,top10,value
2012-01-02,8105,buy,160802.49808356355,378.68988298679216,再平衡買進,top10,value
2012-01-02,2323,buy,3986.4098820690124,25.979614823103518,再平衡買進,top10,value
2012-01-02,2344,buy,160802.49808356355,378.68988298679216,再平衡買進,top10,value
2012-12-10,5346,sell,56739.78626926706,190.361982933391,下市出場,top10,value
2012-12-10,2887,buy,6253.888532349661,29.38083279852449,下市所得再分配,top10,value
2012-12-10,2323,buy,6253.888532349661,29.38083279852449,下市所得再分配,top10,value
2012-12-10,2475,buy,6253.888532349661,29.38083279852449,下市所得再分配,top10,value
2012-12-10,2331,buy,6253.888532349661,29.38083279852449,下市所得再分配,top10,value
2012-12-10,6116,buy,6253.888532349661,29.38083279852449,下市所得再分配,top10,value
2012-12-10,2492,buy,6253.888532349661,29.38083279852449,下市所得再分配,top10,value
2012-12-10,3481,buy,6253.888532349661,29.38083279852449,下市所得再分配,top10,value
2012-12-10,8105,buy,6253.888532349661,29.38083279852449,下市所得再分配,top10,value
2012-12-10,2344,buy,6253.888532349661,29.38083279852449,下市所得再分配,top10,value
2013-01-02,2887,sell,14884.149910372478,57.21037477593119,再平衡減碼,top10,value
2013-01-02,2475,sell,131947.3800320906,442.68346000766394,再平衡移出,top10,value
2013-01-02,2331,sell,303155.6108115627,1017.0870742727928,再平衡移出,top10,value
2013-01-02,6116,sell,147579.09033247564,495.12784806545574,再平衡減碼,top10,value
2013-01-02,3481,sell,222991.56777923965,748.136709899349,再平衡移出,top10,value
2013-01-02,8105,sell,11117.237166796025,47.79309291699006,再平衡減碼,top10,value
2013-01-02,2344,sell,206714.5470858728,693.5273054731033,再平衡移出,top10,value
2013-01-02,2492,buy,42317.838074588915,99.6585086656569,再平衡買進,top10,value
2013-01-02,2323,buy,25837.70562226075,60.84779674042407,再平衡買進,top10,value
2013-01-02,2349,buy,192860.20766110663,454.1857890419061,再平衡買進,top10,value
2013-01-02,3080,buy,192860.20766110663,454.1857890419061,再平衡買進,top10,value
2013-01-02,2368,buy,192860.20766110663,454.1857890419061,再平衡買進,top10,value
2013-01-02,5466,buy,192860.20766110663,454.1857890419061,再平衡買進,top10,value
2013-01-02,2312,buy,192860.20766110663,454.1857890419061,再平衡買進,top10,value
2013-01-21,3080,sell,198912.6452935963,667.3519249600156,下市出場,top10,value
2013-01-21,2887,buy,21974.29337866936,52.961440068004045,下市所得再分配,top10,value
2013-01-21,2323,buy,21974.29337866936,52.961440068004045,下市所得再分配,top10,value
2013-01-21,6116,buy,21974.29337866936,52.961440068004045,下市所得再分配,top10,value
2013-01-21,2492,buy,21974.29337866936,52.961440068004045,下市所得再分配,top10,value
2013-01-21,8105,buy,21974.29337866936,52.961440068004045,下市所得再分配,top10,value
2013-01-21,2349,buy,21974.29337866936,52.961440068004045,下市所得再分配,top10,value
2013-01-21,2368,buy,21974.29337866936,52.961440068004045,下市所得再分配,top10,value
2013-01-21,5466,buy,21974.29337866936,52.961440068004045,下市所得再分配,top10,value
2013-01-21,2312,buy,21974.29337866936,52.961440068004045,下市所得再分配,top10,value
2014-01-02,2887,sell,300695.65600390616,1008.8339258931051,再平衡移出,top10,value
2014-01-02,6116,sell,707607.7215049256,2374.0239056490254,再平衡移出,top10,value
2014-01-02,2492,sell,241770.43502761697,811.139809517655,再平衡移出,top10,value
2014-01-02,2368,sell,257362.92395551226,863.4526098707437,再平衡移出,top10,value
2014-01-02,5466,sell,416654.7354257651,1397.8766373534418,再平衡移出,top10,value
2014-01-02,2312,sell,366253.83793129586,1228.7816262594977,再平衡移出,top10,value
2014-01-02,2323,buy,83118.66315264546,195.74445172448006,再平衡買進,top10,value
2014-01-02,3622,buy,298222.2386267152,702.3133719659143,再平衡買進,top10,value
2014-01-02,1605,buy,298222.2386267152,702.3133719659143,再平衡買進,top10,value
2014-01-02,3481,buy,298222.2386267152,702.3133719659143,再平衡買進,top10,value
2014-01-02,2409,buy,298222.2386267152,702.3133719659143,再平衡買進,top10,value
2014-01-02,2371,buy,298222.2386267152,702.3133719659143,再平衡買進,top10,value
2014-01-02,2327,buy,298222.2386267152,702.3133719659143,再平衡買進,top10,value
2014-01-02,8105,buy,79082.40637216711,186.23906700645352,再平衡買進,top10,value
2014-01-02,2349,buy,27541.424246067763,64.86005409948959,再平衡買進,top10,value
2014-01-02,2380,buy,298222.2386267152,702.3133719659143,再平衡買進,top10,value
2015-01-05,8105,sell,408418.21790508466,1370.243121071559,再平衡移出,top10,value
2015-01-05,3481,sell,438214.7836898152,1470.2105992793302,再平衡移出,top10,value
2015-01-05,2409,sell,530267.3389159848,1779.0469220631292,再平衡移出,top10,value
2015-01-05,2327,sell,1365749.6262698437,4582.089996135325,再平衡移出,top10,value
2015-01-05,2380,sell,264974.4269216005,888.9892023219696,再平衡移出,top10,value
2015-01-05,2323,buy,155510.88610003504,366.2281367655825,再平衡買進,top10,value
2015-01-05,3622,buy,221850.09879693226,522.4569826667755,再平衡買進,top10,value
2015-01-05,2349,buy,197001.3486023087,463.938175958437,再平衡買進,top10,value
2015-01-05,5469,buy,434975.1208444058,1024.3664095885756,再平衡買進,top10,value
2015-01-05,3703,buy,434975.1208444058,1024.3664095885756,再平衡買進,top10,value
2015-01-05,3706,buy,434975.1208444058,1024.3664095885756,再平衡買進,top10,value
2015-01-05,1605,buy,127588.92217991018,300.47191173368844,再平衡買進,top10,value
2015-01-05,2023,buy,434975.1208444058,1024.3664095885756,再平衡買進,top10,value
2015-01-05,2371,buy,113664.34716759453,267.67953757968513,再平衡買進,top10,value
2015-01-05,1907,buy,434975.1208444058,1024.3664095885756,再平衡買進,top10,value
